Resolving dependencies...
Build profile: -w ghc-9.10.2 -O1
In order, the following will be built (use -v for more details):
 - safe-money-0.9.1 (lib) (first run)
 - safe-money-0.9.1 (test:test) (first run)
Configuring library for safe-money-0.9.1...
Preprocessing library for safe-money-0.9.1...
Building library for safe-money-0.9.1...
[1 of 2] Compiling Money.Internal
src/Money/Internal.hs:135:1: warning: [GHC-66111] [-Wunused-imports]
    The import of ‘Data.Monoid’ is redundant
      except perhaps to import instances from ‘Data.Monoid’
    To import instances alone, use: import Data.Monoid()
    |
135 | import Data.Monoid ((<>))
    | ^^^^^^^^^^^^^^^^^^^^^^^^^

src/Money/Internal.hs:1849:9: warning: [GHC-62161] [-Wincomplete-uni-patterns]
    Pattern match(es) are non-exhaustive
    In a pattern binding:
        Patterns of type ‘Maybe Separators’ not matched: Nothing
     |
1849 |     let Just out = mkSeparators ds yts
     |         ^^^^^^^^^^^^^^^^^^^^^^^^^^^^^^

[2 of 2] Compiling Money
src/Money.hs:137:1: warning: [GHC-90177] [-Worphans]
    Orphan family instance:
      type instance I.CurrencyScale "AED" = I.UnitScale "AED" "fils"
                      -- Defined at src/Money.hs:137:15
    Suggested fix:
      Move the instance declaration to the module of the type family or of the type, or
      wrap the type with a newtype and declare the instance on the new type.
    |
137 | type instance I.CurrencyScale "AED" = I.UnitScale "AED" "fils"
    | ^^^^^^^^^^^^^^^^^^^^^^^^^^^^^^^^^^^^^^^^^^^^^^^^^^^^^^^^^^^^^^

src/Money.hs:138:1: warning: [GHC-90177] [-Worphans]
    Orphan family instance:
      type instance I.UnitScale "AED" "dirham" = '(1, 1)
                      -- Defined at src/Money.hs:138:15
    Suggested fix:
      Move the instance declaration to the module of the type family or of the type, or
      wrap the type with a newtype and declare the instance on the new type.
    |
138 | type instance I.UnitScale "AED" "dirham" = '(1, 1)
    | ^^^^^^^^^^^^^^^^^^^^^^^^^^^^^^^^^^^^^^^^^^^^^^^^^^

src/Money.hs:139:1: warning: [GHC-90177] [-Worphans]
    Orphan family instance:
      type instance I.UnitScale "AED" "fils" = '(100, 1)
                      -- Defined at src/Money.hs:139:15
    Suggested fix:
      Move the instance declaration to the module of the type family or of the type, or
      wrap the type with a newtype and declare the instance on the new type.
    |
139 | type instance I.UnitScale "AED" "fils" = '(100, 1)
    | ^^^^^^^^^^^^^^^^^^^^^^^^^^^^^^^^^^^^^^^^^^^^^^^^^^

src/Money.hs:141:1: warning: [GHC-90177] [-Worphans]
    Orphan family instance:
      type instance I.CurrencyScale "AFN" = I.UnitScale "AFN" "pul"
                      -- Defined at src/Money.hs:141:15
    Suggested fix:
      Move the instance declaration to the module of the type family or of the type, or
      wrap the type with a newtype and declare the instance on the new type.
    |
141 | type instance I.CurrencyScale "AFN" = I.UnitScale "AFN" "pul"
    | ^^^^^^^^^^^^^^^^^^^^^^^^^^^^^^^^^^^^^^^^^^^^^^^^^^^^^^^^^^^^^

src/Money.hs:142:1: warning: [GHC-90177] [-Worphans]
    Orphan family instance:
      type instance I.UnitScale "AFN" "afghani" = '(1, 1)
                      -- Defined at src/Money.hs:142:15
    Suggested fix:
      Move the instance declaration to the module of the type family or of the type, or
      wrap the type with a newtype and declare the instance on the new type.
    |
142 | type instance I.UnitScale "AFN" "afghani" = '(1, 1)
    | ^^^^^^^^^^^^^^^^^^^^^^^^^^^^^^^^^^^^^^^^^^^^^^^^^^^

src/Money.hs:143:1: warning: [GHC-90177] [-Worphans]
    Orphan family instance:
      type instance I.UnitScale "AFN" "pul" = '(100, 1)
                      -- Defined at src/Money.hs:143:15
    Suggested fix:
      Move the instance declaration to the module of the type family or of the type, or
      wrap the type with a newtype and declare the instance on the new type.
    |
143 | type instance I.UnitScale "AFN" "pul" = '(100, 1)
    | ^^^^^^^^^^^^^^^^^^^^^^^^^^^^^^^^^^^^^^^^^^^^^^^^^

src/Money.hs:145:1: warning: [GHC-90177] [-Worphans]
    Orphan family instance:
      type instance I.CurrencyScale "ALL" = I.UnitScale "ALL" "lek"
                      -- Defined at src/Money.hs:145:15
    Suggested fix:
      Move the instance declaration to the module of the type family or of the type, or
      wrap the type with a newtype and declare the instance on the new type.
    |
145 | type instance I.CurrencyScale "ALL" = I.UnitScale "ALL" "lek"
    | ^^^^^^^^^^^^^^^^^^^^^^^^^^^^^^^^^^^^^^^^^^^^^^^^^^^^^^^^^^^^^

src/Money.hs:146:1: warning: [GHC-90177] [-Worphans]
    Orphan family instance:
      type instance I.UnitScale "ALL" "lek" = '(1, 1)
                      -- Defined at src/Money.hs:146:15
    Suggested fix:
      Move the instance declaration to the module of the type family or of the type, or
      wrap the type with a newtype and declare the instance on the new type.
    |
146 | type instance I.UnitScale "ALL" "lek" = '(1, 1)
    | ^^^^^^^^^^^^^^^^^^^^^^^^^^^^^^^^^^^^^^^^^^^^^^^

src/Money.hs:147:1: warning: [GHC-90177] [-Worphans]
    Orphan family instance:
      type instance I.UnitScale "ALL" "qindarke" = '(100, 1)
                      -- Defined at src/Money.hs:147:15
    Suggested fix:
      Move the instance declaration to the module of the type family or of the type, or
      wrap the type with a newtype and declare the instance on the new type.
    |
147 | type instance I.UnitScale "ALL" "qindarke" = '(100, 1)
    | ^^^^^^^^^^^^^^^^^^^^^^^^^^^^^^^^^^^^^^^^^^^^^^^^^^^^^^

src/Money.hs:149:1: warning: [GHC-90177] [-Worphans]
    Orphan family instance:
      type instance I.CurrencyScale "AMD" = I.UnitScale "AMD" "luma"
                      -- Defined at src/Money.hs:149:15
    Suggested fix:
      Move the instance declaration to the module of the type family or of the type, or
      wrap the type with a newtype and declare the instance on the new type.
    |
149 | type instance I.CurrencyScale "AMD" = I.UnitScale "AMD" "luma"
    | ^^^^^^^^^^^^^^^^^^^^^^^^^^^^^^^^^^^^^^^^^^^^^^^^^^^^^^^^^^^^^^

src/Money.hs:150:1: warning: [GHC-90177] [-Worphans]
    Orphan family instance:
      type instance I.UnitScale "AMD" "dram" = '(1, 1)
                      -- Defined at src/Money.hs:150:15
    Suggested fix:
      Move the instance declaration to the module of the type family or of the type, or
      wrap the type with a newtype and declare the instance on the new type.
    |
150 | type instance I.UnitScale "AMD" "dram" = '(1, 1)
    | ^^^^^^^^^^^^^^^^^^^^^^^^^^^^^^^^^^^^^^^^^^^^^^^^

src/Money.hs:151:1: warning: [GHC-90177] [-Worphans]
    Orphan family instance:
      type instance I.UnitScale "AMD" "luma" = '(100, 1)
                      -- Defined at src/Money.hs:151:15
    Suggested fix:
      Move the instance declaration to the module of the type family or of the type, or
      wrap the type with a newtype and declare the instance on the new type.
    |
151 | type instance I.UnitScale "AMD" "luma" = '(100, 1)
    | ^^^^^^^^^^^^^^^^^^^^^^^^^^^^^^^^^^^^^^^^^^^^^^^^^^

src/Money.hs:153:1: warning: [GHC-90177] [-Worphans]
    Orphan family instance:
      type instance I.CurrencyScale "ANG" = I.UnitScale "AMD" "cent"
                      -- Defined at src/Money.hs:153:15
    Suggested fix:
      Move the instance declaration to the module of the type family or of the type, or
      wrap the type with a newtype and declare the instance on the new type.
    |
153 | type instance I.CurrencyScale "ANG" = I.UnitScale "AMD" "cent"
    | ^^^^^^^^^^^^^^^^^^^^^^^^^^^^^^^^^^^^^^^^^^^^^^^^^^^^^^^^^^^^^^

src/Money.hs:154:1: warning: [GHC-90177] [-Worphans]
    Orphan family instance:
      type instance I.UnitScale "ANG" "guilder" = '(1, 1)
                      -- Defined at src/Money.hs:154:15
    Suggested fix:
      Move the instance declaration to the module of the type family or of the type, or
      wrap the type with a newtype and declare the instance on the new type.
    |
154 | type instance I.UnitScale "ANG" "guilder" = '(1, 1)
    | ^^^^^^^^^^^^^^^^^^^^^^^^^^^^^^^^^^^^^^^^^^^^^^^^^^^

src/Money.hs:155:1: warning: [GHC-90177] [-Worphans]
    Orphan family instance:
      type instance I.UnitScale "ANG" "cent" = '(100, 1)
                      -- Defined at src/Money.hs:155:15
    Suggested fix:
      Move the instance declaration to the module of the type family or of the type, or
      wrap the type with a newtype and declare the instance on the new type.
    |
155 | type instance I.UnitScale "ANG" "cent" = '(100, 1)
    | ^^^^^^^^^^^^^^^^^^^^^^^^^^^^^^^^^^^^^^^^^^^^^^^^^^

src/Money.hs:157:1: warning: [GHC-90177] [-Worphans]
    Orphan family instance:
      type instance I.CurrencyScale "AOA" = I.UnitScale "AOA" "centimo"
                      -- Defined at src/Money.hs:157:15
    Suggested fix:
      Move the instance declaration to the module of the type family or of the type, or
      wrap the type with a newtype and declare the instance on the new type.
    |
157 | type instance I.CurrencyScale "AOA" = I.UnitScale "AOA" "centimo"
    | ^^^^^^^^^^^^^^^^^^^^^^^^^^^^^^^^^^^^^^^^^^^^^^^^^^^^^^^^^^^^^^^^^

src/Money.hs:158:1: warning: [GHC-90177] [-Worphans]
    Orphan family instance:
      type instance I.UnitScale "AOA" "kwanza" = '(1, 1)
                      -- Defined at src/Money.hs:158:15
    Suggested fix:
      Move the instance declaration to the module of the type family or of the type, or
      wrap the type with a newtype and declare the instance on the new type.
    |
158 | type instance I.UnitScale "AOA" "kwanza" = '(1, 1)
    | ^^^^^^^^^^^^^^^^^^^^^^^^^^^^^^^^^^^^^^^^^^^^^^^^^^

src/Money.hs:159:1: warning: [GHC-90177] [-Worphans]
    Orphan family instance:
      type instance I.UnitScale "AOA" "centimo" = '(100, 1)
                      -- Defined at src/Money.hs:159:15
    Suggested fix:
      Move the instance declaration to the module of the type family or of the type, or
      wrap the type with a newtype and declare the instance on the new type.
    |
159 | type instance I.UnitScale "AOA" "centimo" = '(100, 1)
    | ^^^^^^^^^^^^^^^^^^^^^^^^^^^^^^^^^^^^^^^^^^^^^^^^^^^^^

src/Money.hs:161:1: warning: [GHC-90177] [-Worphans]
    Orphan family instance:
      type instance I.CurrencyScale "ARS" = I.UnitScale "ARS" "centavo"
                      -- Defined at src/Money.hs:161:15
    Suggested fix:
      Move the instance declaration to the module of the type family or of the type, or
      wrap the type with a newtype and declare the instance on the new type.
    |
161 | type instance I.CurrencyScale "ARS" = I.UnitScale "ARS" "centavo"
    | ^^^^^^^^^^^^^^^^^^^^^^^^^^^^^^^^^^^^^^^^^^^^^^^^^^^^^^^^^^^^^^^^^

src/Money.hs:162:1: warning: [GHC-90177] [-Worphans]
    Orphan family instance:
      type instance I.UnitScale "ARS" "peso" = '(1, 1)
                      -- Defined at src/Money.hs:162:15
    Suggested fix:
      Move the instance declaration to the module of the type family or of the type, or
      wrap the type with a newtype and declare the instance on the new type.
    |
162 | type instance I.UnitScale "ARS" "peso" = '(1, 1)
    | ^^^^^^^^^^^^^^^^^^^^^^^^^^^^^^^^^^^^^^^^^^^^^^^^

src/Money.hs:163:1: warning: [GHC-90177] [-Worphans]
    Orphan family instance:
      type instance I.UnitScale "ARS" "centavo" = '(100, 1)
                      -- Defined at src/Money.hs:163:15
    Suggested fix:
      Move the instance declaration to the module of the type family or of the type, or
      wrap the type with a newtype and declare the instance on the new type.
    |
163 | type instance I.UnitScale "ARS" "centavo" = '(100, 1)
    | ^^^^^^^^^^^^^^^^^^^^^^^^^^^^^^^^^^^^^^^^^^^^^^^^^^^^^

src/Money.hs:165:1: warning: [GHC-90177] [-Worphans]
    Orphan family instance:
      type instance I.CurrencyScale "AUD" = I.UnitScale "AUD" "cent"
                      -- Defined at src/Money.hs:165:15
    Suggested fix:
      Move the instance declaration to the module of the type family or of the type, or
      wrap the type with a newtype and declare the instance on the new type.
    |
165 | type instance I.CurrencyScale "AUD" = I.UnitScale "AUD" "cent"
    | ^^^^^^^^^^^^^^^^^^^^^^^^^^^^^^^^^^^^^^^^^^^^^^^^^^^^^^^^^^^^^^

src/Money.hs:166:1: warning: [GHC-90177] [-Worphans]
    Orphan family instance:
      type instance I.UnitScale "AUD" "dollar" = '(1, 1)
                      -- Defined at src/Money.hs:166:15
    Suggested fix:
      Move the instance declaration to the module of the type family or of the type, or
      wrap the type with a newtype and declare the instance on the new type.
    |
166 | type instance I.UnitScale "AUD" "dollar" = '(1, 1)
    | ^^^^^^^^^^^^^^^^^^^^^^^^^^^^^^^^^^^^^^^^^^^^^^^^^^

src/Money.hs:167:1: warning: [GHC-90177] [-Worphans]
    Orphan family instance:
      type instance I.UnitScale "AUD" "cent" = '(100, 1)
                      -- Defined at src/Money.hs:167:15
    Suggested fix:
      Move the instance declaration to the module of the type family or of the type, or
      wrap the type with a newtype and declare the instance on the new type.
    |
167 | type instance I.UnitScale "AUD" "cent" = '(100, 1)
    | ^^^^^^^^^^^^^^^^^^^^^^^^^^^^^^^^^^^^^^^^^^^^^^^^^^

src/Money.hs:169:1: warning: [GHC-90177] [-Worphans]
    Orphan family instance:
      type instance I.CurrencyScale "AWG" = I.UnitScale "AWG" "cent"
                      -- Defined at src/Money.hs:169:15
    Suggested fix:
      Move the instance declaration to the module of the type family or of the type, or
      wrap the type with a newtype and declare the instance on the new type.
    |
169 | type instance I.CurrencyScale "AWG" = I.UnitScale "AWG" "cent"
    | ^^^^^^^^^^^^^^^^^^^^^^^^^^^^^^^^^^^^^^^^^^^^^^^^^^^^^^^^^^^^^^

src/Money.hs:170:1: warning: [GHC-90177] [-Worphans]
    Orphan family instance:
      type instance I.UnitScale "AWG" "florin" = '(1, 1)
                      -- Defined at src/Money.hs:170:15
    Suggested fix:
      Move the instance declaration to the module of the type family or of the type, or
      wrap the type with a newtype and declare the instance on the new type.
    |
170 | type instance I.UnitScale "AWG" "florin" = '(1, 1)
    | ^^^^^^^^^^^^^^^^^^^^^^^^^^^^^^^^^^^^^^^^^^^^^^^^^^

src/Money.hs:171:1: warning: [GHC-90177] [-Worphans]
    Orphan family instance:
      type instance I.UnitScale "AWG" "cent" = '(100, 1)
                      -- Defined at src/Money.hs:171:15
    Suggested fix:
      Move the instance declaration to the module of the type family or of the type, or
      wrap the type with a newtype and declare the instance on the new type.
    |
171 | type instance I.UnitScale "AWG" "cent" = '(100, 1)
    | ^^^^^^^^^^^^^^^^^^^^^^^^^^^^^^^^^^^^^^^^^^^^^^^^^^

src/Money.hs:173:1: warning: [GHC-90177] [-Worphans]
    Orphan family instance:
      type instance I.CurrencyScale "AZN" = I.UnitScale "AZN" "qapik"
                      -- Defined at src/Money.hs:173:15
    Suggested fix:
      Move the instance declaration to the module of the type family or of the type, or
      wrap the type with a newtype and declare the instance on the new type.
    |
173 | type instance I.CurrencyScale "AZN" = I.UnitScale "AZN" "qapik"
    | ^^^^^^^^^^^^^^^^^^^^^^^^^^^^^^^^^^^^^^^^^^^^^^^^^^^^^^^^^^^^^^^

src/Money.hs:174:1: warning: [GHC-90177] [-Worphans]
    Orphan family instance:
      type instance I.UnitScale "AZN" "manat" = '(1, 1)
                      -- Defined at src/Money.hs:174:15
    Suggested fix:
      Move the instance declaration to the module of the type family or of the type, or
      wrap the type with a newtype and declare the instance on the new type.
    |
174 | type instance I.UnitScale "AZN" "manat" = '(1, 1)
    | ^^^^^^^^^^^^^^^^^^^^^^^^^^^^^^^^^^^^^^^^^^^^^^^^^

src/Money.hs:175:1: warning: [GHC-90177] [-Worphans]
    Orphan family instance:
      type instance I.UnitScale "AZN" "qapik" = '(100, 1)
                      -- Defined at src/Money.hs:175:15
    Suggested fix:
      Move the instance declaration to the module of the type family or of the type, or
      wrap the type with a newtype and declare the instance on the new type.
    |
175 | type instance I.UnitScale "AZN" "qapik" = '(100, 1)
    | ^^^^^^^^^^^^^^^^^^^^^^^^^^^^^^^^^^^^^^^^^^^^^^^^^^^

src/Money.hs:177:1: warning: [GHC-90177] [-Worphans]
    Orphan family instance:
      type instance I.CurrencyScale "BAM" = I.UnitScale "BAM" "fenig"
                      -- Defined at src/Money.hs:177:15
    Suggested fix:
      Move the instance declaration to the module of the type family or of the type, or
      wrap the type with a newtype and declare the instance on the new type.
    |
177 | type instance I.CurrencyScale "BAM" = I.UnitScale "BAM" "fenig"
    | ^^^^^^^^^^^^^^^^^^^^^^^^^^^^^^^^^^^^^^^^^^^^^^^^^^^^^^^^^^^^^^^

src/Money.hs:178:1: warning: [GHC-90177] [-Worphans]
    Orphan family instance:
      type instance I.UnitScale "BAM" "mark" = '(1, 1)
                      -- Defined at src/Money.hs:178:15
    Suggested fix:
      Move the instance declaration to the module of the type family or of the type, or
      wrap the type with a newtype and declare the instance on the new type.
    |
178 | type instance I.UnitScale "BAM" "mark" = '(1, 1)
    | ^^^^^^^^^^^^^^^^^^^^^^^^^^^^^^^^^^^^^^^^^^^^^^^^

src/Money.hs:179:1: warning: [GHC-90177] [-Worphans]
    Orphan family instance:
      type instance I.UnitScale "BAM" "fening" = '(100, 1)
                      -- Defined at src/Money.hs:179:15
    Suggested fix:
      Move the instance declaration to the module of the type family or of the type, or
      wrap the type with a newtype and declare the instance on the new type.
    |
179 | type instance I.UnitScale "BAM" "fening" = '(100, 1)
    | ^^^^^^^^^^^^^^^^^^^^^^^^^^^^^^^^^^^^^^^^^^^^^^^^^^^^

src/Money.hs:181:1: warning: [GHC-90177] [-Worphans]
    Orphan family instance:
      type instance I.CurrencyScale "BBD" = I.UnitScale "BBD" "cent"
                      -- Defined at src/Money.hs:181:15
    Suggested fix:
      Move the instance declaration to the module of the type family or of the type, or
      wrap the type with a newtype and declare the instance on the new type.
    |
181 | type instance I.CurrencyScale "BBD" = I.UnitScale "BBD" "cent"
    | ^^^^^^^^^^^^^^^^^^^^^^^^^^^^^^^^^^^^^^^^^^^^^^^^^^^^^^^^^^^^^^

src/Money.hs:182:1: warning: [GHC-90177] [-Worphans]
    Orphan family instance:
      type instance I.UnitScale "BBD" "dollar" = '(1, 1)
                      -- Defined at src/Money.hs:182:15
    Suggested fix:
      Move the instance declaration to the module of the type family or of the type, or
      wrap the type with a newtype and declare the instance on the new type.
    |
182 | type instance I.UnitScale "BBD" "dollar" = '(1, 1)
    | ^^^^^^^^^^^^^^^^^^^^^^^^^^^^^^^^^^^^^^^^^^^^^^^^^^

src/Money.hs:183:1: warning: [GHC-90177] [-Worphans]
    Orphan family instance:
      type instance I.UnitScale "BBD" "cent" = '(100, 1)
                      -- Defined at src/Money.hs:183:15
    Suggested fix:
      Move the instance declaration to the module of the type family or of the type, or
      wrap the type with a newtype and declare the instance on the new type.
    |
183 | type instance I.UnitScale "BBD" "cent" = '(100, 1)
    | ^^^^^^^^^^^^^^^^^^^^^^^^^^^^^^^^^^^^^^^^^^^^^^^^^^

src/Money.hs:185:1: warning: [GHC-90177] [-Worphans]
    Orphan family instance:
      type instance I.CurrencyScale "BDT" = I.UnitScale "BDT" "paisa"
                      -- Defined at src/Money.hs:185:15
    Suggested fix:
      Move the instance declaration to the module of the type family or of the type, or
      wrap the type with a newtype and declare the instance on the new type.
    |
185 | type instance I.CurrencyScale "BDT" = I.UnitScale "BDT" "paisa"
    | ^^^^^^^^^^^^^^^^^^^^^^^^^^^^^^^^^^^^^^^^^^^^^^^^^^^^^^^^^^^^^^^

src/Money.hs:186:1: warning: [GHC-90177] [-Worphans]
    Orphan family instance:
      type instance I.UnitScale "BDT" "taka" = '(1, 1)
                      -- Defined at src/Money.hs:186:15
    Suggested fix:
      Move the instance declaration to the module of the type family or of the type, or
      wrap the type with a newtype and declare the instance on the new type.
    |
186 | type instance I.UnitScale "BDT" "taka" = '(1, 1)
    | ^^^^^^^^^^^^^^^^^^^^^^^^^^^^^^^^^^^^^^^^^^^^^^^^

src/Money.hs:187:1: warning: [GHC-90177] [-Worphans]
    Orphan family instance:
      type instance I.UnitScale "BDT" "paisa" = '(100, 1)
                      -- Defined at src/Money.hs:187:15
    Suggested fix:
      Move the instance declaration to the module of the type family or of the type, or
      wrap the type with a newtype and declare the instance on the new type.
    |
187 | type instance I.UnitScale "BDT" "paisa" = '(100, 1)
    | ^^^^^^^^^^^^^^^^^^^^^^^^^^^^^^^^^^^^^^^^^^^^^^^^^^^

src/Money.hs:189:1: warning: [GHC-90177] [-Worphans]
    Orphan family instance:
      type instance I.CurrencyScale "BGN" = I.UnitScale "BGN" "stotinka"
                      -- Defined at src/Money.hs:189:15
    Suggested fix:
      Move the instance declaration to the module of the type family or of the type, or
      wrap the type with a newtype and declare the instance on the new type.
    |
189 | type instance I.CurrencyScale "BGN" = I.UnitScale "BGN" "stotinka"
    | ^^^^^^^^^^^^^^^^^^^^^^^^^^^^^^^^^^^^^^^^^^^^^^^^^^^^^^^^^^^^^^^^^^

src/Money.hs:190:1: warning: [GHC-90177] [-Worphans]
    Orphan family instance:
      type instance I.UnitScale "BGN" "lev" = '(1, 1)
                      -- Defined at src/Money.hs:190:15
    Suggested fix:
      Move the instance declaration to the module of the type family or of the type, or
      wrap the type with a newtype and declare the instance on the new type.
    |
190 | type instance I.UnitScale "BGN" "lev" = '(1, 1)
    | ^^^^^^^^^^^^^^^^^^^^^^^^^^^^^^^^^^^^^^^^^^^^^^^

src/Money.hs:191:1: warning: [GHC-90177] [-Worphans]
    Orphan family instance:
      type instance I.UnitScale "BGN" "stotinka" = '(100, 1)
                      -- Defined at src/Money.hs:191:15
    Suggested fix:
      Move the instance declaration to the module of the type family or of the type, or
      wrap the type with a newtype and declare the instance on the new type.
    |
191 | type instance I.UnitScale "BGN" "stotinka" = '(100, 1)
    | ^^^^^^^^^^^^^^^^^^^^^^^^^^^^^^^^^^^^^^^^^^^^^^^^^^^^^^

src/Money.hs:193:1: warning: [GHC-90177] [-Worphans]
    Orphan family instance:
      type instance I.CurrencyScale "BHD" = I.UnitScale "BHD" "fils"
                      -- Defined at src/Money.hs:193:15
    Suggested fix:
      Move the instance declaration to the module of the type family or of the type, or
      wrap the type with a newtype and declare the instance on the new type.
    |
193 | type instance I.CurrencyScale "BHD" = I.UnitScale "BHD" "fils"
    | ^^^^^^^^^^^^^^^^^^^^^^^^^^^^^^^^^^^^^^^^^^^^^^^^^^^^^^^^^^^^^^

src/Money.hs:194:1: warning: [GHC-90177] [-Worphans]
    Orphan family instance:
      type instance I.UnitScale "BHD" "dinar" = '(1, 1)
                      -- Defined at src/Money.hs:194:15
    Suggested fix:
      Move the instance declaration to the module of the type family or of the type, or
      wrap the type with a newtype and declare the instance on the new type.
    |
194 | type instance I.UnitScale "BHD" "dinar" = '(1, 1)
    | ^^^^^^^^^^^^^^^^^^^^^^^^^^^^^^^^^^^^^^^^^^^^^^^^^

src/Money.hs:195:1: warning: [GHC-90177] [-Worphans]
    Orphan family instance:
      type instance I.UnitScale "BHD" "fils" = '(1000, 1)
                      -- Defined at src/Money.hs:195:15
    Suggested fix:
      Move the instance declaration to the module of the type family or of the type, or
      wrap the type with a newtype and declare the instance on the new type.
    |
195 | type instance I.UnitScale "BHD" "fils" = '(1000, 1)
    | ^^^^^^^^^^^^^^^^^^^^^^^^^^^^^^^^^^^^^^^^^^^^^^^^^^^

src/Money.hs:197:1: warning: [GHC-90177] [-Worphans]
    Orphan family instance:
      type instance I.CurrencyScale "BIF" = I.UnitScale "BIF" "centime"
                      -- Defined at src/Money.hs:197:15
    Suggested fix:
      Move the instance declaration to the module of the type family or of the type, or
      wrap the type with a newtype and declare the instance on the new type.
    |
197 | type instance I.CurrencyScale "BIF" = I.UnitScale "BIF" "centime"
    | ^^^^^^^^^^^^^^^^^^^^^^^^^^^^^^^^^^^^^^^^^^^^^^^^^^^^^^^^^^^^^^^^^

src/Money.hs:198:1: warning: [GHC-90177] [-Worphans]
    Orphan family instance:
      type instance I.UnitScale "BIF" "franc" = '(1, 1)
                      -- Defined at src/Money.hs:198:15
    Suggested fix:
      Move the instance declaration to the module of the type family or of the type, or
      wrap the type with a newtype and declare the instance on the new type.
    |
198 | type instance I.UnitScale "BIF" "franc" = '(1, 1)
    | ^^^^^^^^^^^^^^^^^^^^^^^^^^^^^^^^^^^^^^^^^^^^^^^^^

src/Money.hs:199:1: warning: [GHC-90177] [-Worphans]
    Orphan family instance:
      type instance I.UnitScale "BIF" "centime" = '(100, 1)
                      -- Defined at src/Money.hs:199:15
    Suggested fix:
      Move the instance declaration to the module of the type family or of the type, or
      wrap the type with a newtype and declare the instance on the new type.
    |
199 | type instance I.UnitScale "BIF" "centime" = '(100, 1)
    | ^^^^^^^^^^^^^^^^^^^^^^^^^^^^^^^^^^^^^^^^^^^^^^^^^^^^^

src/Money.hs:201:1: warning: [GHC-90177] [-Worphans]
    Orphan family instance:
      type instance I.CurrencyScale "BMD" = I.UnitScale "BMD" "cent"
                      -- Defined at src/Money.hs:201:15
    Suggested fix:
      Move the instance declaration to the module of the type family or of the type, or
      wrap the type with a newtype and declare the instance on the new type.
    |
201 | type instance I.CurrencyScale "BMD" = I.UnitScale "BMD" "cent"
    | ^^^^^^^^^^^^^^^^^^^^^^^^^^^^^^^^^^^^^^^^^^^^^^^^^^^^^^^^^^^^^^

src/Money.hs:202:1: warning: [GHC-90177] [-Worphans]
    Orphan family instance:
      type instance I.UnitScale "BMD" "dollar" = '(1, 1)
                      -- Defined at src/Money.hs:202:15
    Suggested fix:
      Move the instance declaration to the module of the type family or of the type, or
      wrap the type with a newtype and declare the instance on the new type.
    |
202 | type instance I.UnitScale "BMD" "dollar" = '(1, 1)
    | ^^^^^^^^^^^^^^^^^^^^^^^^^^^^^^^^^^^^^^^^^^^^^^^^^^

src/Money.hs:203:1: warning: [GHC-90177] [-Worphans]
    Orphan family instance:
      type instance I.UnitScale "BMD" "cent" = '(100, 1)
                      -- Defined at src/Money.hs:203:15
    Suggested fix:
      Move the instance declaration to the module of the type family or of the type, or
      wrap the type with a newtype and declare the instance on the new type.
    |
203 | type instance I.UnitScale "BMD" "cent" = '(100, 1)
    | ^^^^^^^^^^^^^^^^^^^^^^^^^^^^^^^^^^^^^^^^^^^^^^^^^^

src/Money.hs:205:1: warning: [GHC-90177] [-Worphans]
    Orphan family instance:
      type instance I.CurrencyScale "BND" = I.UnitScale "BND" "sen"
                      -- Defined at src/Money.hs:205:15
    Suggested fix:
      Move the instance declaration to the module of the type family or of the type, or
      wrap the type with a newtype and declare the instance on the new type.
    |
205 | type instance I.CurrencyScale "BND" = I.UnitScale "BND" "sen"
    | ^^^^^^^^^^^^^^^^^^^^^^^^^^^^^^^^^^^^^^^^^^^^^^^^^^^^^^^^^^^^^

src/Money.hs:206:1: warning: [GHC-90177] [-Worphans]
    Orphan family instance:
      type instance I.UnitScale "BND" "dollar" = '(1, 1)
                      -- Defined at src/Money.hs:206:15
    Suggested fix:
      Move the instance declaration to the module of the type family or of the type, or
      wrap the type with a newtype and declare the instance on the new type.
    |
206 | type instance I.UnitScale "BND" "dollar" = '(1, 1)
    | ^^^^^^^^^^^^^^^^^^^^^^^^^^^^^^^^^^^^^^^^^^^^^^^^^^

src/Money.hs:207:1: warning: [GHC-90177] [-Worphans]
    Orphan family instance:
      type instance I.UnitScale "BND" "sen" = '(100, 1)
                      -- Defined at src/Money.hs:207:15
    Suggested fix:
      Move the instance declaration to the module of the type family or of the type, or
      wrap the type with a newtype and declare the instance on the new type.
    |
207 | type instance I.UnitScale "BND" "sen" = '(100, 1)
    | ^^^^^^^^^^^^^^^^^^^^^^^^^^^^^^^^^^^^^^^^^^^^^^^^^

src/Money.hs:209:1: warning: [GHC-90177] [-Worphans]
    Orphan family instance:
      type instance I.CurrencyScale "BOB" = I.UnitScale "BOB" "centavo"
                      -- Defined at src/Money.hs:209:15
    Suggested fix:
      Move the instance declaration to the module of the type family or of the type, or
      wrap the type with a newtype and declare the instance on the new type.
    |
209 | type instance I.CurrencyScale "BOB" = I.UnitScale "BOB" "centavo"
    | ^^^^^^^^^^^^^^^^^^^^^^^^^^^^^^^^^^^^^^^^^^^^^^^^^^^^^^^^^^^^^^^^^

src/Money.hs:210:1: warning: [GHC-90177] [-Worphans]
    Orphan family instance:
      type instance I.UnitScale "BOB" "boliviano" = '(1, 1)
                      -- Defined at src/Money.hs:210:15
    Suggested fix:
      Move the instance declaration to the module of the type family or of the type, or
      wrap the type with a newtype and declare the instance on the new type.
    |
210 | type instance I.UnitScale "BOB" "boliviano" = '(1, 1)
    | ^^^^^^^^^^^^^^^^^^^^^^^^^^^^^^^^^^^^^^^^^^^^^^^^^^^^^

src/Money.hs:211:1: warning: [GHC-90177] [-Worphans]
    Orphan family instance:
      type instance I.UnitScale "BOB" "centavo" = '(100, 1)
                      -- Defined at src/Money.hs:211:15
    Suggested fix:
      Move the instance declaration to the module of the type family or of the type, or
      wrap the type with a newtype and declare the instance on the new type.
    |
211 | type instance I.UnitScale "BOB" "centavo" = '(100, 1)
    | ^^^^^^^^^^^^^^^^^^^^^^^^^^^^^^^^^^^^^^^^^^^^^^^^^^^^^

src/Money.hs:213:1: warning: [GHC-90177] [-Worphans]
    Orphan family instance:
      type instance I.CurrencyScale "BOV" = '(100, 1)
                      -- Defined at src/Money.hs:213:15
    Suggested fix:
      Move the instance declaration to the module of the type family or of the type, or
      wrap the type with a newtype and declare the instance on the new type.
    |
213 | type instance I.CurrencyScale "BOV" = '(100, 1)
    | ^^^^^^^^^^^^^^^^^^^^^^^^^^^^^^^^^^^^^^^^^^^^^^^

src/Money.hs:215:1: warning: [GHC-90177] [-Worphans]
    Orphan family instance:
      type instance I.CurrencyScale "BRL" = I.UnitScale "BRL" "centavo"
                      -- Defined at src/Money.hs:215:15
    Suggested fix:
      Move the instance declaration to the module of the type family or of the type, or
      wrap the type with a newtype and declare the instance on the new type.
    |
215 | type instance I.CurrencyScale "BRL" = I.UnitScale "BRL" "centavo"
    | ^^^^^^^^^^^^^^^^^^^^^^^^^^^^^^^^^^^^^^^^^^^^^^^^^^^^^^^^^^^^^^^^^

src/Money.hs:216:1: warning: [GHC-90177] [-Worphans]
    Orphan family instance:
      type instance I.UnitScale "BRL" "real" = '(1, 1)
                      -- Defined at src/Money.hs:216:15
    Suggested fix:
      Move the instance declaration to the module of the type family or of the type, or
      wrap the type with a newtype and declare the instance on the new type.
    |
216 | type instance I.UnitScale "BRL" "real" = '(1, 1)
    | ^^^^^^^^^^^^^^^^^^^^^^^^^^^^^^^^^^^^^^^^^^^^^^^^

src/Money.hs:217:1: warning: [GHC-90177] [-Worphans]
    Orphan family instance:
      type instance I.UnitScale "BRL" "centavo" = '(100, 1)
                      -- Defined at src/Money.hs:217:15
    Suggested fix:
      Move the instance declaration to the module of the type family or of the type, or
      wrap the type with a newtype and declare the instance on the new type.
    |
217 | type instance I.UnitScale "BRL" "centavo" = '(100, 1)
    | ^^^^^^^^^^^^^^^^^^^^^^^^^^^^^^^^^^^^^^^^^^^^^^^^^^^^^

src/Money.hs:219:1: warning: [GHC-90177] [-Worphans]
    Orphan family instance:
      type instance I.CurrencyScale "BSD" = I.UnitScale "BSD" "cent"
                      -- Defined at src/Money.hs:219:15
    Suggested fix:
      Move the instance declaration to the module of the type family or of the type, or
      wrap the type with a newtype and declare the instance on the new type.
    |
219 | type instance I.CurrencyScale "BSD" = I.UnitScale "BSD" "cent"
    | ^^^^^^^^^^^^^^^^^^^^^^^^^^^^^^^^^^^^^^^^^^^^^^^^^^^^^^^^^^^^^^

src/Money.hs:220:1: warning: [GHC-90177] [-Worphans]
    Orphan family instance:
      type instance I.UnitScale "BSD" "dollar" = '(1, 1)
                      -- Defined at src/Money.hs:220:15
    Suggested fix:
      Move the instance declaration to the module of the type family or of the type, or
      wrap the type with a newtype and declare the instance on the new type.
    |
220 | type instance I.UnitScale "BSD" "dollar" = '(1, 1)
    | ^^^^^^^^^^^^^^^^^^^^^^^^^^^^^^^^^^^^^^^^^^^^^^^^^^

src/Money.hs:221:1: warning: [GHC-90177] [-Worphans]
    Orphan family instance:
      type instance I.UnitScale "BSD" "cent" = '(100, 1)
                      -- Defined at src/Money.hs:221:15
    Suggested fix:
      Move the instance declaration to the module of the type family or of the type, or
      wrap the type with a newtype and declare the instance on the new type.
    |
221 | type instance I.UnitScale "BSD" "cent" = '(100, 1)
    | ^^^^^^^^^^^^^^^^^^^^^^^^^^^^^^^^^^^^^^^^^^^^^^^^^^

src/Money.hs:223:1: warning: [GHC-90177] [-Worphans]
    Orphan family instance:
      type instance I.CurrencyScale "BTN" = I.UnitScale "BTN" "chetrum"
                      -- Defined at src/Money.hs:223:15
    Suggested fix:
      Move the instance declaration to the module of the type family or of the type, or
      wrap the type with a newtype and declare the instance on the new type.
    |
223 | type instance I.CurrencyScale "BTN" = I.UnitScale "BTN" "chetrum"
    | ^^^^^^^^^^^^^^^^^^^^^^^^^^^^^^^^^^^^^^^^^^^^^^^^^^^^^^^^^^^^^^^^^

src/Money.hs:224:1: warning: [GHC-90177] [-Worphans]
    Orphan family instance:
      type instance I.UnitScale "BTN" "ngultrum" = '(1, 1)
                      -- Defined at src/Money.hs:224:15
    Suggested fix:
      Move the instance declaration to the module of the type family or of the type, or
      wrap the type with a newtype and declare the instance on the new type.
    |
224 | type instance I.UnitScale "BTN" "ngultrum" = '(1, 1)
    | ^^^^^^^^^^^^^^^^^^^^^^^^^^^^^^^^^^^^^^^^^^^^^^^^^^^^

src/Money.hs:225:1: warning: [GHC-90177] [-Worphans]
    Orphan family instance:
      type instance I.UnitScale "BTN" "chetrum" = '(100, 1)
                      -- Defined at src/Money.hs:225:15
    Suggested fix:
      Move the instance declaration to the module of the type family or of the type, or
      wrap the type with a newtype and declare the instance on the new type.
    |
225 | type instance I.UnitScale "BTN" "chetrum" = '(100, 1)
    | ^^^^^^^^^^^^^^^^^^^^^^^^^^^^^^^^^^^^^^^^^^^^^^^^^^^^^

src/Money.hs:227:1: warning: [GHC-90177] [-Worphans]
    Orphan family instance:
      type instance I.CurrencyScale "BWP" = I.UnitScale "BWP" "thebe"
                      -- Defined at src/Money.hs:227:15
    Suggested fix:
      Move the instance declaration to the module of the type family or of the type, or
      wrap the type with a newtype and declare the instance on the new type.
    |
227 | type instance I.CurrencyScale "BWP" = I.UnitScale "BWP" "thebe"
    | ^^^^^^^^^^^^^^^^^^^^^^^^^^^^^^^^^^^^^^^^^^^^^^^^^^^^^^^^^^^^^^^

src/Money.hs:228:1: warning: [GHC-90177] [-Worphans]
    Orphan family instance:
      type instance I.UnitScale "BWP" "pula" = '(1, 1)
                      -- Defined at src/Money.hs:228:15
    Suggested fix:
      Move the instance declaration to the module of the type family or of the type, or
      wrap the type with a newtype and declare the instance on the new type.
    |
228 | type instance I.UnitScale "BWP" "pula" = '(1, 1)
    | ^^^^^^^^^^^^^^^^^^^^^^^^^^^^^^^^^^^^^^^^^^^^^^^^

src/Money.hs:229:1: warning: [GHC-90177] [-Worphans]
    Orphan family instance:
      type instance I.UnitScale "BWP" "thebe" = '(100, 1)
                      -- Defined at src/Money.hs:229:15
    Suggested fix:
      Move the instance declaration to the module of the type family or of the type, or
      wrap the type with a newtype and declare the instance on the new type.
    |
229 | type instance I.UnitScale "BWP" "thebe" = '(100, 1)
    | ^^^^^^^^^^^^^^^^^^^^^^^^^^^^^^^^^^^^^^^^^^^^^^^^^^^

src/Money.hs:231:1: warning: [GHC-90177] [-Worphans]
    Orphan family instance:
      type instance I.CurrencyScale "BYN" = I.UnitScale "BYN" "kapiejka"
                      -- Defined at src/Money.hs:231:15
    Suggested fix:
      Move the instance declaration to the module of the type family or of the type, or
      wrap the type with a newtype and declare the instance on the new type.
    |
231 | type instance I.CurrencyScale "BYN" = I.UnitScale "BYN" "kapiejka"
    | ^^^^^^^^^^^^^^^^^^^^^^^^^^^^^^^^^^^^^^^^^^^^^^^^^^^^^^^^^^^^^^^^^^

src/Money.hs:232:1: warning: [GHC-90177] [-Worphans]
    Orphan family instance:
      type instance I.UnitScale "BYN" "ruble" = '(1, 1)
                      -- Defined at src/Money.hs:232:15
    Suggested fix:
      Move the instance declaration to the module of the type family or of the type, or
      wrap the type with a newtype and declare the instance on the new type.
    |
232 | type instance I.UnitScale "BYN" "ruble" = '(1, 1)
    | ^^^^^^^^^^^^^^^^^^^^^^^^^^^^^^^^^^^^^^^^^^^^^^^^^

src/Money.hs:233:1: warning: [GHC-90177] [-Worphans]
    Orphan family instance:
      type instance I.UnitScale "BYN" "kapiejka" = '(100, 1)
                      -- Defined at src/Money.hs:233:15
    Suggested fix:
      Move the instance declaration to the module of the type family or of the type, or
      wrap the type with a newtype and declare the instance on the new type.
    |
233 | type instance I.UnitScale "BYN" "kapiejka" = '(100, 1)
    | ^^^^^^^^^^^^^^^^^^^^^^^^^^^^^^^^^^^^^^^^^^^^^^^^^^^^^^

src/Money.hs:235:1: warning: [GHC-90177] [-Worphans]
    Orphan family instance:
      type instance I.CurrencyScale "BYR" = I.UnitScale "BYR" "kapiejka"
                      -- Defined at src/Money.hs:235:15
    Suggested fix:
      Move the instance declaration to the module of the type family or of the type, or
      wrap the type with a newtype and declare the instance on the new type.
    |
235 | type instance I.CurrencyScale "BYR" = I.UnitScale "BYR" "kapiejka"
    | ^^^^^^^^^^^^^^^^^^^^^^^^^^^^^^^^^^^^^^^^^^^^^^^^^^^^^^^^^^^^^^^^^^

src/Money.hs:236:1: warning: [GHC-90177] [-Worphans]
    Orphan family instance:
      type instance I.UnitScale "BYR" "ruble" = '(1, 1)
                      -- Defined at src/Money.hs:236:15
    Suggested fix:
      Move the instance declaration to the module of the type family or of the type, or
      wrap the type with a newtype and declare the instance on the new type.
    |
236 | type instance I.UnitScale "BYR" "ruble" = '(1, 1)
    | ^^^^^^^^^^^^^^^^^^^^^^^^^^^^^^^^^^^^^^^^^^^^^^^^^

src/Money.hs:237:1: warning: [GHC-90177] [-Worphans]
    Orphan family instance:
      type instance I.UnitScale "BYR" "kapiejka" = '(100, 1)
                      -- Defined at src/Money.hs:237:15
    Suggested fix:
      Move the instance declaration to the module of the type family or of the type, or
      wrap the type with a newtype and declare the instance on the new type.
    |
237 | type instance I.UnitScale "BYR" "kapiejka" = '(100, 1)
    | ^^^^^^^^^^^^^^^^^^^^^^^^^^^^^^^^^^^^^^^^^^^^^^^^^^^^^^

src/Money.hs:239:1: warning: [GHC-90177] [-Worphans]
    Orphan family instance:
      type instance I.CurrencyScale "BZD" = I.UnitScale "BZD" "cent"
                      -- Defined at src/Money.hs:239:15
    Suggested fix:
      Move the instance declaration to the module of the type family or of the type, or
      wrap the type with a newtype and declare the instance on the new type.
    |
239 | type instance I.CurrencyScale "BZD" = I.UnitScale "BZD" "cent"
    | ^^^^^^^^^^^^^^^^^^^^^^^^^^^^^^^^^^^^^^^^^^^^^^^^^^^^^^^^^^^^^^

src/Money.hs:240:1: warning: [GHC-90177] [-Worphans]
    Orphan family instance:
      type instance I.UnitScale "BZD" "dollar" = '(1, 1)
                      -- Defined at src/Money.hs:240:15
    Suggested fix:
      Move the instance declaration to the module of the type family or of the type, or
      wrap the type with a newtype and declare the instance on the new type.
    |
240 | type instance I.UnitScale "BZD" "dollar" = '(1, 1)
    | ^^^^^^^^^^^^^^^^^^^^^^^^^^^^^^^^^^^^^^^^^^^^^^^^^^

src/Money.hs:241:1: warning: [GHC-90177] [-Worphans]
    Orphan family instance:
      type instance I.UnitScale "BZD" "cent" = '(100, 1)
                      -- Defined at src/Money.hs:241:15
    Suggested fix:
      Move the instance declaration to the module of the type family or of the type, or
      wrap the type with a newtype and declare the instance on the new type.
    |
241 | type instance I.UnitScale "BZD" "cent" = '(100, 1)
    | ^^^^^^^^^^^^^^^^^^^^^^^^^^^^^^^^^^^^^^^^^^^^^^^^^^

src/Money.hs:243:1: warning: [GHC-90177] [-Worphans]
    Orphan family instance:
      type instance I.CurrencyScale "CAD" = I.UnitScale "CAD" "cent"
                      -- Defined at src/Money.hs:243:15
    Suggested fix:
      Move the instance declaration to the module of the type family or of the type, or
      wrap the type with a newtype and declare the instance on the new type.
    |
243 | type instance I.CurrencyScale "CAD" = I.UnitScale "CAD" "cent"
    | ^^^^^^^^^^^^^^^^^^^^^^^^^^^^^^^^^^^^^^^^^^^^^^^^^^^^^^^^^^^^^^

src/Money.hs:244:1: warning: [GHC-90177] [-Worphans]
    Orphan family instance:
      type instance I.UnitScale "CAD" "dollar" = '(1, 1)
                      -- Defined at src/Money.hs:244:15
    Suggested fix:
      Move the instance declaration to the module of the type family or of the type, or
      wrap the type with a newtype and declare the instance on the new type.
    |
244 | type instance I.UnitScale "CAD" "dollar" = '(1, 1)
    | ^^^^^^^^^^^^^^^^^^^^^^^^^^^^^^^^^^^^^^^^^^^^^^^^^^

src/Money.hs:245:1: warning: [GHC-90177] [-Worphans]
    Orphan family instance:
      type instance I.UnitScale "CAD" "cent" = '(100, 1)
                      -- Defined at src/Money.hs:245:15
    Suggested fix:
      Move the instance declaration to the module of the type family or of the type, or
      wrap the type with a newtype and declare the instance on the new type.
    |
245 | type instance I.UnitScale "CAD" "cent" = '(100, 1)
    | ^^^^^^^^^^^^^^^^^^^^^^^^^^^^^^^^^^^^^^^^^^^^^^^^^^

src/Money.hs:247:1: warning: [GHC-90177] [-Worphans]
    Orphan family instance:
      type instance I.CurrencyScale "CDF" = I.UnitScale "CDF" "centime"
                      -- Defined at src/Money.hs:247:15
    Suggested fix:
      Move the instance declaration to the module of the type family or of the type, or
      wrap the type with a newtype and declare the instance on the new type.
    |
247 | type instance I.CurrencyScale "CDF" = I.UnitScale "CDF" "centime"
    | ^^^^^^^^^^^^^^^^^^^^^^^^^^^^^^^^^^^^^^^^^^^^^^^^^^^^^^^^^^^^^^^^^

src/Money.hs:248:1: warning: [GHC-90177] [-Worphans]
    Orphan family instance:
      type instance I.UnitScale "CDF" "franc" = '(1, 1)
                      -- Defined at src/Money.hs:248:15
    Suggested fix:
      Move the instance declaration to the module of the type family or of the type, or
      wrap the type with a newtype and declare the instance on the new type.
    |
248 | type instance I.UnitScale "CDF" "franc" = '(1, 1)
    | ^^^^^^^^^^^^^^^^^^^^^^^^^^^^^^^^^^^^^^^^^^^^^^^^^

src/Money.hs:249:1: warning: [GHC-90177] [-Worphans]
    Orphan family instance:
      type instance I.UnitScale "CDF" "centime" = '(100, 1)
                      -- Defined at src/Money.hs:249:15
    Suggested fix:
      Move the instance declaration to the module of the type family or of the type, or
      wrap the type with a newtype and declare the instance on the new type.
    |
249 | type instance I.UnitScale "CDF" "centime" = '(100, 1)
    | ^^^^^^^^^^^^^^^^^^^^^^^^^^^^^^^^^^^^^^^^^^^^^^^^^^^^^

src/Money.hs:251:1: warning: [GHC-90177] [-Worphans]
    Orphan family instance:
      type instance I.CurrencyScale "CHE" = '(100, 1)
                      -- Defined at src/Money.hs:251:15
    Suggested fix:
      Move the instance declaration to the module of the type family or of the type, or
      wrap the type with a newtype and declare the instance on the new type.
    |
251 | type instance I.CurrencyScale "CHE" = '(100, 1)
    | ^^^^^^^^^^^^^^^^^^^^^^^^^^^^^^^^^^^^^^^^^^^^^^^

src/Money.hs:253:1: warning: [GHC-90177] [-Worphans]
    Orphan family instance:
      type instance I.CurrencyScale "CHF" = I.UnitScale "CHF" "rappen"
                      -- Defined at src/Money.hs:253:15
    Suggested fix:
      Move the instance declaration to the module of the type family or of the type, or
      wrap the type with a newtype and declare the instance on the new type.
    |
253 | type instance I.CurrencyScale "CHF" = I.UnitScale "CHF" "rappen"
    | ^^^^^^^^^^^^^^^^^^^^^^^^^^^^^^^^^^^^^^^^^^^^^^^^^^^^^^^^^^^^^^^^

src/Money.hs:254:1: warning: [GHC-90177] [-Worphans]
    Orphan family instance:
      type instance I.UnitScale "CHF" "franc" = '(1, 1)
                      -- Defined at src/Money.hs:254:15
    Suggested fix:
      Move the instance declaration to the module of the type family or of the type, or
      wrap the type with a newtype and declare the instance on the new type.
    |
254 | type instance I.UnitScale "CHF" "franc" = '(1, 1)
    | ^^^^^^^^^^^^^^^^^^^^^^^^^^^^^^^^^^^^^^^^^^^^^^^^^

src/Money.hs:255:1: warning: [GHC-90177] [-Worphans]
    Orphan family instance:
      type instance I.UnitScale "CHF" "rappen" = '(100, 1)
                      -- Defined at src/Money.hs:255:15
    Suggested fix:
      Move the instance declaration to the module of the type family or of the type, or
      wrap the type with a newtype and declare the instance on the new type.
    |
255 | type instance I.UnitScale "CHF" "rappen" = '(100, 1)
    | ^^^^^^^^^^^^^^^^^^^^^^^^^^^^^^^^^^^^^^^^^^^^^^^^^^^^

src/Money.hs:257:1: warning: [GHC-90177] [-Worphans]
    Orphan family instance:
      type instance I.CurrencyScale "CHW" = '(100, 1)
                      -- Defined at src/Money.hs:257:15
    Suggested fix:
      Move the instance declaration to the module of the type family or of the type, or
      wrap the type with a newtype and declare the instance on the new type.
    |
257 | type instance I.CurrencyScale "CHW" = '(100, 1)
    | ^^^^^^^^^^^^^^^^^^^^^^^^^^^^^^^^^^^^^^^^^^^^^^^

src/Money.hs:259:1: warning: [GHC-90177] [-Worphans]
    Orphan family instance:
      type instance I.CurrencyScale "CLF" = '(10000, 1)
                      -- Defined at src/Money.hs:259:15
    Suggested fix:
      Move the instance declaration to the module of the type family or of the type, or
      wrap the type with a newtype and declare the instance on the new type.
    |
259 | type instance I.CurrencyScale "CLF" = '(10000, 1)
    | ^^^^^^^^^^^^^^^^^^^^^^^^^^^^^^^^^^^^^^^^^^^^^^^^^

src/Money.hs:261:1: warning: [GHC-90177] [-Worphans]
    Orphan family instance:
      type instance I.CurrencyScale "CLP" = I.UnitScale "CLP" "centavo"
                      -- Defined at src/Money.hs:261:15
    Suggested fix:
      Move the instance declaration to the module of the type family or of the type, or
      wrap the type with a newtype and declare the instance on the new type.
    |
261 | type instance I.CurrencyScale "CLP" = I.UnitScale "CLP" "centavo"
    | ^^^^^^^^^^^^^^^^^^^^^^^^^^^^^^^^^^^^^^^^^^^^^^^^^^^^^^^^^^^^^^^^^

src/Money.hs:262:1: warning: [GHC-90177] [-Worphans]
    Orphan family instance:
      type instance I.UnitScale "CLP" "peso" = '(1, 1)
                      -- Defined at src/Money.hs:262:15
    Suggested fix:
      Move the instance declaration to the module of the type family or of the type, or
      wrap the type with a newtype and declare the instance on the new type.
    |
262 | type instance I.UnitScale "CLP" "peso" = '(1, 1)
    | ^^^^^^^^^^^^^^^^^^^^^^^^^^^^^^^^^^^^^^^^^^^^^^^^

src/Money.hs:263:1: warning: [GHC-90177] [-Worphans]
    Orphan family instance:
      type instance I.UnitScale "CLP" "centavo" = '(100, 1)
                      -- Defined at src/Money.hs:263:15
    Suggested fix:
      Move the instance declaration to the module of the type family or of the type, or
      wrap the type with a newtype and declare the instance on the new type.
    |
263 | type instance I.UnitScale "CLP" "centavo" = '(100, 1)
    | ^^^^^^^^^^^^^^^^^^^^^^^^^^^^^^^^^^^^^^^^^^^^^^^^^^^^^

src/Money.hs:265:1: warning: [GHC-90177] [-Worphans]
    Orphan family instance:
      type instance I.CurrencyScale "CNY" = I.UnitScale "CNY" "fen"
                      -- Defined at src/Money.hs:265:15
    Suggested fix:
      Move the instance declaration to the module of the type family or of the type, or
      wrap the type with a newtype and declare the instance on the new type.
    |
265 | type instance I.CurrencyScale "CNY" = I.UnitScale "CNY" "fen"
    | ^^^^^^^^^^^^^^^^^^^^^^^^^^^^^^^^^^^^^^^^^^^^^^^^^^^^^^^^^^^^^

src/Money.hs:266:1: warning: [GHC-90177] [-Worphans]
    Orphan family instance:
      type instance I.UnitScale "CNY" "yuan" = '(1, 1)
                      -- Defined at src/Money.hs:266:15
    Suggested fix:
      Move the instance declaration to the module of the type family or of the type, or
      wrap the type with a newtype and declare the instance on the new type.
    |
266 | type instance I.UnitScale "CNY" "yuan" = '(1, 1)
    | ^^^^^^^^^^^^^^^^^^^^^^^^^^^^^^^^^^^^^^^^^^^^^^^^

src/Money.hs:267:1: warning: [GHC-90177] [-Worphans]
    Orphan family instance:
      type instance I.UnitScale "CNY" "fen" = '(100, 1)
                      -- Defined at src/Money.hs:267:15
    Suggested fix:
      Move the instance declaration to the module of the type family or of the type, or
      wrap the type with a newtype and declare the instance on the new type.
    |
267 | type instance I.UnitScale "CNY" "fen" = '(100, 1)
    | ^^^^^^^^^^^^^^^^^^^^^^^^^^^^^^^^^^^^^^^^^^^^^^^^^

src/Money.hs:269:1: warning: [GHC-90177] [-Worphans]
    Orphan family instance:
      type instance I.CurrencyScale "COP" = I.UnitScale "COP" "centavo"
                      -- Defined at src/Money.hs:269:15
    Suggested fix:
      Move the instance declaration to the module of the type family or of the type, or
      wrap the type with a newtype and declare the instance on the new type.
    |
269 | type instance I.CurrencyScale "COP" = I.UnitScale "COP" "centavo"
    | ^^^^^^^^^^^^^^^^^^^^^^^^^^^^^^^^^^^^^^^^^^^^^^^^^^^^^^^^^^^^^^^^^

src/Money.hs:270:1: warning: [GHC-90177] [-Worphans]
    Orphan family instance:
      type instance I.UnitScale "COP" "peso" = '(1, 1)
                      -- Defined at src/Money.hs:270:15
    Suggested fix:
      Move the instance declaration to the module of the type family or of the type, or
      wrap the type with a newtype and declare the instance on the new type.
    |
270 | type instance I.UnitScale "COP" "peso" = '(1, 1)
    | ^^^^^^^^^^^^^^^^^^^^^^^^^^^^^^^^^^^^^^^^^^^^^^^^

src/Money.hs:271:1: warning: [GHC-90177] [-Worphans]
    Orphan family instance:
      type instance I.UnitScale "COP" "centavo" = '(100, 1)
                      -- Defined at src/Money.hs:271:15
    Suggested fix:
      Move the instance declaration to the module of the type family or of the type, or
      wrap the type with a newtype and declare the instance on the new type.
    |
271 | type instance I.UnitScale "COP" "centavo" = '(100, 1)
    | ^^^^^^^^^^^^^^^^^^^^^^^^^^^^^^^^^^^^^^^^^^^^^^^^^^^^^

src/Money.hs:273:1: warning: [GHC-90177] [-Worphans]
    Orphan family instance:
      type instance I.CurrencyScale "COU" = '(100, 1)
                      -- Defined at src/Money.hs:273:15
    Suggested fix:
      Move the instance declaration to the module of the type family or of the type, or
      wrap the type with a newtype and declare the instance on the new type.
    |
273 | type instance I.CurrencyScale "COU" = '(100, 1)
    | ^^^^^^^^^^^^^^^^^^^^^^^^^^^^^^^^^^^^^^^^^^^^^^^

src/Money.hs:275:1: warning: [GHC-90177] [-Worphans]
    Orphan family instance:
      type instance I.CurrencyScale "CRC" = I.UnitScale "CRC" "centimo"
                      -- Defined at src/Money.hs:275:15
    Suggested fix:
      Move the instance declaration to the module of the type family or of the type, or
      wrap the type with a newtype and declare the instance on the new type.
    |
275 | type instance I.CurrencyScale "CRC" = I.UnitScale "CRC" "centimo"
    | ^^^^^^^^^^^^^^^^^^^^^^^^^^^^^^^^^^^^^^^^^^^^^^^^^^^^^^^^^^^^^^^^^

src/Money.hs:276:1: warning: [GHC-90177] [-Worphans]
    Orphan family instance:
      type instance I.UnitScale "CRC" "colon" = '(1, 1)
                      -- Defined at src/Money.hs:276:15
    Suggested fix:
      Move the instance declaration to the module of the type family or of the type, or
      wrap the type with a newtype and declare the instance on the new type.
    |
276 | type instance I.UnitScale "CRC" "colon" = '(1, 1)
    | ^^^^^^^^^^^^^^^^^^^^^^^^^^^^^^^^^^^^^^^^^^^^^^^^^

src/Money.hs:277:1: warning: [GHC-90177] [-Worphans]
    Orphan family instance:
      type instance I.UnitScale "CRC" "centimo" = '(100, 1)
                      -- Defined at src/Money.hs:277:15
    Suggested fix:
      Move the instance declaration to the module of the type family or of the type, or
      wrap the type with a newtype and declare the instance on the new type.
    |
277 | type instance I.UnitScale "CRC" "centimo" = '(100, 1)
    | ^^^^^^^^^^^^^^^^^^^^^^^^^^^^^^^^^^^^^^^^^^^^^^^^^^^^^

src/Money.hs:279:1: warning: [GHC-90177] [-Worphans]
    Orphan family instance:
      type instance I.CurrencyScale "CUC" = I.UnitScale "CUC" "centavo"
                      -- Defined at src/Money.hs:279:15
    Suggested fix:
      Move the instance declaration to the module of the type family or of the type, or
      wrap the type with a newtype and declare the instance on the new type.
    |
279 | type instance I.CurrencyScale "CUC" = I.UnitScale "CUC" "centavo"
    | ^^^^^^^^^^^^^^^^^^^^^^^^^^^^^^^^^^^^^^^^^^^^^^^^^^^^^^^^^^^^^^^^^

src/Money.hs:280:1: warning: [GHC-90177] [-Worphans]
    Orphan family instance:
      type instance I.UnitScale "CUC" "peso" = '(1, 1)
                      -- Defined at src/Money.hs:280:15
    Suggested fix:
      Move the instance declaration to the module of the type family or of the type, or
      wrap the type with a newtype and declare the instance on the new type.
    |
280 | type instance I.UnitScale "CUC" "peso" = '(1, 1)
    | ^^^^^^^^^^^^^^^^^^^^^^^^^^^^^^^^^^^^^^^^^^^^^^^^

src/Money.hs:281:1: warning: [GHC-90177] [-Worphans]
    Orphan family instance:
      type instance I.UnitScale "CUC" "centavo" = '(100, 1)
                      -- Defined at src/Money.hs:281:15
    Suggested fix:
      Move the instance declaration to the module of the type family or of the type, or
      wrap the type with a newtype and declare the instance on the new type.
    |
281 | type instance I.UnitScale "CUC" "centavo" = '(100, 1)
    | ^^^^^^^^^^^^^^^^^^^^^^^^^^^^^^^^^^^^^^^^^^^^^^^^^^^^^

src/Money.hs:283:1: warning: [GHC-90177] [-Worphans]
    Orphan family instance:
      type instance I.CurrencyScale "CUP" = I.UnitScale "CUP" "centavo"
                      -- Defined at src/Money.hs:283:15
    Suggested fix:
      Move the instance declaration to the module of the type family or of the type, or
      wrap the type with a newtype and declare the instance on the new type.
    |
283 | type instance I.CurrencyScale "CUP" = I.UnitScale "CUP" "centavo"
    | ^^^^^^^^^^^^^^^^^^^^^^^^^^^^^^^^^^^^^^^^^^^^^^^^^^^^^^^^^^^^^^^^^

src/Money.hs:284:1: warning: [GHC-90177] [-Worphans]
    Orphan family instance:
      type instance I.UnitScale "CUP" "peso" = '(1, 1)
                      -- Defined at src/Money.hs:284:15
    Suggested fix:
      Move the instance declaration to the module of the type family or of the type, or
      wrap the type with a newtype and declare the instance on the new type.
    |
284 | type instance I.UnitScale "CUP" "peso" = '(1, 1)
    | ^^^^^^^^^^^^^^^^^^^^^^^^^^^^^^^^^^^^^^^^^^^^^^^^

src/Money.hs:285:1: warning: [GHC-90177] [-Worphans]
    Orphan family instance:
      type instance I.UnitScale "CUP" "centavo" = '(100, 1)
                      -- Defined at src/Money.hs:285:15
    Suggested fix:
      Move the instance declaration to the module of the type family or of the type, or
      wrap the type with a newtype and declare the instance on the new type.
    |
285 | type instance I.UnitScale "CUP" "centavo" = '(100, 1)
    | ^^^^^^^^^^^^^^^^^^^^^^^^^^^^^^^^^^^^^^^^^^^^^^^^^^^^^

src/Money.hs:287:1: warning: [GHC-90177] [-Worphans]
    Orphan family instance:
      type instance I.CurrencyScale "CVE" = I.UnitScale "CVE" "centavo"
                      -- Defined at src/Money.hs:287:15
    Suggested fix:
      Move the instance declaration to the module of the type family or of the type, or
      wrap the type with a newtype and declare the instance on the new type.
    |
287 | type instance I.CurrencyScale "CVE" = I.UnitScale "CVE" "centavo"
    | ^^^^^^^^^^^^^^^^^^^^^^^^^^^^^^^^^^^^^^^^^^^^^^^^^^^^^^^^^^^^^^^^^

src/Money.hs:288:1: warning: [GHC-90177] [-Worphans]
    Orphan family instance:
      type instance I.UnitScale "CVE" "escudo" = '(1, 1)
                      -- Defined at src/Money.hs:288:15
    Suggested fix:
      Move the instance declaration to the module of the type family or of the type, or
      wrap the type with a newtype and declare the instance on the new type.
    |
288 | type instance I.UnitScale "CVE" "escudo" = '(1, 1)
    | ^^^^^^^^^^^^^^^^^^^^^^^^^^^^^^^^^^^^^^^^^^^^^^^^^^

src/Money.hs:289:1: warning: [GHC-90177] [-Worphans]
    Orphan family instance:
      type instance I.UnitScale "CVE" "centavo" = '(100, 1)
                      -- Defined at src/Money.hs:289:15
    Suggested fix:
      Move the instance declaration to the module of the type family or of the type, or
      wrap the type with a newtype and declare the instance on the new type.
    |
289 | type instance I.UnitScale "CVE" "centavo" = '(100, 1)
    | ^^^^^^^^^^^^^^^^^^^^^^^^^^^^^^^^^^^^^^^^^^^^^^^^^^^^^

src/Money.hs:291:1: warning: [GHC-90177] [-Worphans]
    Orphan family instance:
      type instance I.CurrencyScale "CZK" = I.UnitScale "CZK" "haler"
                      -- Defined at src/Money.hs:291:15
    Suggested fix:
      Move the instance declaration to the module of the type family or of the type, or
      wrap the type with a newtype and declare the instance on the new type.
    |
291 | type instance I.CurrencyScale "CZK" = I.UnitScale "CZK" "haler"
    | ^^^^^^^^^^^^^^^^^^^^^^^^^^^^^^^^^^^^^^^^^^^^^^^^^^^^^^^^^^^^^^^

src/Money.hs:292:1: warning: [GHC-90177] [-Worphans]
    Orphan family instance:
      type instance I.UnitScale "CZK" "koruna" = '(1, 1)
                      -- Defined at src/Money.hs:292:15
    Suggested fix:
      Move the instance declaration to the module of the type family or of the type, or
      wrap the type with a newtype and declare the instance on the new type.
    |
292 | type instance I.UnitScale "CZK" "koruna" = '(1, 1)
    | ^^^^^^^^^^^^^^^^^^^^^^^^^^^^^^^^^^^^^^^^^^^^^^^^^^

src/Money.hs:293:1: warning: [GHC-90177] [-Worphans]
    Orphan family instance:
      type instance I.UnitScale "CZK" "haler" = '(100, 1)
                      -- Defined at src/Money.hs:293:15
    Suggested fix:
      Move the instance declaration to the module of the type family or of the type, or
      wrap the type with a newtype and declare the instance on the new type.
    |
293 | type instance I.UnitScale "CZK" "haler" = '(100, 1)
    | ^^^^^^^^^^^^^^^^^^^^^^^^^^^^^^^^^^^^^^^^^^^^^^^^^^^

src/Money.hs:295:1: warning: [GHC-90177] [-Worphans]
    Orphan family instance:
      type instance I.CurrencyScale "DJF" = I.UnitScale "DJF" "centime"
                      -- Defined at src/Money.hs:295:15
    Suggested fix:
      Move the instance declaration to the module of the type family or of the type, or
      wrap the type with a newtype and declare the instance on the new type.
    |
295 | type instance I.CurrencyScale "DJF" = I.UnitScale "DJF" "centime"
    | ^^^^^^^^^^^^^^^^^^^^^^^^^^^^^^^^^^^^^^^^^^^^^^^^^^^^^^^^^^^^^^^^^

src/Money.hs:296:1: warning: [GHC-90177] [-Worphans]
    Orphan family instance:
      type instance I.UnitScale "DJF" "franc" = '(1, 1)
                      -- Defined at src/Money.hs:296:15
    Suggested fix:
      Move the instance declaration to the module of the type family or of the type, or
      wrap the type with a newtype and declare the instance on the new type.
    |
296 | type instance I.UnitScale "DJF" "franc" = '(1, 1)
    | ^^^^^^^^^^^^^^^^^^^^^^^^^^^^^^^^^^^^^^^^^^^^^^^^^

src/Money.hs:297:1: warning: [GHC-90177] [-Worphans]
    Orphan family instance:
      type instance I.UnitScale "DJF" "centime" = '(100, 1)
                      -- Defined at src/Money.hs:297:15
    Suggested fix:
      Move the instance declaration to the module of the type family or of the type, or
      wrap the type with a newtype and declare the instance on the new type.
    |
297 | type instance I.UnitScale "DJF" "centime" = '(100, 1)
    | ^^^^^^^^^^^^^^^^^^^^^^^^^^^^^^^^^^^^^^^^^^^^^^^^^^^^^

src/Money.hs:299:1: warning: [GHC-90177] [-Worphans]
    Orphan family instance:
      type instance I.CurrencyScale "DKK" = I.UnitScale "DKK" "ore"
                      -- Defined at src/Money.hs:299:15
    Suggested fix:
      Move the instance declaration to the module of the type family or of the type, or
      wrap the type with a newtype and declare the instance on the new type.
    |
299 | type instance I.CurrencyScale "DKK" = I.UnitScale "DKK" "ore"
    | ^^^^^^^^^^^^^^^^^^^^^^^^^^^^^^^^^^^^^^^^^^^^^^^^^^^^^^^^^^^^^

src/Money.hs:300:1: warning: [GHC-90177] [-Worphans]
    Orphan family instance:
      type instance I.UnitScale "DKK" "krone" = '(1, 1)
                      -- Defined at src/Money.hs:300:15
    Suggested fix:
      Move the instance declaration to the module of the type family or of the type, or
      wrap the type with a newtype and declare the instance on the new type.
    |
300 | type instance I.UnitScale "DKK" "krone" = '(1, 1)
    | ^^^^^^^^^^^^^^^^^^^^^^^^^^^^^^^^^^^^^^^^^^^^^^^^^

src/Money.hs:301:1: warning: [GHC-90177] [-Worphans]
    Orphan family instance:
      type instance I.UnitScale "DKK" "ore" = '(100, 1)
                      -- Defined at src/Money.hs:301:15
    Suggested fix:
      Move the instance declaration to the module of the type family or of the type, or
      wrap the type with a newtype and declare the instance on the new type.
    |
301 | type instance I.UnitScale "DKK" "ore" = '(100, 1)
    | ^^^^^^^^^^^^^^^^^^^^^^^^^^^^^^^^^^^^^^^^^^^^^^^^^

src/Money.hs:303:1: warning: [GHC-90177] [-Worphans]
    Orphan family instance:
      type instance I.CurrencyScale "DOP" = I.UnitScale "DOP" "centavo"
                      -- Defined at src/Money.hs:303:15
    Suggested fix:
      Move the instance declaration to the module of the type family or of the type, or
      wrap the type with a newtype and declare the instance on the new type.
    |
303 | type instance I.CurrencyScale "DOP" = I.UnitScale "DOP" "centavo"
    | ^^^^^^^^^^^^^^^^^^^^^^^^^^^^^^^^^^^^^^^^^^^^^^^^^^^^^^^^^^^^^^^^^

src/Money.hs:304:1: warning: [GHC-90177] [-Worphans]
    Orphan family instance:
      type instance I.UnitScale "DOP" "peso" = '(1, 1)
                      -- Defined at src/Money.hs:304:15
    Suggested fix:
      Move the instance declaration to the module of the type family or of the type, or
      wrap the type with a newtype and declare the instance on the new type.
    |
304 | type instance I.UnitScale "DOP" "peso" = '(1, 1)
    | ^^^^^^^^^^^^^^^^^^^^^^^^^^^^^^^^^^^^^^^^^^^^^^^^

src/Money.hs:305:1: warning: [GHC-90177] [-Worphans]
    Orphan family instance:
      type instance I.UnitScale "DOP" "centavo" = '(100, 1)
                      -- Defined at src/Money.hs:305:15
    Suggested fix:
      Move the instance declaration to the module of the type family or of the type, or
      wrap the type with a newtype and declare the instance on the new type.
    |
305 | type instance I.UnitScale "DOP" "centavo" = '(100, 1)
    | ^^^^^^^^^^^^^^^^^^^^^^^^^^^^^^^^^^^^^^^^^^^^^^^^^^^^^

src/Money.hs:307:1: warning: [GHC-90177] [-Worphans]
    Orphan family instance:
      type instance I.CurrencyScale "DZD" = I.UnitScale "DZD" "santeem"
                      -- Defined at src/Money.hs:307:15
    Suggested fix:
      Move the instance declaration to the module of the type family or of the type, or
      wrap the type with a newtype and declare the instance on the new type.
    |
307 | type instance I.CurrencyScale "DZD" = I.UnitScale "DZD" "santeem"
    | ^^^^^^^^^^^^^^^^^^^^^^^^^^^^^^^^^^^^^^^^^^^^^^^^^^^^^^^^^^^^^^^^^

src/Money.hs:308:1: warning: [GHC-90177] [-Worphans]
    Orphan family instance:
      type instance I.UnitScale "DZD" "dinar" = '(1, 1)
                      -- Defined at src/Money.hs:308:15
    Suggested fix:
      Move the instance declaration to the module of the type family or of the type, or
      wrap the type with a newtype and declare the instance on the new type.
    |
308 | type instance I.UnitScale "DZD" "dinar" = '(1, 1)
    | ^^^^^^^^^^^^^^^^^^^^^^^^^^^^^^^^^^^^^^^^^^^^^^^^^

src/Money.hs:309:1: warning: [GHC-90177] [-Worphans]
    Orphan family instance:
      type instance I.UnitScale "DZD" "santeem" = '(100, 1)
                      -- Defined at src/Money.hs:309:15
    Suggested fix:
      Move the instance declaration to the module of the type family or of the type, or
      wrap the type with a newtype and declare the instance on the new type.
    |
309 | type instance I.UnitScale "DZD" "santeem" = '(100, 1)
    | ^^^^^^^^^^^^^^^^^^^^^^^^^^^^^^^^^^^^^^^^^^^^^^^^^^^^^

src/Money.hs:311:1: warning: [GHC-90177] [-Worphans]
    Orphan family instance:
      type instance I.CurrencyScale "EGP" = I.UnitScale "EGP" "piastre"
                      -- Defined at src/Money.hs:311:15
    Suggested fix:
      Move the instance declaration to the module of the type family or of the type, or
      wrap the type with a newtype and declare the instance on the new type.
    |
311 | type instance I.CurrencyScale "EGP" = I.UnitScale "EGP" "piastre"
    | ^^^^^^^^^^^^^^^^^^^^^^^^^^^^^^^^^^^^^^^^^^^^^^^^^^^^^^^^^^^^^^^^^

src/Money.hs:312:1: warning: [GHC-90177] [-Worphans]
    Orphan family instance:
      type instance I.UnitScale "EGP" "pound" = '(1, 1)
                      -- Defined at src/Money.hs:312:15
    Suggested fix:
      Move the instance declaration to the module of the type family or of the type, or
      wrap the type with a newtype and declare the instance on the new type.
    |
312 | type instance I.UnitScale "EGP" "pound" = '(1, 1)
    | ^^^^^^^^^^^^^^^^^^^^^^^^^^^^^^^^^^^^^^^^^^^^^^^^^

src/Money.hs:313:1: warning: [GHC-90177] [-Worphans]
    Orphan family instance:
      type instance I.UnitScale "EGP" "piastre" = '(100, 1)
                      -- Defined at src/Money.hs:313:15
    Suggested fix:
      Move the instance declaration to the module of the type family or of the type, or
      wrap the type with a newtype and declare the instance on the new type.
    |
313 | type instance I.UnitScale "EGP" "piastre" = '(100, 1)
    | ^^^^^^^^^^^^^^^^^^^^^^^^^^^^^^^^^^^^^^^^^^^^^^^^^^^^^

src/Money.hs:315:1: warning: [GHC-90177] [-Worphans]
    Orphan family instance:
      type instance I.CurrencyScale "ERN" = I.UnitScale "ERN" "cent"
                      -- Defined at src/Money.hs:315:15
    Suggested fix:
      Move the instance declaration to the module of the type family or of the type, or
      wrap the type with a newtype and declare the instance on the new type.
    |
315 | type instance I.CurrencyScale "ERN" = I.UnitScale "ERN" "cent"
    | ^^^^^^^^^^^^^^^^^^^^^^^^^^^^^^^^^^^^^^^^^^^^^^^^^^^^^^^^^^^^^^

src/Money.hs:316:1: warning: [GHC-90177] [-Worphans]
    Orphan family instance:
      type instance I.UnitScale "ERN" "nafka" = '(1, 1)
                      -- Defined at src/Money.hs:316:15
    Suggested fix:
      Move the instance declaration to the module of the type family or of the type, or
      wrap the type with a newtype and declare the instance on the new type.
    |
316 | type instance I.UnitScale "ERN" "nafka" = '(1, 1)
    | ^^^^^^^^^^^^^^^^^^^^^^^^^^^^^^^^^^^^^^^^^^^^^^^^^

src/Money.hs:317:1: warning: [GHC-90177] [-Worphans]
    Orphan family instance:
      type instance I.UnitScale "ERN" "cent" = '(100, 1)
                      -- Defined at src/Money.hs:317:15
    Suggested fix:
      Move the instance declaration to the module of the type family or of the type, or
      wrap the type with a newtype and declare the instance on the new type.
    |
317 | type instance I.UnitScale "ERN" "cent" = '(100, 1)
    | ^^^^^^^^^^^^^^^^^^^^^^^^^^^^^^^^^^^^^^^^^^^^^^^^^^

src/Money.hs:319:1: warning: [GHC-90177] [-Worphans]
    Orphan family instance:
      type instance I.CurrencyScale "ETB" = I.UnitScale "ETB" "santim"
                      -- Defined at src/Money.hs:319:15
    Suggested fix:
      Move the instance declaration to the module of the type family or of the type, or
      wrap the type with a newtype and declare the instance on the new type.
    |
319 | type instance I.CurrencyScale "ETB" = I.UnitScale "ETB" "santim"
    | ^^^^^^^^^^^^^^^^^^^^^^^^^^^^^^^^^^^^^^^^^^^^^^^^^^^^^^^^^^^^^^^^

src/Money.hs:320:1: warning: [GHC-90177] [-Worphans]
    Orphan family instance:
      type instance I.UnitScale "ETB" "birr" = '(1, 1)
                      -- Defined at src/Money.hs:320:15
    Suggested fix:
      Move the instance declaration to the module of the type family or of the type, or
      wrap the type with a newtype and declare the instance on the new type.
    |
320 | type instance I.UnitScale "ETB" "birr" = '(1, 1)
    | ^^^^^^^^^^^^^^^^^^^^^^^^^^^^^^^^^^^^^^^^^^^^^^^^

src/Money.hs:321:1: warning: [GHC-90177] [-Worphans]
    Orphan family instance:
      type instance I.UnitScale "ETB" "santim" = '(100, 1)
                      -- Defined at src/Money.hs:321:15
    Suggested fix:
      Move the instance declaration to the module of the type family or of the type, or
      wrap the type with a newtype and declare the instance on the new type.
    |
321 | type instance I.UnitScale "ETB" "santim" = '(100, 1)
    | ^^^^^^^^^^^^^^^^^^^^^^^^^^^^^^^^^^^^^^^^^^^^^^^^^^^^

src/Money.hs:323:1: warning: [GHC-90177] [-Worphans]
    Orphan family instance:
      type instance I.CurrencyScale "EUR" = I.UnitScale "EUR" "cent"
                      -- Defined at src/Money.hs:323:15
    Suggested fix:
      Move the instance declaration to the module of the type family or of the type, or
      wrap the type with a newtype and declare the instance on the new type.
    |
323 | type instance I.CurrencyScale "EUR" = I.UnitScale "EUR" "cent"
    | ^^^^^^^^^^^^^^^^^^^^^^^^^^^^^^^^^^^^^^^^^^^^^^^^^^^^^^^^^^^^^^

src/Money.hs:324:1: warning: [GHC-90177] [-Worphans]
    Orphan family instance:
      type instance I.UnitScale "EUR" "euro" = '(1, 1)
                      -- Defined at src/Money.hs:324:15
    Suggested fix:
      Move the instance declaration to the module of the type family or of the type, or
      wrap the type with a newtype and declare the instance on the new type.
    |
324 | type instance I.UnitScale "EUR" "euro" = '(1, 1)
    | ^^^^^^^^^^^^^^^^^^^^^^^^^^^^^^^^^^^^^^^^^^^^^^^^

src/Money.hs:325:1: warning: [GHC-90177] [-Worphans]
    Orphan family instance:
      type instance I.UnitScale "EUR" "cent" = '(100, 1)
                      -- Defined at src/Money.hs:325:15
    Suggested fix:
      Move the instance declaration to the module of the type family or of the type, or
      wrap the type with a newtype and declare the instance on the new type.
    |
325 | type instance I.UnitScale "EUR" "cent" = '(100, 1)
    | ^^^^^^^^^^^^^^^^^^^^^^^^^^^^^^^^^^^^^^^^^^^^^^^^^^

src/Money.hs:327:1: warning: [GHC-90177] [-Worphans]
    Orphan family instance:
      type instance I.CurrencyScale "FJD" = I.UnitScale "FJD" "cent"
                      -- Defined at src/Money.hs:327:15
    Suggested fix:
      Move the instance declaration to the module of the type family or of the type, or
      wrap the type with a newtype and declare the instance on the new type.
    |
327 | type instance I.CurrencyScale "FJD" = I.UnitScale "FJD" "cent"
    | ^^^^^^^^^^^^^^^^^^^^^^^^^^^^^^^^^^^^^^^^^^^^^^^^^^^^^^^^^^^^^^

src/Money.hs:328:1: warning: [GHC-90177] [-Worphans]
    Orphan family instance:
      type instance I.UnitScale "FJD" "dollar" = '(1, 1)
                      -- Defined at src/Money.hs:328:15
    Suggested fix:
      Move the instance declaration to the module of the type family or of the type, or
      wrap the type with a newtype and declare the instance on the new type.
    |
328 | type instance I.UnitScale "FJD" "dollar" = '(1, 1)
    | ^^^^^^^^^^^^^^^^^^^^^^^^^^^^^^^^^^^^^^^^^^^^^^^^^^

src/Money.hs:329:1: warning: [GHC-90177] [-Worphans]
    Orphan family instance:
      type instance I.UnitScale "FJD" "cent" = '(100, 1)
                      -- Defined at src/Money.hs:329:15
    Suggested fix:
      Move the instance declaration to the module of the type family or of the type, or
      wrap the type with a newtype and declare the instance on the new type.
    |
329 | type instance I.UnitScale "FJD" "cent" = '(100, 1)
    | ^^^^^^^^^^^^^^^^^^^^^^^^^^^^^^^^^^^^^^^^^^^^^^^^^^

src/Money.hs:331:1: warning: [GHC-90177] [-Worphans]
    Orphan family instance:
      type instance I.CurrencyScale "FKP" = I.UnitScale "FKP" "penny"
                      -- Defined at src/Money.hs:331:15
    Suggested fix:
      Move the instance declaration to the module of the type family or of the type, or
      wrap the type with a newtype and declare the instance on the new type.
    |
331 | type instance I.CurrencyScale "FKP" = I.UnitScale "FKP" "penny"
    | ^^^^^^^^^^^^^^^^^^^^^^^^^^^^^^^^^^^^^^^^^^^^^^^^^^^^^^^^^^^^^^^

src/Money.hs:332:1: warning: [GHC-90177] [-Worphans]
    Orphan family instance:
      type instance I.UnitScale "FKP" "pound" = '(1, 1)
                      -- Defined at src/Money.hs:332:15
    Suggested fix:
      Move the instance declaration to the module of the type family or of the type, or
      wrap the type with a newtype and declare the instance on the new type.
    |
332 | type instance I.UnitScale "FKP" "pound" = '(1, 1)
    | ^^^^^^^^^^^^^^^^^^^^^^^^^^^^^^^^^^^^^^^^^^^^^^^^^

src/Money.hs:333:1: warning: [GHC-90177] [-Worphans]
    Orphan family instance:
      type instance I.UnitScale "FKP" "penny" = '(100, 1)
                      -- Defined at src/Money.hs:333:15
    Suggested fix:
      Move the instance declaration to the module of the type family or of the type, or
      wrap the type with a newtype and declare the instance on the new type.
    |
333 | type instance I.UnitScale "FKP" "penny" = '(100, 1)
    | ^^^^^^^^^^^^^^^^^^^^^^^^^^^^^^^^^^^^^^^^^^^^^^^^^^^

src/Money.hs:335:1: warning: [GHC-90177] [-Worphans]
    Orphan family instance:
      type instance I.CurrencyScale "GBP" = I.UnitScale "GBP" "penny"
                      -- Defined at src/Money.hs:335:15
    Suggested fix:
      Move the instance declaration to the module of the type family or of the type, or
      wrap the type with a newtype and declare the instance on the new type.
    |
335 | type instance I.CurrencyScale "GBP" = I.UnitScale "GBP" "penny"
    | ^^^^^^^^^^^^^^^^^^^^^^^^^^^^^^^^^^^^^^^^^^^^^^^^^^^^^^^^^^^^^^^

src/Money.hs:336:1: warning: [GHC-90177] [-Worphans]
    Orphan family instance:
      type instance I.UnitScale "GBP" "pound" = '(1, 1)
                      -- Defined at src/Money.hs:336:15
    Suggested fix:
      Move the instance declaration to the module of the type family or of the type, or
      wrap the type with a newtype and declare the instance on the new type.
    |
336 | type instance I.UnitScale "GBP" "pound" = '(1, 1)
    | ^^^^^^^^^^^^^^^^^^^^^^^^^^^^^^^^^^^^^^^^^^^^^^^^^

src/Money.hs:337:1: warning: [GHC-90177] [-Worphans]
    Orphan family instance:
      type instance I.UnitScale "GBP" "penny" = '(100, 1)
                      -- Defined at src/Money.hs:337:15
    Suggested fix:
      Move the instance declaration to the module of the type family or of the type, or
      wrap the type with a newtype and declare the instance on the new type.
    |
337 | type instance I.UnitScale "GBP" "penny" = '(100, 1)
    | ^^^^^^^^^^^^^^^^^^^^^^^^^^^^^^^^^^^^^^^^^^^^^^^^^^^

src/Money.hs:339:1: warning: [GHC-90177] [-Worphans]
    Orphan family instance:
      type instance I.CurrencyScale "GEL" = I.UnitScale "GEL" "tetri"
                      -- Defined at src/Money.hs:339:15
    Suggested fix:
      Move the instance declaration to the module of the type family or of the type, or
      wrap the type with a newtype and declare the instance on the new type.
    |
339 | type instance I.CurrencyScale "GEL" = I.UnitScale "GEL" "tetri"
    | ^^^^^^^^^^^^^^^^^^^^^^^^^^^^^^^^^^^^^^^^^^^^^^^^^^^^^^^^^^^^^^^

src/Money.hs:340:1: warning: [GHC-90177] [-Worphans]
    Orphan family instance:
      type instance I.UnitScale "GEL" "lari" = '(1, 1)
                      -- Defined at src/Money.hs:340:15
    Suggested fix:
      Move the instance declaration to the module of the type family or of the type, or
      wrap the type with a newtype and declare the instance on the new type.
    |
340 | type instance I.UnitScale "GEL" "lari" = '(1, 1)
    | ^^^^^^^^^^^^^^^^^^^^^^^^^^^^^^^^^^^^^^^^^^^^^^^^

src/Money.hs:341:1: warning: [GHC-90177] [-Worphans]
    Orphan family instance:
      type instance I.UnitScale "GEL" "tetri" = '(100, 1)
                      -- Defined at src/Money.hs:341:15
    Suggested fix:
      Move the instance declaration to the module of the type family or of the type, or
      wrap the type with a newtype and declare the instance on the new type.
    |
341 | type instance I.UnitScale "GEL" "tetri" = '(100, 1)
    | ^^^^^^^^^^^^^^^^^^^^^^^^^^^^^^^^^^^^^^^^^^^^^^^^^^^

src/Money.hs:343:1: warning: [GHC-90177] [-Worphans]
    Orphan family instance:
      type instance I.CurrencyScale "GHS" = I.UnitScale "GHS" "pesewa"
                      -- Defined at src/Money.hs:343:15
    Suggested fix:
      Move the instance declaration to the module of the type family or of the type, or
      wrap the type with a newtype and declare the instance on the new type.
    |
343 | type instance I.CurrencyScale "GHS" = I.UnitScale "GHS" "pesewa"
    | ^^^^^^^^^^^^^^^^^^^^^^^^^^^^^^^^^^^^^^^^^^^^^^^^^^^^^^^^^^^^^^^^

src/Money.hs:344:1: warning: [GHC-90177] [-Worphans]
    Orphan family instance:
      type instance I.UnitScale "GHS" "cedi" = '(1, 1)
                      -- Defined at src/Money.hs:344:15
    Suggested fix:
      Move the instance declaration to the module of the type family or of the type, or
      wrap the type with a newtype and declare the instance on the new type.
    |
344 | type instance I.UnitScale "GHS" "cedi" = '(1, 1)
    | ^^^^^^^^^^^^^^^^^^^^^^^^^^^^^^^^^^^^^^^^^^^^^^^^

src/Money.hs:345:1: warning: [GHC-90177] [-Worphans]
    Orphan family instance:
      type instance I.UnitScale "GHS" "pesewa" = '(100, 1)
                      -- Defined at src/Money.hs:345:15
    Suggested fix:
      Move the instance declaration to the module of the type family or of the type, or
      wrap the type with a newtype and declare the instance on the new type.
    |
345 | type instance I.UnitScale "GHS" "pesewa" = '(100, 1)
    | ^^^^^^^^^^^^^^^^^^^^^^^^^^^^^^^^^^^^^^^^^^^^^^^^^^^^

src/Money.hs:347:1: warning: [GHC-90177] [-Worphans]
    Orphan family instance:
      type instance I.CurrencyScale "GIP" = I.UnitScale "GIP" "penny"
                      -- Defined at src/Money.hs:347:15
    Suggested fix:
      Move the instance declaration to the module of the type family or of the type, or
      wrap the type with a newtype and declare the instance on the new type.
    |
347 | type instance I.CurrencyScale "GIP" = I.UnitScale "GIP" "penny"
    | ^^^^^^^^^^^^^^^^^^^^^^^^^^^^^^^^^^^^^^^^^^^^^^^^^^^^^^^^^^^^^^^

src/Money.hs:348:1: warning: [GHC-90177] [-Worphans]
    Orphan family instance:
      type instance I.UnitScale "GIP" "pound" = '(1, 1)
                      -- Defined at src/Money.hs:348:15
    Suggested fix:
      Move the instance declaration to the module of the type family or of the type, or
      wrap the type with a newtype and declare the instance on the new type.
    |
348 | type instance I.UnitScale "GIP" "pound" = '(1, 1)
    | ^^^^^^^^^^^^^^^^^^^^^^^^^^^^^^^^^^^^^^^^^^^^^^^^^

src/Money.hs:349:1: warning: [GHC-90177] [-Worphans]
    Orphan family instance:
      type instance I.UnitScale "GIP" "penny" = '(100, 1)
                      -- Defined at src/Money.hs:349:15
    Suggested fix:
      Move the instance declaration to the module of the type family or of the type, or
      wrap the type with a newtype and declare the instance on the new type.
    |
349 | type instance I.UnitScale "GIP" "penny" = '(100, 1)
    | ^^^^^^^^^^^^^^^^^^^^^^^^^^^^^^^^^^^^^^^^^^^^^^^^^^^

src/Money.hs:351:1: warning: [GHC-90177] [-Worphans]
    Orphan family instance:
      type instance I.CurrencyScale "GMD" = I.UnitScale "GMD" "butut"
                      -- Defined at src/Money.hs:351:15
    Suggested fix:
      Move the instance declaration to the module of the type family or of the type, or
      wrap the type with a newtype and declare the instance on the new type.
    |
351 | type instance I.CurrencyScale "GMD" = I.UnitScale "GMD" "butut"
    | ^^^^^^^^^^^^^^^^^^^^^^^^^^^^^^^^^^^^^^^^^^^^^^^^^^^^^^^^^^^^^^^

src/Money.hs:352:1: warning: [GHC-90177] [-Worphans]
    Orphan family instance:
      type instance I.UnitScale "GMD" "dalasi" = '(1, 1)
                      -- Defined at src/Money.hs:352:15
    Suggested fix:
      Move the instance declaration to the module of the type family or of the type, or
      wrap the type with a newtype and declare the instance on the new type.
    |
352 | type instance I.UnitScale "GMD" "dalasi" = '(1, 1)
    | ^^^^^^^^^^^^^^^^^^^^^^^^^^^^^^^^^^^^^^^^^^^^^^^^^^

src/Money.hs:353:1: warning: [GHC-90177] [-Worphans]
    Orphan family instance:
      type instance I.UnitScale "GMD" "butut" = '(100, 1)
                      -- Defined at src/Money.hs:353:15
    Suggested fix:
      Move the instance declaration to the module of the type family or of the type, or
      wrap the type with a newtype and declare the instance on the new type.
    |
353 | type instance I.UnitScale "GMD" "butut" = '(100, 1)
    | ^^^^^^^^^^^^^^^^^^^^^^^^^^^^^^^^^^^^^^^^^^^^^^^^^^^

src/Money.hs:355:1: warning: [GHC-90177] [-Worphans]
    Orphan family instance:
      type instance I.CurrencyScale "GNF" = I.UnitScale "GNF" "centime"
                      -- Defined at src/Money.hs:355:15
    Suggested fix:
      Move the instance declaration to the module of the type family or of the type, or
      wrap the type with a newtype and declare the instance on the new type.
    |
355 | type instance I.CurrencyScale "GNF" = I.UnitScale "GNF" "centime"
    | ^^^^^^^^^^^^^^^^^^^^^^^^^^^^^^^^^^^^^^^^^^^^^^^^^^^^^^^^^^^^^^^^^

src/Money.hs:356:1: warning: [GHC-90177] [-Worphans]
    Orphan family instance:
      type instance I.UnitScale "GNF" "franc" = '(1, 1)
                      -- Defined at src/Money.hs:356:15
    Suggested fix:
      Move the instance declaration to the module of the type family or of the type, or
      wrap the type with a newtype and declare the instance on the new type.
    |
356 | type instance I.UnitScale "GNF" "franc" = '(1, 1)
    | ^^^^^^^^^^^^^^^^^^^^^^^^^^^^^^^^^^^^^^^^^^^^^^^^^

src/Money.hs:357:1: warning: [GHC-90177] [-Worphans]
    Orphan family instance:
      type instance I.UnitScale "GNF" "centime" = '(100, 1)
                      -- Defined at src/Money.hs:357:15
    Suggested fix:
      Move the instance declaration to the module of the type family or of the type, or
      wrap the type with a newtype and declare the instance on the new type.
    |
357 | type instance I.UnitScale "GNF" "centime" = '(100, 1)
    | ^^^^^^^^^^^^^^^^^^^^^^^^^^^^^^^^^^^^^^^^^^^^^^^^^^^^^

src/Money.hs:359:1: warning: [GHC-90177] [-Worphans]
    Orphan family instance:
      type instance I.CurrencyScale "GTQ" = I.UnitScale "GTQ" "centavo"
                      -- Defined at src/Money.hs:359:15
    Suggested fix:
      Move the instance declaration to the module of the type family or of the type, or
      wrap the type with a newtype and declare the instance on the new type.
    |
359 | type instance I.CurrencyScale "GTQ" = I.UnitScale "GTQ" "centavo"
    | ^^^^^^^^^^^^^^^^^^^^^^^^^^^^^^^^^^^^^^^^^^^^^^^^^^^^^^^^^^^^^^^^^

src/Money.hs:360:1: warning: [GHC-90177] [-Worphans]
    Orphan family instance:
      type instance I.UnitScale "GTQ" "quetzal" = '(1, 1)
                      -- Defined at src/Money.hs:360:15
    Suggested fix:
      Move the instance declaration to the module of the type family or of the type, or
      wrap the type with a newtype and declare the instance on the new type.
    |
360 | type instance I.UnitScale "GTQ" "quetzal" = '(1, 1)
    | ^^^^^^^^^^^^^^^^^^^^^^^^^^^^^^^^^^^^^^^^^^^^^^^^^^^

src/Money.hs:361:1: warning: [GHC-90177] [-Worphans]
    Orphan family instance:
      type instance I.UnitScale "GTQ" "centavo" = '(100, 1)
                      -- Defined at src/Money.hs:361:15
    Suggested fix:
      Move the instance declaration to the module of the type family or of the type, or
      wrap the type with a newtype and declare the instance on the new type.
    |
361 | type instance I.UnitScale "GTQ" "centavo" = '(100, 1)
    | ^^^^^^^^^^^^^^^^^^^^^^^^^^^^^^^^^^^^^^^^^^^^^^^^^^^^^

src/Money.hs:363:1: warning: [GHC-90177] [-Worphans]
    Orphan family instance:
      type instance I.CurrencyScale "GYD" = I.UnitScale "GYD" "cent"
                      -- Defined at src/Money.hs:363:15
    Suggested fix:
      Move the instance declaration to the module of the type family or of the type, or
      wrap the type with a newtype and declare the instance on the new type.
    |
363 | type instance I.CurrencyScale "GYD" = I.UnitScale "GYD" "cent"
    | ^^^^^^^^^^^^^^^^^^^^^^^^^^^^^^^^^^^^^^^^^^^^^^^^^^^^^^^^^^^^^^

src/Money.hs:364:1: warning: [GHC-90177] [-Worphans]
    Orphan family instance:
      type instance I.UnitScale "GYD" "dollar" = '(1, 1)
                      -- Defined at src/Money.hs:364:15
    Suggested fix:
      Move the instance declaration to the module of the type family or of the type, or
      wrap the type with a newtype and declare the instance on the new type.
    |
364 | type instance I.UnitScale "GYD" "dollar" = '(1, 1)
    | ^^^^^^^^^^^^^^^^^^^^^^^^^^^^^^^^^^^^^^^^^^^^^^^^^^

src/Money.hs:365:1: warning: [GHC-90177] [-Worphans]
    Orphan family instance:
      type instance I.UnitScale "GYD" "cent" = '(100, 1)
                      -- Defined at src/Money.hs:365:15
    Suggested fix:
      Move the instance declaration to the module of the type family or of the type, or
      wrap the type with a newtype and declare the instance on the new type.
    |
365 | type instance I.UnitScale "GYD" "cent" = '(100, 1)
    | ^^^^^^^^^^^^^^^^^^^^^^^^^^^^^^^^^^^^^^^^^^^^^^^^^^

src/Money.hs:367:1: warning: [GHC-90177] [-Worphans]
    Orphan family instance:
      type instance I.CurrencyScale "HKD" = I.UnitScale "HKD" "cent"
                      -- Defined at src/Money.hs:367:15
    Suggested fix:
      Move the instance declaration to the module of the type family or of the type, or
      wrap the type with a newtype and declare the instance on the new type.
    |
367 | type instance I.CurrencyScale "HKD" = I.UnitScale "HKD" "cent"
    | ^^^^^^^^^^^^^^^^^^^^^^^^^^^^^^^^^^^^^^^^^^^^^^^^^^^^^^^^^^^^^^

src/Money.hs:368:1: warning: [GHC-90177] [-Worphans]
    Orphan family instance:
      type instance I.UnitScale "HKD" "dollar" = '(1, 1)
                      -- Defined at src/Money.hs:368:15
    Suggested fix:
      Move the instance declaration to the module of the type family or of the type, or
      wrap the type with a newtype and declare the instance on the new type.
    |
368 | type instance I.UnitScale "HKD" "dollar" = '(1, 1)
    | ^^^^^^^^^^^^^^^^^^^^^^^^^^^^^^^^^^^^^^^^^^^^^^^^^^

src/Money.hs:369:1: warning: [GHC-90177] [-Worphans]
    Orphan family instance:
      type instance I.UnitScale "HKD" "cent" = '(100, 1)
                      -- Defined at src/Money.hs:369:15
    Suggested fix:
      Move the instance declaration to the module of the type family or of the type, or
      wrap the type with a newtype and declare the instance on the new type.
    |
369 | type instance I.UnitScale "HKD" "cent" = '(100, 1)
    | ^^^^^^^^^^^^^^^^^^^^^^^^^^^^^^^^^^^^^^^^^^^^^^^^^^

src/Money.hs:371:1: warning: [GHC-90177] [-Worphans]
    Orphan family instance:
      type instance I.CurrencyScale "HNL" = I.UnitScale "HNL" "centavo"
                      -- Defined at src/Money.hs:371:15
    Suggested fix:
      Move the instance declaration to the module of the type family or of the type, or
      wrap the type with a newtype and declare the instance on the new type.
    |
371 | type instance I.CurrencyScale "HNL" = I.UnitScale "HNL" "centavo"
    | ^^^^^^^^^^^^^^^^^^^^^^^^^^^^^^^^^^^^^^^^^^^^^^^^^^^^^^^^^^^^^^^^^

src/Money.hs:372:1: warning: [GHC-90177] [-Worphans]
    Orphan family instance:
      type instance I.UnitScale "HNL" "lempira" = '(1, 1)
                      -- Defined at src/Money.hs:372:15
    Suggested fix:
      Move the instance declaration to the module of the type family or of the type, or
      wrap the type with a newtype and declare the instance on the new type.
    |
372 | type instance I.UnitScale "HNL" "lempira" = '(1, 1)
    | ^^^^^^^^^^^^^^^^^^^^^^^^^^^^^^^^^^^^^^^^^^^^^^^^^^^

src/Money.hs:373:1: warning: [GHC-90177] [-Worphans]
    Orphan family instance:
      type instance I.UnitScale "HNL" "centavo" = '(100, 1)
                      -- Defined at src/Money.hs:373:15
    Suggested fix:
      Move the instance declaration to the module of the type family or of the type, or
      wrap the type with a newtype and declare the instance on the new type.
    |
373 | type instance I.UnitScale "HNL" "centavo" = '(100, 1)
    | ^^^^^^^^^^^^^^^^^^^^^^^^^^^^^^^^^^^^^^^^^^^^^^^^^^^^^

src/Money.hs:375:1: warning: [GHC-90177] [-Worphans]
    Orphan family instance:
      type instance I.CurrencyScale "HRK" = I.UnitScale "HRK" "lipa"
                      -- Defined at src/Money.hs:375:15
    Suggested fix:
      Move the instance declaration to the module of the type family or of the type, or
      wrap the type with a newtype and declare the instance on the new type.
    |
375 | type instance I.CurrencyScale "HRK" = I.UnitScale "HRK" "lipa"
    | ^^^^^^^^^^^^^^^^^^^^^^^^^^^^^^^^^^^^^^^^^^^^^^^^^^^^^^^^^^^^^^

src/Money.hs:376:1: warning: [GHC-90177] [-Worphans]
    Orphan family instance:
      type instance I.UnitScale "HRK" "kuna" = '(1, 1)
                      -- Defined at src/Money.hs:376:15
    Suggested fix:
      Move the instance declaration to the module of the type family or of the type, or
      wrap the type with a newtype and declare the instance on the new type.
    |
376 | type instance I.UnitScale "HRK" "kuna" = '(1, 1)
    | ^^^^^^^^^^^^^^^^^^^^^^^^^^^^^^^^^^^^^^^^^^^^^^^^

src/Money.hs:377:1: warning: [GHC-90177] [-Worphans]
    Orphan family instance:
      type instance I.UnitScale "HRK" "lipa" = '(100, 1)
                      -- Defined at src/Money.hs:377:15
    Suggested fix:
      Move the instance declaration to the module of the type family or of the type, or
      wrap the type with a newtype and declare the instance on the new type.
    |
377 | type instance I.UnitScale "HRK" "lipa" = '(100, 1)
    | ^^^^^^^^^^^^^^^^^^^^^^^^^^^^^^^^^^^^^^^^^^^^^^^^^^

src/Money.hs:379:1: warning: [GHC-90177] [-Worphans]
    Orphan family instance:
      type instance I.CurrencyScale "HTG" = I.UnitScale "HTG" "centime"
                      -- Defined at src/Money.hs:379:15
    Suggested fix:
      Move the instance declaration to the module of the type family or of the type, or
      wrap the type with a newtype and declare the instance on the new type.
    |
379 | type instance I.CurrencyScale "HTG" = I.UnitScale "HTG" "centime"
    | ^^^^^^^^^^^^^^^^^^^^^^^^^^^^^^^^^^^^^^^^^^^^^^^^^^^^^^^^^^^^^^^^^

src/Money.hs:380:1: warning: [GHC-90177] [-Worphans]
    Orphan family instance:
      type instance I.UnitScale "HTG" "gourde" = '(1, 1)
                      -- Defined at src/Money.hs:380:15
    Suggested fix:
      Move the instance declaration to the module of the type family or of the type, or
      wrap the type with a newtype and declare the instance on the new type.
    |
380 | type instance I.UnitScale "HTG" "gourde" = '(1, 1)
    | ^^^^^^^^^^^^^^^^^^^^^^^^^^^^^^^^^^^^^^^^^^^^^^^^^^

src/Money.hs:381:1: warning: [GHC-90177] [-Worphans]
    Orphan family instance:
      type instance I.UnitScale "HTG" "centime" = '(100, 1)
                      -- Defined at src/Money.hs:381:15
    Suggested fix:
      Move the instance declaration to the module of the type family or of the type, or
      wrap the type with a newtype and declare the instance on the new type.
    |
381 | type instance I.UnitScale "HTG" "centime" = '(100, 1)
    | ^^^^^^^^^^^^^^^^^^^^^^^^^^^^^^^^^^^^^^^^^^^^^^^^^^^^^

src/Money.hs:383:1: warning: [GHC-90177] [-Worphans]
    Orphan family instance:
      type instance I.CurrencyScale "HUF" = I.UnitScale "HUF" "filler"
                      -- Defined at src/Money.hs:383:15
    Suggested fix:
      Move the instance declaration to the module of the type family or of the type, or
      wrap the type with a newtype and declare the instance on the new type.
    |
383 | type instance I.CurrencyScale "HUF" = I.UnitScale "HUF" "filler"
    | ^^^^^^^^^^^^^^^^^^^^^^^^^^^^^^^^^^^^^^^^^^^^^^^^^^^^^^^^^^^^^^^^

src/Money.hs:384:1: warning: [GHC-90177] [-Worphans]
    Orphan family instance:
      type instance I.UnitScale "HUF" "forint" = '(1, 1)
                      -- Defined at src/Money.hs:384:15
    Suggested fix:
      Move the instance declaration to the module of the type family or of the type, or
      wrap the type with a newtype and declare the instance on the new type.
    |
384 | type instance I.UnitScale "HUF" "forint" = '(1, 1)
    | ^^^^^^^^^^^^^^^^^^^^^^^^^^^^^^^^^^^^^^^^^^^^^^^^^^

src/Money.hs:385:1: warning: [GHC-90177] [-Worphans]
    Orphan family instance:
      type instance I.UnitScale "HUF" "filler" = '(100, 1)
                      -- Defined at src/Money.hs:385:15
    Suggested fix:
      Move the instance declaration to the module of the type family or of the type, or
      wrap the type with a newtype and declare the instance on the new type.
    |
385 | type instance I.UnitScale "HUF" "filler" = '(100, 1)
    | ^^^^^^^^^^^^^^^^^^^^^^^^^^^^^^^^^^^^^^^^^^^^^^^^^^^^

src/Money.hs:387:1: warning: [GHC-90177] [-Worphans]
    Orphan family instance:
      type instance I.CurrencyScale "IDR" = I.UnitScale "IDR" "sen"
                      -- Defined at src/Money.hs:387:15
    Suggested fix:
      Move the instance declaration to the module of the type family or of the type, or
      wrap the type with a newtype and declare the instance on the new type.
    |
387 | type instance I.CurrencyScale "IDR" = I.UnitScale "IDR" "sen"
    | ^^^^^^^^^^^^^^^^^^^^^^^^^^^^^^^^^^^^^^^^^^^^^^^^^^^^^^^^^^^^^

src/Money.hs:388:1: warning: [GHC-90177] [-Worphans]
    Orphan family instance:
      type instance I.UnitScale "IDR" "rupiah" = '(1, 1)
                      -- Defined at src/Money.hs:388:15
    Suggested fix:
      Move the instance declaration to the module of the type family or of the type, or
      wrap the type with a newtype and declare the instance on the new type.
    |
388 | type instance I.UnitScale "IDR" "rupiah" = '(1, 1)
    | ^^^^^^^^^^^^^^^^^^^^^^^^^^^^^^^^^^^^^^^^^^^^^^^^^^

src/Money.hs:389:1: warning: [GHC-90177] [-Worphans]
    Orphan family instance:
      type instance I.UnitScale "IDR" "sen" = '(100, 1)
                      -- Defined at src/Money.hs:389:15
    Suggested fix:
      Move the instance declaration to the module of the type family or of the type, or
      wrap the type with a newtype and declare the instance on the new type.
    |
389 | type instance I.UnitScale "IDR" "sen" = '(100, 1)
    | ^^^^^^^^^^^^^^^^^^^^^^^^^^^^^^^^^^^^^^^^^^^^^^^^^

src/Money.hs:391:1: warning: [GHC-90177] [-Worphans]
    Orphan family instance:
      type instance I.CurrencyScale "ILS" = I.UnitScale "ILS" "agora"
                      -- Defined at src/Money.hs:391:15
    Suggested fix:
      Move the instance declaration to the module of the type family or of the type, or
      wrap the type with a newtype and declare the instance on the new type.
    |
391 | type instance I.CurrencyScale "ILS" = I.UnitScale "ILS" "agora"
    | ^^^^^^^^^^^^^^^^^^^^^^^^^^^^^^^^^^^^^^^^^^^^^^^^^^^^^^^^^^^^^^^

src/Money.hs:392:1: warning: [GHC-90177] [-Worphans]
    Orphan family instance:
      type instance I.UnitScale "ILS" "shekel" = '(1, 1)
                      -- Defined at src/Money.hs:392:15
    Suggested fix:
      Move the instance declaration to the module of the type family or of the type, or
      wrap the type with a newtype and declare the instance on the new type.
    |
392 | type instance I.UnitScale "ILS" "shekel" = '(1, 1)
    | ^^^^^^^^^^^^^^^^^^^^^^^^^^^^^^^^^^^^^^^^^^^^^^^^^^

src/Money.hs:393:1: warning: [GHC-90177] [-Worphans]
    Orphan family instance:
      type instance I.UnitScale "ILS" "agora" = '(100, 1)
                      -- Defined at src/Money.hs:393:15
    Suggested fix:
      Move the instance declaration to the module of the type family or of the type, or
      wrap the type with a newtype and declare the instance on the new type.
    |
393 | type instance I.UnitScale "ILS" "agora" = '(100, 1)
    | ^^^^^^^^^^^^^^^^^^^^^^^^^^^^^^^^^^^^^^^^^^^^^^^^^^^

src/Money.hs:395:1: warning: [GHC-90177] [-Worphans]
    Orphan family instance:
      type instance I.CurrencyScale "INR" = I.UnitScale "INR" "paisa"
                      -- Defined at src/Money.hs:395:15
    Suggested fix:
      Move the instance declaration to the module of the type family or of the type, or
      wrap the type with a newtype and declare the instance on the new type.
    |
395 | type instance I.CurrencyScale "INR" = I.UnitScale "INR" "paisa"
    | ^^^^^^^^^^^^^^^^^^^^^^^^^^^^^^^^^^^^^^^^^^^^^^^^^^^^^^^^^^^^^^^

src/Money.hs:396:1: warning: [GHC-90177] [-Worphans]
    Orphan family instance:
      type instance I.UnitScale "INR" "rupee" = '(1, 1)
                      -- Defined at src/Money.hs:396:15
    Suggested fix:
      Move the instance declaration to the module of the type family or of the type, or
      wrap the type with a newtype and declare the instance on the new type.
    |
396 | type instance I.UnitScale "INR" "rupee" = '(1, 1)
    | ^^^^^^^^^^^^^^^^^^^^^^^^^^^^^^^^^^^^^^^^^^^^^^^^^

src/Money.hs:397:1: warning: [GHC-90177] [-Worphans]
    Orphan family instance:
      type instance I.UnitScale "INR" "paisa" = '(100, 1)
                      -- Defined at src/Money.hs:397:15
    Suggested fix:
      Move the instance declaration to the module of the type family or of the type, or
      wrap the type with a newtype and declare the instance on the new type.
    |
397 | type instance I.UnitScale "INR" "paisa" = '(100, 1)
    | ^^^^^^^^^^^^^^^^^^^^^^^^^^^^^^^^^^^^^^^^^^^^^^^^^^^

src/Money.hs:399:1: warning: [GHC-90177] [-Worphans]
    Orphan family instance:
      type instance I.CurrencyScale "IQD" = I.UnitScale "IQD" "fils"
                      -- Defined at src/Money.hs:399:15
    Suggested fix:
      Move the instance declaration to the module of the type family or of the type, or
      wrap the type with a newtype and declare the instance on the new type.
    |
399 | type instance I.CurrencyScale "IQD" = I.UnitScale "IQD" "fils"
    | ^^^^^^^^^^^^^^^^^^^^^^^^^^^^^^^^^^^^^^^^^^^^^^^^^^^^^^^^^^^^^^

src/Money.hs:400:1: warning: [GHC-90177] [-Worphans]
    Orphan family instance:
      type instance I.UnitScale "IQD" "dinar" = '(1, 1)
                      -- Defined at src/Money.hs:400:15
    Suggested fix:
      Move the instance declaration to the module of the type family or of the type, or
      wrap the type with a newtype and declare the instance on the new type.
    |
400 | type instance I.UnitScale "IQD" "dinar" = '(1, 1)
    | ^^^^^^^^^^^^^^^^^^^^^^^^^^^^^^^^^^^^^^^^^^^^^^^^^

src/Money.hs:401:1: warning: [GHC-90177] [-Worphans]
    Orphan family instance:
      type instance I.UnitScale "IQD" "fils" = '(1000, 1)
                      -- Defined at src/Money.hs:401:15
    Suggested fix:
      Move the instance declaration to the module of the type family or of the type, or
      wrap the type with a newtype and declare the instance on the new type.
    |
401 | type instance I.UnitScale "IQD" "fils" = '(1000, 1)
    | ^^^^^^^^^^^^^^^^^^^^^^^^^^^^^^^^^^^^^^^^^^^^^^^^^^^

src/Money.hs:403:1: warning: [GHC-90177] [-Worphans]
    Orphan family instance:
      type instance I.CurrencyScale "IRR" = I.UnitScale "IRR" "dinar"
                      -- Defined at src/Money.hs:403:15
    Suggested fix:
      Move the instance declaration to the module of the type family or of the type, or
      wrap the type with a newtype and declare the instance on the new type.
    |
403 | type instance I.CurrencyScale "IRR" = I.UnitScale "IRR" "dinar"
    | ^^^^^^^^^^^^^^^^^^^^^^^^^^^^^^^^^^^^^^^^^^^^^^^^^^^^^^^^^^^^^^^

src/Money.hs:404:1: warning: [GHC-90177] [-Worphans]
    Orphan family instance:
      type instance I.UnitScale "IRR" "rial" = '(1, 1)
                      -- Defined at src/Money.hs:404:15
    Suggested fix:
      Move the instance declaration to the module of the type family or of the type, or
      wrap the type with a newtype and declare the instance on the new type.
    |
404 | type instance I.UnitScale "IRR" "rial" = '(1, 1)
    | ^^^^^^^^^^^^^^^^^^^^^^^^^^^^^^^^^^^^^^^^^^^^^^^^

src/Money.hs:405:1: warning: [GHC-90177] [-Worphans]
    Orphan family instance:
      type instance I.UnitScale "IRR" "dinar" = '(100, 1)
                      -- Defined at src/Money.hs:405:15
    Suggested fix:
      Move the instance declaration to the module of the type family or of the type, or
      wrap the type with a newtype and declare the instance on the new type.
    |
405 | type instance I.UnitScale "IRR" "dinar" = '(100, 1)
    | ^^^^^^^^^^^^^^^^^^^^^^^^^^^^^^^^^^^^^^^^^^^^^^^^^^^

src/Money.hs:407:1: warning: [GHC-90177] [-Worphans]
    Orphan family instance:
      type instance I.CurrencyScale "ISK" = I.UnitScale "ISK" "eyrir"
                      -- Defined at src/Money.hs:407:15
    Suggested fix:
      Move the instance declaration to the module of the type family or of the type, or
      wrap the type with a newtype and declare the instance on the new type.
    |
407 | type instance I.CurrencyScale "ISK" = I.UnitScale "ISK" "eyrir"
    | ^^^^^^^^^^^^^^^^^^^^^^^^^^^^^^^^^^^^^^^^^^^^^^^^^^^^^^^^^^^^^^^

src/Money.hs:408:1: warning: [GHC-90177] [-Worphans]
    Orphan family instance:
      type instance I.UnitScale "ISK" "krona" = '(1, 1)
                      -- Defined at src/Money.hs:408:15
    Suggested fix:
      Move the instance declaration to the module of the type family or of the type, or
      wrap the type with a newtype and declare the instance on the new type.
    |
408 | type instance I.UnitScale "ISK" "krona" = '(1, 1)
    | ^^^^^^^^^^^^^^^^^^^^^^^^^^^^^^^^^^^^^^^^^^^^^^^^^

src/Money.hs:409:1: warning: [GHC-90177] [-Worphans]
    Orphan family instance:
      type instance I.UnitScale "ISK" "eyrir" = '(100, 1)
                      -- Defined at src/Money.hs:409:15
    Suggested fix:
      Move the instance declaration to the module of the type family or of the type, or
      wrap the type with a newtype and declare the instance on the new type.
    |
409 | type instance I.UnitScale "ISK" "eyrir" = '(100, 1)
    | ^^^^^^^^^^^^^^^^^^^^^^^^^^^^^^^^^^^^^^^^^^^^^^^^^^^

src/Money.hs:411:1: warning: [GHC-90177] [-Worphans]
    Orphan family instance:
      type instance I.CurrencyScale "JMD" = I.UnitScale "JMD" "cent"
                      -- Defined at src/Money.hs:411:15
    Suggested fix:
      Move the instance declaration to the module of the type family or of the type, or
      wrap the type with a newtype and declare the instance on the new type.
    |
411 | type instance I.CurrencyScale "JMD" = I.UnitScale "JMD" "cent"
    | ^^^^^^^^^^^^^^^^^^^^^^^^^^^^^^^^^^^^^^^^^^^^^^^^^^^^^^^^^^^^^^

src/Money.hs:412:1: warning: [GHC-90177] [-Worphans]
    Orphan family instance:
      type instance I.UnitScale "JMD" "dollar" = '(1, 1)
                      -- Defined at src/Money.hs:412:15
    Suggested fix:
      Move the instance declaration to the module of the type family or of the type, or
      wrap the type with a newtype and declare the instance on the new type.
    |
412 | type instance I.UnitScale "JMD" "dollar" = '(1, 1)
    | ^^^^^^^^^^^^^^^^^^^^^^^^^^^^^^^^^^^^^^^^^^^^^^^^^^

src/Money.hs:413:1: warning: [GHC-90177] [-Worphans]
    Orphan family instance:
      type instance I.UnitScale "JMD" "cent" = '(100, 1)
                      -- Defined at src/Money.hs:413:15
    Suggested fix:
      Move the instance declaration to the module of the type family or of the type, or
      wrap the type with a newtype and declare the instance on the new type.
    |
413 | type instance I.UnitScale "JMD" "cent" = '(100, 1)
    | ^^^^^^^^^^^^^^^^^^^^^^^^^^^^^^^^^^^^^^^^^^^^^^^^^^

src/Money.hs:415:1: warning: [GHC-90177] [-Worphans]
    Orphan family instance:
      type instance I.CurrencyScale "JOD" = I.UnitScale "JOD" "piastre"
                      -- Defined at src/Money.hs:415:15
    Suggested fix:
      Move the instance declaration to the module of the type family or of the type, or
      wrap the type with a newtype and declare the instance on the new type.
    |
415 | type instance I.CurrencyScale "JOD" = I.UnitScale "JOD" "piastre"
    | ^^^^^^^^^^^^^^^^^^^^^^^^^^^^^^^^^^^^^^^^^^^^^^^^^^^^^^^^^^^^^^^^^

src/Money.hs:416:1: warning: [GHC-90177] [-Worphans]
    Orphan family instance:
      type instance I.UnitScale "JOD" "dinar" = '(1, 1)
                      -- Defined at src/Money.hs:416:15
    Suggested fix:
      Move the instance declaration to the module of the type family or of the type, or
      wrap the type with a newtype and declare the instance on the new type.
    |
416 | type instance I.UnitScale "JOD" "dinar" = '(1, 1)
    | ^^^^^^^^^^^^^^^^^^^^^^^^^^^^^^^^^^^^^^^^^^^^^^^^^

src/Money.hs:417:1: warning: [GHC-90177] [-Worphans]
    Orphan family instance:
      type instance I.UnitScale "JOD" "piastre" = '(100, 1)
                      -- Defined at src/Money.hs:417:15
    Suggested fix:
      Move the instance declaration to the module of the type family or of the type, or
      wrap the type with a newtype and declare the instance on the new type.
    |
417 | type instance I.UnitScale "JOD" "piastre" = '(100, 1)
    | ^^^^^^^^^^^^^^^^^^^^^^^^^^^^^^^^^^^^^^^^^^^^^^^^^^^^^

src/Money.hs:419:1: warning: [GHC-90177] [-Worphans]
    Orphan family instance:
      type instance I.CurrencyScale "JPY" = I.UnitScale "JPY" "sen"
                      -- Defined at src/Money.hs:419:15
    Suggested fix:
      Move the instance declaration to the module of the type family or of the type, or
      wrap the type with a newtype and declare the instance on the new type.
    |
419 | type instance I.CurrencyScale "JPY" = I.UnitScale "JPY" "sen"
    | ^^^^^^^^^^^^^^^^^^^^^^^^^^^^^^^^^^^^^^^^^^^^^^^^^^^^^^^^^^^^^

src/Money.hs:420:1: warning: [GHC-90177] [-Worphans]
    Orphan family instance:
      type instance I.UnitScale "JPY" "yen" = '(1, 1)
                      -- Defined at src/Money.hs:420:15
    Suggested fix:
      Move the instance declaration to the module of the type family or of the type, or
      wrap the type with a newtype and declare the instance on the new type.
    |
420 | type instance I.UnitScale "JPY" "yen" = '(1, 1)
    | ^^^^^^^^^^^^^^^^^^^^^^^^^^^^^^^^^^^^^^^^^^^^^^^

src/Money.hs:421:1: warning: [GHC-90177] [-Worphans]
    Orphan family instance:
      type instance I.UnitScale "JPY" "sen" = '(100, 1)
                      -- Defined at src/Money.hs:421:15
    Suggested fix:
      Move the instance declaration to the module of the type family or of the type, or
      wrap the type with a newtype and declare the instance on the new type.
    |
421 | type instance I.UnitScale "JPY" "sen" = '(100, 1)
    | ^^^^^^^^^^^^^^^^^^^^^^^^^^^^^^^^^^^^^^^^^^^^^^^^^

src/Money.hs:423:1: warning: [GHC-90177] [-Worphans]
    Orphan family instance:
      type instance I.CurrencyScale "KES" = I.UnitScale "KES" "cent"
                      -- Defined at src/Money.hs:423:15
    Suggested fix:
      Move the instance declaration to the module of the type family or of the type, or
      wrap the type with a newtype and declare the instance on the new type.
    |
423 | type instance I.CurrencyScale "KES" = I.UnitScale "KES" "cent"
    | ^^^^^^^^^^^^^^^^^^^^^^^^^^^^^^^^^^^^^^^^^^^^^^^^^^^^^^^^^^^^^^

src/Money.hs:424:1: warning: [GHC-90177] [-Worphans]
    Orphan family instance:
      type instance I.UnitScale "KES" "shilling" = '(1, 1)
                      -- Defined at src/Money.hs:424:15
    Suggested fix:
      Move the instance declaration to the module of the type family or of the type, or
      wrap the type with a newtype and declare the instance on the new type.
    |
424 | type instance I.UnitScale "KES" "shilling" = '(1, 1)
    | ^^^^^^^^^^^^^^^^^^^^^^^^^^^^^^^^^^^^^^^^^^^^^^^^^^^^

src/Money.hs:425:1: warning: [GHC-90177] [-Worphans]
    Orphan family instance:
      type instance I.UnitScale "KES" "cent" = '(100, 1)
                      -- Defined at src/Money.hs:425:15
    Suggested fix:
      Move the instance declaration to the module of the type family or of the type, or
      wrap the type with a newtype and declare the instance on the new type.
    |
425 | type instance I.UnitScale "KES" "cent" = '(100, 1)
    | ^^^^^^^^^^^^^^^^^^^^^^^^^^^^^^^^^^^^^^^^^^^^^^^^^^

src/Money.hs:427:1: warning: [GHC-90177] [-Worphans]
    Orphan family instance:
      type instance I.CurrencyScale "KGS" = I.UnitScale "KGS" "tyiyn"
                      -- Defined at src/Money.hs:427:15
    Suggested fix:
      Move the instance declaration to the module of the type family or of the type, or
      wrap the type with a newtype and declare the instance on the new type.
    |
427 | type instance I.CurrencyScale "KGS" = I.UnitScale "KGS" "tyiyn"
    | ^^^^^^^^^^^^^^^^^^^^^^^^^^^^^^^^^^^^^^^^^^^^^^^^^^^^^^^^^^^^^^^

src/Money.hs:428:1: warning: [GHC-90177] [-Worphans]
    Orphan family instance:
      type instance I.UnitScale "KGS" "som" = '(1, 1)
                      -- Defined at src/Money.hs:428:15
    Suggested fix:
      Move the instance declaration to the module of the type family or of the type, or
      wrap the type with a newtype and declare the instance on the new type.
    |
428 | type instance I.UnitScale "KGS" "som" = '(1, 1)
    | ^^^^^^^^^^^^^^^^^^^^^^^^^^^^^^^^^^^^^^^^^^^^^^^

src/Money.hs:429:1: warning: [GHC-90177] [-Worphans]
    Orphan family instance:
      type instance I.UnitScale "KGS" "tyiyn" = '(100, 1)
                      -- Defined at src/Money.hs:429:15
    Suggested fix:
      Move the instance declaration to the module of the type family or of the type, or
      wrap the type with a newtype and declare the instance on the new type.
    |
429 | type instance I.UnitScale "KGS" "tyiyn" = '(100, 1)
    | ^^^^^^^^^^^^^^^^^^^^^^^^^^^^^^^^^^^^^^^^^^^^^^^^^^^

src/Money.hs:431:1: warning: [GHC-90177] [-Worphans]
    Orphan family instance:
      type instance I.CurrencyScale "KHR" = I.UnitScale "KHR" "sen"
                      -- Defined at src/Money.hs:431:15
    Suggested fix:
      Move the instance declaration to the module of the type family or of the type, or
      wrap the type with a newtype and declare the instance on the new type.
    |
431 | type instance I.CurrencyScale "KHR" = I.UnitScale "KHR" "sen"
    | ^^^^^^^^^^^^^^^^^^^^^^^^^^^^^^^^^^^^^^^^^^^^^^^^^^^^^^^^^^^^^

src/Money.hs:432:1: warning: [GHC-90177] [-Worphans]
    Orphan family instance:
      type instance I.UnitScale "KHR" "riel" = '(1, 1)
                      -- Defined at src/Money.hs:432:15
    Suggested fix:
      Move the instance declaration to the module of the type family or of the type, or
      wrap the type with a newtype and declare the instance on the new type.
    |
432 | type instance I.UnitScale "KHR" "riel" = '(1, 1)
    | ^^^^^^^^^^^^^^^^^^^^^^^^^^^^^^^^^^^^^^^^^^^^^^^^

src/Money.hs:433:1: warning: [GHC-90177] [-Worphans]
    Orphan family instance:
      type instance I.UnitScale "KHR" "sen" = '(100, 1)
                      -- Defined at src/Money.hs:433:15
    Suggested fix:
      Move the instance declaration to the module of the type family or of the type, or
      wrap the type with a newtype and declare the instance on the new type.
    |
433 | type instance I.UnitScale "KHR" "sen" = '(100, 1)
    | ^^^^^^^^^^^^^^^^^^^^^^^^^^^^^^^^^^^^^^^^^^^^^^^^^

src/Money.hs:435:1: warning: [GHC-90177] [-Worphans]
    Orphan family instance:
      type instance I.CurrencyScale "KMF" = I.UnitScale "KMF" "centime"
                      -- Defined at src/Money.hs:435:15
    Suggested fix:
      Move the instance declaration to the module of the type family or of the type, or
      wrap the type with a newtype and declare the instance on the new type.
    |
435 | type instance I.CurrencyScale "KMF" = I.UnitScale "KMF" "centime"
    | ^^^^^^^^^^^^^^^^^^^^^^^^^^^^^^^^^^^^^^^^^^^^^^^^^^^^^^^^^^^^^^^^^

src/Money.hs:436:1: warning: [GHC-90177] [-Worphans]
    Orphan family instance:
      type instance I.UnitScale "KMF" "franc" = '(1, 1)
                      -- Defined at src/Money.hs:436:15
    Suggested fix:
      Move the instance declaration to the module of the type family or of the type, or
      wrap the type with a newtype and declare the instance on the new type.
    |
436 | type instance I.UnitScale "KMF" "franc" = '(1, 1)
    | ^^^^^^^^^^^^^^^^^^^^^^^^^^^^^^^^^^^^^^^^^^^^^^^^^

src/Money.hs:437:1: warning: [GHC-90177] [-Worphans]
    Orphan family instance:
      type instance I.UnitScale "KMF" "centime" = '(100, 1)
                      -- Defined at src/Money.hs:437:15
    Suggested fix:
      Move the instance declaration to the module of the type family or of the type, or
      wrap the type with a newtype and declare the instance on the new type.
    |
437 | type instance I.UnitScale "KMF" "centime" = '(100, 1)
    | ^^^^^^^^^^^^^^^^^^^^^^^^^^^^^^^^^^^^^^^^^^^^^^^^^^^^^

src/Money.hs:439:1: warning: [GHC-90177] [-Worphans]
    Orphan family instance:
      type instance I.CurrencyScale "KPW" = I.UnitScale "KPW" "chon"
                      -- Defined at src/Money.hs:439:15
    Suggested fix:
      Move the instance declaration to the module of the type family or of the type, or
      wrap the type with a newtype and declare the instance on the new type.
    |
439 | type instance I.CurrencyScale "KPW" = I.UnitScale "KPW" "chon"
    | ^^^^^^^^^^^^^^^^^^^^^^^^^^^^^^^^^^^^^^^^^^^^^^^^^^^^^^^^^^^^^^

src/Money.hs:440:1: warning: [GHC-90177] [-Worphans]
    Orphan family instance:
      type instance I.UnitScale "KPW" "won" = '(1, 1)
                      -- Defined at src/Money.hs:440:15
    Suggested fix:
      Move the instance declaration to the module of the type family or of the type, or
      wrap the type with a newtype and declare the instance on the new type.
    |
440 | type instance I.UnitScale "KPW" "won" = '(1, 1)
    | ^^^^^^^^^^^^^^^^^^^^^^^^^^^^^^^^^^^^^^^^^^^^^^^

src/Money.hs:441:1: warning: [GHC-90177] [-Worphans]
    Orphan family instance:
      type instance I.UnitScale "KPW" "chon" = '(100, 1)
                      -- Defined at src/Money.hs:441:15
    Suggested fix:
      Move the instance declaration to the module of the type family or of the type, or
      wrap the type with a newtype and declare the instance on the new type.
    |
441 | type instance I.UnitScale "KPW" "chon" = '(100, 1)
    | ^^^^^^^^^^^^^^^^^^^^^^^^^^^^^^^^^^^^^^^^^^^^^^^^^^

src/Money.hs:443:1: warning: [GHC-90177] [-Worphans]
    Orphan family instance:
      type instance I.CurrencyScale "KRW" = I.UnitScale "KRW" "jeon"
                      -- Defined at src/Money.hs:443:15
    Suggested fix:
      Move the instance declaration to the module of the type family or of the type, or
      wrap the type with a newtype and declare the instance on the new type.
    |
443 | type instance I.CurrencyScale "KRW" = I.UnitScale "KRW" "jeon"
    | ^^^^^^^^^^^^^^^^^^^^^^^^^^^^^^^^^^^^^^^^^^^^^^^^^^^^^^^^^^^^^^

src/Money.hs:444:1: warning: [GHC-90177] [-Worphans]
    Orphan family instance:
      type instance I.UnitScale "KRW" "won" = '(1, 1)
                      -- Defined at src/Money.hs:444:15
    Suggested fix:
      Move the instance declaration to the module of the type family or of the type, or
      wrap the type with a newtype and declare the instance on the new type.
    |
444 | type instance I.UnitScale "KRW" "won" = '(1, 1)
    | ^^^^^^^^^^^^^^^^^^^^^^^^^^^^^^^^^^^^^^^^^^^^^^^

src/Money.hs:445:1: warning: [GHC-90177] [-Worphans]
    Orphan family instance:
      type instance I.UnitScale "KRW" "jeon" = '(100, 1)
                      -- Defined at src/Money.hs:445:15
    Suggested fix:
      Move the instance declaration to the module of the type family or of the type, or
      wrap the type with a newtype and declare the instance on the new type.
    |
445 | type instance I.UnitScale "KRW" "jeon" = '(100, 1)
    | ^^^^^^^^^^^^^^^^^^^^^^^^^^^^^^^^^^^^^^^^^^^^^^^^^^

src/Money.hs:447:1: warning: [GHC-90177] [-Worphans]
    Orphan family instance:
      type instance I.CurrencyScale "KWD" = I.UnitScale "KWD" "fils"
                      -- Defined at src/Money.hs:447:15
    Suggested fix:
      Move the instance declaration to the module of the type family or of the type, or
      wrap the type with a newtype and declare the instance on the new type.
    |
447 | type instance I.CurrencyScale "KWD" = I.UnitScale "KWD" "fils"
    | ^^^^^^^^^^^^^^^^^^^^^^^^^^^^^^^^^^^^^^^^^^^^^^^^^^^^^^^^^^^^^^

src/Money.hs:448:1: warning: [GHC-90177] [-Worphans]
    Orphan family instance:
      type instance I.UnitScale "KWD" "dinar" = '(1, 1)
                      -- Defined at src/Money.hs:448:15
    Suggested fix:
      Move the instance declaration to the module of the type family or of the type, or
      wrap the type with a newtype and declare the instance on the new type.
    |
448 | type instance I.UnitScale "KWD" "dinar" = '(1, 1)
    | ^^^^^^^^^^^^^^^^^^^^^^^^^^^^^^^^^^^^^^^^^^^^^^^^^

src/Money.hs:449:1: warning: [GHC-90177] [-Worphans]
    Orphan family instance:
      type instance I.UnitScale "KWD" "fils" = '(1000, 1)
                      -- Defined at src/Money.hs:449:15
    Suggested fix:
      Move the instance declaration to the module of the type family or of the type, or
      wrap the type with a newtype and declare the instance on the new type.
    |
449 | type instance I.UnitScale "KWD" "fils" = '(1000, 1)
    | ^^^^^^^^^^^^^^^^^^^^^^^^^^^^^^^^^^^^^^^^^^^^^^^^^^^

src/Money.hs:451:1: warning: [GHC-90177] [-Worphans]
    Orphan family instance:
      type instance I.CurrencyScale "KYD" = I.UnitScale "KYD" "cent"
                      -- Defined at src/Money.hs:451:15
    Suggested fix:
      Move the instance declaration to the module of the type family or of the type, or
      wrap the type with a newtype and declare the instance on the new type.
    |
451 | type instance I.CurrencyScale "KYD" = I.UnitScale "KYD" "cent"
    | ^^^^^^^^^^^^^^^^^^^^^^^^^^^^^^^^^^^^^^^^^^^^^^^^^^^^^^^^^^^^^^

src/Money.hs:452:1: warning: [GHC-90177] [-Worphans]
    Orphan family instance:
      type instance I.UnitScale "KYD" "dollar" = '(1, 1)
                      -- Defined at src/Money.hs:452:15
    Suggested fix:
      Move the instance declaration to the module of the type family or of the type, or
      wrap the type with a newtype and declare the instance on the new type.
    |
452 | type instance I.UnitScale "KYD" "dollar" = '(1, 1)
    | ^^^^^^^^^^^^^^^^^^^^^^^^^^^^^^^^^^^^^^^^^^^^^^^^^^

src/Money.hs:453:1: warning: [GHC-90177] [-Worphans]
    Orphan family instance:
      type instance I.UnitScale "KYD" "cent" = '(100, 1)
                      -- Defined at src/Money.hs:453:15
    Suggested fix:
      Move the instance declaration to the module of the type family or of the type, or
      wrap the type with a newtype and declare the instance on the new type.
    |
453 | type instance I.UnitScale "KYD" "cent" = '(100, 1)
    | ^^^^^^^^^^^^^^^^^^^^^^^^^^^^^^^^^^^^^^^^^^^^^^^^^^

src/Money.hs:455:1: warning: [GHC-90177] [-Worphans]
    Orphan family instance:
      type instance I.CurrencyScale "KZT" = I.UnitScale "KZT" "tiyin"
                      -- Defined at src/Money.hs:455:15
    Suggested fix:
      Move the instance declaration to the module of the type family or of the type, or
      wrap the type with a newtype and declare the instance on the new type.
    |
455 | type instance I.CurrencyScale "KZT" = I.UnitScale "KZT" "tiyin"
    | ^^^^^^^^^^^^^^^^^^^^^^^^^^^^^^^^^^^^^^^^^^^^^^^^^^^^^^^^^^^^^^^

src/Money.hs:456:1: warning: [GHC-90177] [-Worphans]
    Orphan family instance:
      type instance I.UnitScale "KZT" "tenge" = '(1, 1)
                      -- Defined at src/Money.hs:456:15
    Suggested fix:
      Move the instance declaration to the module of the type family or of the type, or
      wrap the type with a newtype and declare the instance on the new type.
    |
456 | type instance I.UnitScale "KZT" "tenge" = '(1, 1)
    | ^^^^^^^^^^^^^^^^^^^^^^^^^^^^^^^^^^^^^^^^^^^^^^^^^

src/Money.hs:457:1: warning: [GHC-90177] [-Worphans]
    Orphan family instance:
      type instance I.UnitScale "KZT" "tiyin" = '(100, 1)
                      -- Defined at src/Money.hs:457:15
    Suggested fix:
      Move the instance declaration to the module of the type family or of the type, or
      wrap the type with a newtype and declare the instance on the new type.
    |
457 | type instance I.UnitScale "KZT" "tiyin" = '(100, 1)
    | ^^^^^^^^^^^^^^^^^^^^^^^^^^^^^^^^^^^^^^^^^^^^^^^^^^^

src/Money.hs:459:1: warning: [GHC-90177] [-Worphans]
    Orphan family instance:
      type instance I.CurrencyScale "LAK" = I.UnitScale "LAK" "att"
                      -- Defined at src/Money.hs:459:15
    Suggested fix:
      Move the instance declaration to the module of the type family or of the type, or
      wrap the type with a newtype and declare the instance on the new type.
    |
459 | type instance I.CurrencyScale "LAK" = I.UnitScale "LAK" "att"
    | ^^^^^^^^^^^^^^^^^^^^^^^^^^^^^^^^^^^^^^^^^^^^^^^^^^^^^^^^^^^^^

src/Money.hs:460:1: warning: [GHC-90177] [-Worphans]
    Orphan family instance:
      type instance I.UnitScale "LAK" "kip" = '(1, 1)
                      -- Defined at src/Money.hs:460:15
    Suggested fix:
      Move the instance declaration to the module of the type family or of the type, or
      wrap the type with a newtype and declare the instance on the new type.
    |
460 | type instance I.UnitScale "LAK" "kip" = '(1, 1)
    | ^^^^^^^^^^^^^^^^^^^^^^^^^^^^^^^^^^^^^^^^^^^^^^^

src/Money.hs:461:1: warning: [GHC-90177] [-Worphans]
    Orphan family instance:
      type instance I.UnitScale "LAK" "att" = '(100, 1)
                      -- Defined at src/Money.hs:461:15
    Suggested fix:
      Move the instance declaration to the module of the type family or of the type, or
      wrap the type with a newtype and declare the instance on the new type.
    |
461 | type instance I.UnitScale "LAK" "att" = '(100, 1)
    | ^^^^^^^^^^^^^^^^^^^^^^^^^^^^^^^^^^^^^^^^^^^^^^^^^

src/Money.hs:463:1: warning: [GHC-90177] [-Worphans]
    Orphan family instance:
      type instance I.CurrencyScale "LBP" = I.UnitScale "LBP" "piastre"
                      -- Defined at src/Money.hs:463:15
    Suggested fix:
      Move the instance declaration to the module of the type family or of the type, or
      wrap the type with a newtype and declare the instance on the new type.
    |
463 | type instance I.CurrencyScale "LBP" = I.UnitScale "LBP" "piastre"
    | ^^^^^^^^^^^^^^^^^^^^^^^^^^^^^^^^^^^^^^^^^^^^^^^^^^^^^^^^^^^^^^^^^

src/Money.hs:464:1: warning: [GHC-90177] [-Worphans]
    Orphan family instance:
      type instance I.UnitScale "LBP" "pound" = '(1, 1)
                      -- Defined at src/Money.hs:464:15
    Suggested fix:
      Move the instance declaration to the module of the type family or of the type, or
      wrap the type with a newtype and declare the instance on the new type.
    |
464 | type instance I.UnitScale "LBP" "pound" = '(1, 1)
    | ^^^^^^^^^^^^^^^^^^^^^^^^^^^^^^^^^^^^^^^^^^^^^^^^^

src/Money.hs:465:1: warning: [GHC-90177] [-Worphans]
    Orphan family instance:
      type instance I.UnitScale "LBP" "piastre" = '(100, 1)
                      -- Defined at src/Money.hs:465:15
    Suggested fix:
      Move the instance declaration to the module of the type family or of the type, or
      wrap the type with a newtype and declare the instance on the new type.
    |
465 | type instance I.UnitScale "LBP" "piastre" = '(100, 1)
    | ^^^^^^^^^^^^^^^^^^^^^^^^^^^^^^^^^^^^^^^^^^^^^^^^^^^^^

src/Money.hs:467:1: warning: [GHC-90177] [-Worphans]
    Orphan family instance:
      type instance I.CurrencyScale "LKR" = I.UnitScale "LKR" "cent"
                      -- Defined at src/Money.hs:467:15
    Suggested fix:
      Move the instance declaration to the module of the type family or of the type, or
      wrap the type with a newtype and declare the instance on the new type.
    |
467 | type instance I.CurrencyScale "LKR" = I.UnitScale "LKR" "cent"
    | ^^^^^^^^^^^^^^^^^^^^^^^^^^^^^^^^^^^^^^^^^^^^^^^^^^^^^^^^^^^^^^

src/Money.hs:468:1: warning: [GHC-90177] [-Worphans]
    Orphan family instance:
      type instance I.UnitScale "LKR" "rupee" = '(1, 1)
                      -- Defined at src/Money.hs:468:15
    Suggested fix:
      Move the instance declaration to the module of the type family or of the type, or
      wrap the type with a newtype and declare the instance on the new type.
    |
468 | type instance I.UnitScale "LKR" "rupee" = '(1, 1)
    | ^^^^^^^^^^^^^^^^^^^^^^^^^^^^^^^^^^^^^^^^^^^^^^^^^

src/Money.hs:469:1: warning: [GHC-90177] [-Worphans]
    Orphan family instance:
      type instance I.UnitScale "LKR" "cent" = '(100, 1)
                      -- Defined at src/Money.hs:469:15
    Suggested fix:
      Move the instance declaration to the module of the type family or of the type, or
      wrap the type with a newtype and declare the instance on the new type.
    |
469 | type instance I.UnitScale "LKR" "cent" = '(100, 1)
    | ^^^^^^^^^^^^^^^^^^^^^^^^^^^^^^^^^^^^^^^^^^^^^^^^^^

src/Money.hs:471:1: warning: [GHC-90177] [-Worphans]
    Orphan family instance:
      type instance I.CurrencyScale "LRD" = I.UnitScale "LRD" "cent"
                      -- Defined at src/Money.hs:471:15
    Suggested fix:
      Move the instance declaration to the module of the type family or of the type, or
      wrap the type with a newtype and declare the instance on the new type.
    |
471 | type instance I.CurrencyScale "LRD" = I.UnitScale "LRD" "cent"
    | ^^^^^^^^^^^^^^^^^^^^^^^^^^^^^^^^^^^^^^^^^^^^^^^^^^^^^^^^^^^^^^

src/Money.hs:472:1: warning: [GHC-90177] [-Worphans]
    Orphan family instance:
      type instance I.UnitScale "LRD" "dollar" = '(1, 1)
                      -- Defined at src/Money.hs:472:15
    Suggested fix:
      Move the instance declaration to the module of the type family or of the type, or
      wrap the type with a newtype and declare the instance on the new type.
    |
472 | type instance I.UnitScale "LRD" "dollar" = '(1, 1)
    | ^^^^^^^^^^^^^^^^^^^^^^^^^^^^^^^^^^^^^^^^^^^^^^^^^^

src/Money.hs:473:1: warning: [GHC-90177] [-Worphans]
    Orphan family instance:
      type instance I.UnitScale "LRD" "cent" = '(100, 1)
                      -- Defined at src/Money.hs:473:15
    Suggested fix:
      Move the instance declaration to the module of the type family or of the type, or
      wrap the type with a newtype and declare the instance on the new type.
    |
473 | type instance I.UnitScale "LRD" "cent" = '(100, 1)
    | ^^^^^^^^^^^^^^^^^^^^^^^^^^^^^^^^^^^^^^^^^^^^^^^^^^

src/Money.hs:475:1: warning: [GHC-90177] [-Worphans]
    Orphan family instance:
      type instance I.CurrencyScale "LSL" = I.UnitScale "LSL" "sente"
                      -- Defined at src/Money.hs:475:15
    Suggested fix:
      Move the instance declaration to the module of the type family or of the type, or
      wrap the type with a newtype and declare the instance on the new type.
    |
475 | type instance I.CurrencyScale "LSL" = I.UnitScale "LSL" "sente"
    | ^^^^^^^^^^^^^^^^^^^^^^^^^^^^^^^^^^^^^^^^^^^^^^^^^^^^^^^^^^^^^^^

src/Money.hs:476:1: warning: [GHC-90177] [-Worphans]
    Orphan family instance:
      type instance I.UnitScale "LSL" "loti" = '(1, 1)
                      -- Defined at src/Money.hs:476:15
    Suggested fix:
      Move the instance declaration to the module of the type family or of the type, or
      wrap the type with a newtype and declare the instance on the new type.
    |
476 | type instance I.UnitScale "LSL" "loti" = '(1, 1)
    | ^^^^^^^^^^^^^^^^^^^^^^^^^^^^^^^^^^^^^^^^^^^^^^^^

src/Money.hs:477:1: warning: [GHC-90177] [-Worphans]
    Orphan family instance:
      type instance I.UnitScale "LSL" "sente" = '(100, 1)
                      -- Defined at src/Money.hs:477:15
    Suggested fix:
      Move the instance declaration to the module of the type family or of the type, or
      wrap the type with a newtype and declare the instance on the new type.
    |
477 | type instance I.UnitScale "LSL" "sente" = '(100, 1)
    | ^^^^^^^^^^^^^^^^^^^^^^^^^^^^^^^^^^^^^^^^^^^^^^^^^^^

src/Money.hs:479:1: warning: [GHC-90177] [-Worphans]
    Orphan family instance:
      type instance I.CurrencyScale "LYD" = I.UnitScale "LYD" "dirham"
                      -- Defined at src/Money.hs:479:15
    Suggested fix:
      Move the instance declaration to the module of the type family or of the type, or
      wrap the type with a newtype and declare the instance on the new type.
    |
479 | type instance I.CurrencyScale "LYD" = I.UnitScale "LYD" "dirham"
    | ^^^^^^^^^^^^^^^^^^^^^^^^^^^^^^^^^^^^^^^^^^^^^^^^^^^^^^^^^^^^^^^^

src/Money.hs:480:1: warning: [GHC-90177] [-Worphans]
    Orphan family instance:
      type instance I.UnitScale "LYD" "dinar" = '(1, 1)
                      -- Defined at src/Money.hs:480:15
    Suggested fix:
      Move the instance declaration to the module of the type family or of the type, or
      wrap the type with a newtype and declare the instance on the new type.
    |
480 | type instance I.UnitScale "LYD" "dinar" = '(1, 1)
    | ^^^^^^^^^^^^^^^^^^^^^^^^^^^^^^^^^^^^^^^^^^^^^^^^^

src/Money.hs:481:1: warning: [GHC-90177] [-Worphans]
    Orphan family instance:
      type instance I.UnitScale "LYD" "dirham" = '(1000, 1)
                      -- Defined at src/Money.hs:481:15
    Suggested fix:
      Move the instance declaration to the module of the type family or of the type, or
      wrap the type with a newtype and declare the instance on the new type.
    |
481 | type instance I.UnitScale "LYD" "dirham" = '(1000, 1)
    | ^^^^^^^^^^^^^^^^^^^^^^^^^^^^^^^^^^^^^^^^^^^^^^^^^^^^^

src/Money.hs:483:1: warning: [GHC-90177] [-Worphans]
    Orphan family instance:
      type instance I.CurrencyScale "MAD" = I.UnitScale "MAD" "centime"
                      -- Defined at src/Money.hs:483:15
    Suggested fix:
      Move the instance declaration to the module of the type family or of the type, or
      wrap the type with a newtype and declare the instance on the new type.
    |
483 | type instance I.CurrencyScale "MAD" = I.UnitScale "MAD" "centime"
    | ^^^^^^^^^^^^^^^^^^^^^^^^^^^^^^^^^^^^^^^^^^^^^^^^^^^^^^^^^^^^^^^^^

src/Money.hs:484:1: warning: [GHC-90177] [-Worphans]
    Orphan family instance:
      type instance I.UnitScale "MAD" "dirham" = '(1, 1)
                      -- Defined at src/Money.hs:484:15
    Suggested fix:
      Move the instance declaration to the module of the type family or of the type, or
      wrap the type with a newtype and declare the instance on the new type.
    |
484 | type instance I.UnitScale "MAD" "dirham" = '(1, 1)
    | ^^^^^^^^^^^^^^^^^^^^^^^^^^^^^^^^^^^^^^^^^^^^^^^^^^

src/Money.hs:485:1: warning: [GHC-90177] [-Worphans]
    Orphan family instance:
      type instance I.UnitScale "MAD" "centime" = '(100, 1)
                      -- Defined at src/Money.hs:485:15
    Suggested fix:
      Move the instance declaration to the module of the type family or of the type, or
      wrap the type with a newtype and declare the instance on the new type.
    |
485 | type instance I.UnitScale "MAD" "centime" = '(100, 1)
    | ^^^^^^^^^^^^^^^^^^^^^^^^^^^^^^^^^^^^^^^^^^^^^^^^^^^^^

src/Money.hs:487:1: warning: [GHC-90177] [-Worphans]
    Orphan family instance:
      type instance I.CurrencyScale "MDL" = I.UnitScale "MDL" "ban"
                      -- Defined at src/Money.hs:487:15
    Suggested fix:
      Move the instance declaration to the module of the type family or of the type, or
      wrap the type with a newtype and declare the instance on the new type.
    |
487 | type instance I.CurrencyScale "MDL" = I.UnitScale "MDL" "ban"
    | ^^^^^^^^^^^^^^^^^^^^^^^^^^^^^^^^^^^^^^^^^^^^^^^^^^^^^^^^^^^^^

src/Money.hs:488:1: warning: [GHC-90177] [-Worphans]
    Orphan family instance:
      type instance I.UnitScale "MDL" "leu" = '(1, 1)
                      -- Defined at src/Money.hs:488:15
    Suggested fix:
      Move the instance declaration to the module of the type family or of the type, or
      wrap the type with a newtype and declare the instance on the new type.
    |
488 | type instance I.UnitScale "MDL" "leu" = '(1, 1)
    | ^^^^^^^^^^^^^^^^^^^^^^^^^^^^^^^^^^^^^^^^^^^^^^^

src/Money.hs:489:1: warning: [GHC-90177] [-Worphans]
    Orphan family instance:
      type instance I.UnitScale "MDL" "ban" = '(100, 1)
                      -- Defined at src/Money.hs:489:15
    Suggested fix:
      Move the instance declaration to the module of the type family or of the type, or
      wrap the type with a newtype and declare the instance on the new type.
    |
489 | type instance I.UnitScale "MDL" "ban" = '(100, 1)
    | ^^^^^^^^^^^^^^^^^^^^^^^^^^^^^^^^^^^^^^^^^^^^^^^^^

src/Money.hs:491:1: warning: [GHC-90177] [-Worphans]
    Orphan family instance:
      type instance I.CurrencyScale "MGA" = I.UnitScale
                                              "MGA" "iraimbilanja"
                      -- Defined at src/Money.hs:491:15
    Suggested fix:
      Move the instance declaration to the module of the type family or of the type, or
      wrap the type with a newtype and declare the instance on the new type.
    |
491 | type instance I.CurrencyScale "MGA" = I.UnitScale "MGA" "iraimbilanja"
    | ^^^^^^^^^^^^^^^^^^^^^^^^^^^^^^^^^^^^^^^^^^^^^^^^^^^^^^^^^^^^^^^^^^^^^^

src/Money.hs:492:1: warning: [GHC-90177] [-Worphans]
    Orphan family instance:
      type instance I.UnitScale "MGA" "ariary" = '(1, 1)
                      -- Defined at src/Money.hs:492:15
    Suggested fix:
      Move the instance declaration to the module of the type family or of the type, or
      wrap the type with a newtype and declare the instance on the new type.
    |
492 | type instance I.UnitScale "MGA" "ariary" = '(1, 1)
    | ^^^^^^^^^^^^^^^^^^^^^^^^^^^^^^^^^^^^^^^^^^^^^^^^^^

src/Money.hs:493:1: warning: [GHC-90177] [-Worphans]
    Orphan family instance:
      type instance I.UnitScale "MGA" "iraimbilanja" = '(5, 1)
                      -- Defined at src/Money.hs:493:15
    Suggested fix:
      Move the instance declaration to the module of the type family or of the type, or
      wrap the type with a newtype and declare the instance on the new type.
    |
493 | type instance I.UnitScale "MGA" "iraimbilanja" = '(5, 1)
    | ^^^^^^^^^^^^^^^^^^^^^^^^^^^^^^^^^^^^^^^^^^^^^^^^^^^^^^^^

src/Money.hs:495:1: warning: [GHC-90177] [-Worphans]
    Orphan family instance:
      type instance I.CurrencyScale "MKD" = I.UnitScale "MKD" "deni"
                      -- Defined at src/Money.hs:495:15
    Suggested fix:
      Move the instance declaration to the module of the type family or of the type, or
      wrap the type with a newtype and declare the instance on the new type.
    |
495 | type instance I.CurrencyScale "MKD" = I.UnitScale "MKD" "deni"
    | ^^^^^^^^^^^^^^^^^^^^^^^^^^^^^^^^^^^^^^^^^^^^^^^^^^^^^^^^^^^^^^

src/Money.hs:496:1: warning: [GHC-90177] [-Worphans]
    Orphan family instance:
      type instance I.UnitScale "MKD" "denar" = '(1, 1)
                      -- Defined at src/Money.hs:496:15
    Suggested fix:
      Move the instance declaration to the module of the type family or of the type, or
      wrap the type with a newtype and declare the instance on the new type.
    |
496 | type instance I.UnitScale "MKD" "denar" = '(1, 1)
    | ^^^^^^^^^^^^^^^^^^^^^^^^^^^^^^^^^^^^^^^^^^^^^^^^^

src/Money.hs:497:1: warning: [GHC-90177] [-Worphans]
    Orphan family instance:
      type instance I.UnitScale "MKD" "deni" = '(100, 1)
                      -- Defined at src/Money.hs:497:15
    Suggested fix:
      Move the instance declaration to the module of the type family or of the type, or
      wrap the type with a newtype and declare the instance on the new type.
    |
497 | type instance I.UnitScale "MKD" "deni" = '(100, 1)
    | ^^^^^^^^^^^^^^^^^^^^^^^^^^^^^^^^^^^^^^^^^^^^^^^^^^

src/Money.hs:499:1: warning: [GHC-90177] [-Worphans]
    Orphan family instance:
      type instance I.CurrencyScale "MMK" = I.UnitScale "MMK" "pya"
                      -- Defined at src/Money.hs:499:15
    Suggested fix:
      Move the instance declaration to the module of the type family or of the type, or
      wrap the type with a newtype and declare the instance on the new type.
    |
499 | type instance I.CurrencyScale "MMK" = I.UnitScale "MMK" "pya"
    | ^^^^^^^^^^^^^^^^^^^^^^^^^^^^^^^^^^^^^^^^^^^^^^^^^^^^^^^^^^^^^

src/Money.hs:500:1: warning: [GHC-90177] [-Worphans]
    Orphan family instance:
      type instance I.UnitScale "MMK" "kyat" = '(1, 1)
                      -- Defined at src/Money.hs:500:15
    Suggested fix:
      Move the instance declaration to the module of the type family or of the type, or
      wrap the type with a newtype and declare the instance on the new type.
    |
500 | type instance I.UnitScale "MMK" "kyat" = '(1, 1)
    | ^^^^^^^^^^^^^^^^^^^^^^^^^^^^^^^^^^^^^^^^^^^^^^^^

src/Money.hs:501:1: warning: [GHC-90177] [-Worphans]
    Orphan family instance:
      type instance I.UnitScale "MMK" "pya" = '(100, 1)
                      -- Defined at src/Money.hs:501:15
    Suggested fix:
      Move the instance declaration to the module of the type family or of the type, or
      wrap the type with a newtype and declare the instance on the new type.
    |
501 | type instance I.UnitScale "MMK" "pya" = '(100, 1)
    | ^^^^^^^^^^^^^^^^^^^^^^^^^^^^^^^^^^^^^^^^^^^^^^^^^

src/Money.hs:503:1: warning: [GHC-90177] [-Worphans]
    Orphan family instance:
      type instance I.CurrencyScale "MNT" = I.UnitScale "MNT" "mongo"
                      -- Defined at src/Money.hs:503:15
    Suggested fix:
      Move the instance declaration to the module of the type family or of the type, or
      wrap the type with a newtype and declare the instance on the new type.
    |
503 | type instance I.CurrencyScale "MNT" = I.UnitScale "MNT" "mongo"
    | ^^^^^^^^^^^^^^^^^^^^^^^^^^^^^^^^^^^^^^^^^^^^^^^^^^^^^^^^^^^^^^^

src/Money.hs:504:1: warning: [GHC-90177] [-Worphans]
    Orphan family instance:
      type instance I.UnitScale "MNT" "tugrik" = '(1, 1)
                      -- Defined at src/Money.hs:504:15
    Suggested fix:
      Move the instance declaration to the module of the type family or of the type, or
      wrap the type with a newtype and declare the instance on the new type.
    |
504 | type instance I.UnitScale "MNT" "tugrik" = '(1, 1)
    | ^^^^^^^^^^^^^^^^^^^^^^^^^^^^^^^^^^^^^^^^^^^^^^^^^^

src/Money.hs:505:1: warning: [GHC-90177] [-Worphans]
    Orphan family instance:
      type instance I.UnitScale "MNT" "mongo" = '(100, 1)
                      -- Defined at src/Money.hs:505:15
    Suggested fix:
      Move the instance declaration to the module of the type family or of the type, or
      wrap the type with a newtype and declare the instance on the new type.
    |
505 | type instance I.UnitScale "MNT" "mongo" = '(100, 1)
    | ^^^^^^^^^^^^^^^^^^^^^^^^^^^^^^^^^^^^^^^^^^^^^^^^^^^

src/Money.hs:507:1: warning: [GHC-90177] [-Worphans]
    Orphan family instance:
      type instance I.CurrencyScale "MOP" = I.UnitScale "MOP" "avo"
                      -- Defined at src/Money.hs:507:15
    Suggested fix:
      Move the instance declaration to the module of the type family or of the type, or
      wrap the type with a newtype and declare the instance on the new type.
    |
507 | type instance I.CurrencyScale "MOP" = I.UnitScale "MOP" "avo"
    | ^^^^^^^^^^^^^^^^^^^^^^^^^^^^^^^^^^^^^^^^^^^^^^^^^^^^^^^^^^^^^

src/Money.hs:508:1: warning: [GHC-90177] [-Worphans]
    Orphan family instance:
      type instance I.UnitScale "MOP" "pataca" = '(1, 1)
                      -- Defined at src/Money.hs:508:15
    Suggested fix:
      Move the instance declaration to the module of the type family or of the type, or
      wrap the type with a newtype and declare the instance on the new type.
    |
508 | type instance I.UnitScale "MOP" "pataca" = '(1, 1)
    | ^^^^^^^^^^^^^^^^^^^^^^^^^^^^^^^^^^^^^^^^^^^^^^^^^^

src/Money.hs:509:1: warning: [GHC-90177] [-Worphans]
    Orphan family instance:
      type instance I.UnitScale "MOP" "avo" = '(100, 1)
                      -- Defined at src/Money.hs:509:15
    Suggested fix:
      Move the instance declaration to the module of the type family or of the type, or
      wrap the type with a newtype and declare the instance on the new type.
    |
509 | type instance I.UnitScale "MOP" "avo" = '(100, 1)
    | ^^^^^^^^^^^^^^^^^^^^^^^^^^^^^^^^^^^^^^^^^^^^^^^^^

src/Money.hs:511:1: warning: [GHC-90177] [-Worphans]
    Orphan family instance:
      type instance I.CurrencyScale "MRO" = I.UnitScale "MRO" "khoums"
                      -- Defined at src/Money.hs:511:15
    Suggested fix:
      Move the instance declaration to the module of the type family or of the type, or
      wrap the type with a newtype and declare the instance on the new type.
    |
511 | type instance I.CurrencyScale "MRO" = I.UnitScale "MRO" "khoums"
    | ^^^^^^^^^^^^^^^^^^^^^^^^^^^^^^^^^^^^^^^^^^^^^^^^^^^^^^^^^^^^^^^^

src/Money.hs:512:1: warning: [GHC-90177] [-Worphans]
    Orphan family instance:
      type instance I.UnitScale "MRO" "ouguiya" = '(1, 1)
                      -- Defined at src/Money.hs:512:15
    Suggested fix:
      Move the instance declaration to the module of the type family or of the type, or
      wrap the type with a newtype and declare the instance on the new type.
    |
512 | type instance I.UnitScale "MRO" "ouguiya" = '(1, 1)
    | ^^^^^^^^^^^^^^^^^^^^^^^^^^^^^^^^^^^^^^^^^^^^^^^^^^^

src/Money.hs:513:1: warning: [GHC-90177] [-Worphans]
    Orphan family instance:
      type instance I.UnitScale "MRO" "khoums" = '(5, 1)
                      -- Defined at src/Money.hs:513:15
    Suggested fix:
      Move the instance declaration to the module of the type family or of the type, or
      wrap the type with a newtype and declare the instance on the new type.
    |
513 | type instance I.UnitScale "MRO" "khoums" = '(5, 1)
    | ^^^^^^^^^^^^^^^^^^^^^^^^^^^^^^^^^^^^^^^^^^^^^^^^^^

src/Money.hs:515:1: warning: [GHC-90177] [-Worphans]
    Orphan family instance:
      type instance I.CurrencyScale "MUR" = I.UnitScale "MUR" "cent"
                      -- Defined at src/Money.hs:515:15
    Suggested fix:
      Move the instance declaration to the module of the type family or of the type, or
      wrap the type with a newtype and declare the instance on the new type.
    |
515 | type instance I.CurrencyScale "MUR" = I.UnitScale "MUR" "cent"
    | ^^^^^^^^^^^^^^^^^^^^^^^^^^^^^^^^^^^^^^^^^^^^^^^^^^^^^^^^^^^^^^

src/Money.hs:516:1: warning: [GHC-90177] [-Worphans]
    Orphan family instance:
      type instance I.UnitScale "MUR" "rupee" = '(1, 1)
                      -- Defined at src/Money.hs:516:15
    Suggested fix:
      Move the instance declaration to the module of the type family or of the type, or
      wrap the type with a newtype and declare the instance on the new type.
    |
516 | type instance I.UnitScale "MUR" "rupee" = '(1, 1)
    | ^^^^^^^^^^^^^^^^^^^^^^^^^^^^^^^^^^^^^^^^^^^^^^^^^

src/Money.hs:517:1: warning: [GHC-90177] [-Worphans]
    Orphan family instance:
      type instance I.UnitScale "MUR" "cent" = '(100, 1)
                      -- Defined at src/Money.hs:517:15
    Suggested fix:
      Move the instance declaration to the module of the type family or of the type, or
      wrap the type with a newtype and declare the instance on the new type.
    |
517 | type instance I.UnitScale "MUR" "cent" = '(100, 1)
    | ^^^^^^^^^^^^^^^^^^^^^^^^^^^^^^^^^^^^^^^^^^^^^^^^^^

src/Money.hs:519:1: warning: [GHC-90177] [-Worphans]
    Orphan family instance:
      type instance I.CurrencyScale "MVR" = I.UnitScale "MVR" "laari"
                      -- Defined at src/Money.hs:519:15
    Suggested fix:
      Move the instance declaration to the module of the type family or of the type, or
      wrap the type with a newtype and declare the instance on the new type.
    |
519 | type instance I.CurrencyScale "MVR" = I.UnitScale "MVR" "laari"
    | ^^^^^^^^^^^^^^^^^^^^^^^^^^^^^^^^^^^^^^^^^^^^^^^^^^^^^^^^^^^^^^^

src/Money.hs:520:1: warning: [GHC-90177] [-Worphans]
    Orphan family instance:
      type instance I.UnitScale "MVR" "rufiyaa" = '(1, 1)
                      -- Defined at src/Money.hs:520:15
    Suggested fix:
      Move the instance declaration to the module of the type family or of the type, or
      wrap the type with a newtype and declare the instance on the new type.
    |
520 | type instance I.UnitScale "MVR" "rufiyaa" = '(1, 1)
    | ^^^^^^^^^^^^^^^^^^^^^^^^^^^^^^^^^^^^^^^^^^^^^^^^^^^

src/Money.hs:521:1: warning: [GHC-90177] [-Worphans]
    Orphan family instance:
      type instance I.UnitScale "MVR" "laari" = '(100, 1)
                      -- Defined at src/Money.hs:521:15
    Suggested fix:
      Move the instance declaration to the module of the type family or of the type, or
      wrap the type with a newtype and declare the instance on the new type.
    |
521 | type instance I.UnitScale "MVR" "laari" = '(100, 1)
    | ^^^^^^^^^^^^^^^^^^^^^^^^^^^^^^^^^^^^^^^^^^^^^^^^^^^

src/Money.hs:523:1: warning: [GHC-90177] [-Worphans]
    Orphan family instance:
      type instance I.CurrencyScale "MWK" = I.UnitScale "MWK" "tambala"
                      -- Defined at src/Money.hs:523:15
    Suggested fix:
      Move the instance declaration to the module of the type family or of the type, or
      wrap the type with a newtype and declare the instance on the new type.
    |
523 | type instance I.CurrencyScale "MWK" = I.UnitScale "MWK" "tambala"
    | ^^^^^^^^^^^^^^^^^^^^^^^^^^^^^^^^^^^^^^^^^^^^^^^^^^^^^^^^^^^^^^^^^

src/Money.hs:524:1: warning: [GHC-90177] [-Worphans]
    Orphan family instance:
      type instance I.UnitScale "MWK" "kwacha" = '(1, 1)
                      -- Defined at src/Money.hs:524:15
    Suggested fix:
      Move the instance declaration to the module of the type family or of the type, or
      wrap the type with a newtype and declare the instance on the new type.
    |
524 | type instance I.UnitScale "MWK" "kwacha" = '(1, 1)
    | ^^^^^^^^^^^^^^^^^^^^^^^^^^^^^^^^^^^^^^^^^^^^^^^^^^

src/Money.hs:525:1: warning: [GHC-90177] [-Worphans]
    Orphan family instance:
      type instance I.UnitScale "MWK" "tambala" = '(100, 1)
                      -- Defined at src/Money.hs:525:15
    Suggested fix:
      Move the instance declaration to the module of the type family or of the type, or
      wrap the type with a newtype and declare the instance on the new type.
    |
525 | type instance I.UnitScale "MWK" "tambala" = '(100, 1)
    | ^^^^^^^^^^^^^^^^^^^^^^^^^^^^^^^^^^^^^^^^^^^^^^^^^^^^^

src/Money.hs:527:1: warning: [GHC-90177] [-Worphans]
    Orphan family instance:
      type instance I.CurrencyScale "MXN" = I.UnitScale "MXN" "centavo"
                      -- Defined at src/Money.hs:527:15
    Suggested fix:
      Move the instance declaration to the module of the type family or of the type, or
      wrap the type with a newtype and declare the instance on the new type.
    |
527 | type instance I.CurrencyScale "MXN" = I.UnitScale "MXN" "centavo"
    | ^^^^^^^^^^^^^^^^^^^^^^^^^^^^^^^^^^^^^^^^^^^^^^^^^^^^^^^^^^^^^^^^^

src/Money.hs:528:1: warning: [GHC-90177] [-Worphans]
    Orphan family instance:
      type instance I.UnitScale "MXN" "peso" = '(1, 1)
                      -- Defined at src/Money.hs:528:15
    Suggested fix:
      Move the instance declaration to the module of the type family or of the type, or
      wrap the type with a newtype and declare the instance on the new type.
    |
528 | type instance I.UnitScale "MXN" "peso" = '(1, 1)
    | ^^^^^^^^^^^^^^^^^^^^^^^^^^^^^^^^^^^^^^^^^^^^^^^^

src/Money.hs:529:1: warning: [GHC-90177] [-Worphans]
    Orphan family instance:
      type instance I.UnitScale "MXN" "centavo" = '(100, 1)
                      -- Defined at src/Money.hs:529:15
    Suggested fix:
      Move the instance declaration to the module of the type family or of the type, or
      wrap the type with a newtype and declare the instance on the new type.
    |
529 | type instance I.UnitScale "MXN" "centavo" = '(100, 1)
    | ^^^^^^^^^^^^^^^^^^^^^^^^^^^^^^^^^^^^^^^^^^^^^^^^^^^^^

src/Money.hs:531:1: warning: [GHC-90177] [-Worphans]
    Orphan family instance:
      type instance I.CurrencyScale "MXV" = '(100, 1)
                      -- Defined at src/Money.hs:531:15
    Suggested fix:
      Move the instance declaration to the module of the type family or of the type, or
      wrap the type with a newtype and declare the instance on the new type.
    |
531 | type instance I.CurrencyScale "MXV" = '(100, 1)
    | ^^^^^^^^^^^^^^^^^^^^^^^^^^^^^^^^^^^^^^^^^^^^^^^

src/Money.hs:533:1: warning: [GHC-90177] [-Worphans]
    Orphan family instance:
      type instance I.CurrencyScale "MYR" = I.UnitScale "MYR" "sen"
                      -- Defined at src/Money.hs:533:15
    Suggested fix:
      Move the instance declaration to the module of the type family or of the type, or
      wrap the type with a newtype and declare the instance on the new type.
    |
533 | type instance I.CurrencyScale "MYR" = I.UnitScale "MYR" "sen"
    | ^^^^^^^^^^^^^^^^^^^^^^^^^^^^^^^^^^^^^^^^^^^^^^^^^^^^^^^^^^^^^

src/Money.hs:534:1: warning: [GHC-90177] [-Worphans]
    Orphan family instance:
      type instance I.UnitScale "MYR" "ringgit" = '(1, 1)
                      -- Defined at src/Money.hs:534:15
    Suggested fix:
      Move the instance declaration to the module of the type family or of the type, or
      wrap the type with a newtype and declare the instance on the new type.
    |
534 | type instance I.UnitScale "MYR" "ringgit" = '(1, 1)
    | ^^^^^^^^^^^^^^^^^^^^^^^^^^^^^^^^^^^^^^^^^^^^^^^^^^^

src/Money.hs:535:1: warning: [GHC-90177] [-Worphans]
    Orphan family instance:
      type instance I.UnitScale "MYR" "sen" = '(100, 1)
                      -- Defined at src/Money.hs:535:15
    Suggested fix:
      Move the instance declaration to the module of the type family or of the type, or
      wrap the type with a newtype and declare the instance on the new type.
    |
535 | type instance I.UnitScale "MYR" "sen" = '(100, 1)
    | ^^^^^^^^^^^^^^^^^^^^^^^^^^^^^^^^^^^^^^^^^^^^^^^^^

src/Money.hs:537:1: warning: [GHC-90177] [-Worphans]
    Orphan family instance:
      type instance I.CurrencyScale "MZN" = I.UnitScale "MZN" "centavo"
                      -- Defined at src/Money.hs:537:15
    Suggested fix:
      Move the instance declaration to the module of the type family or of the type, or
      wrap the type with a newtype and declare the instance on the new type.
    |
537 | type instance I.CurrencyScale "MZN" = I.UnitScale "MZN" "centavo"
    | ^^^^^^^^^^^^^^^^^^^^^^^^^^^^^^^^^^^^^^^^^^^^^^^^^^^^^^^^^^^^^^^^^

src/Money.hs:538:1: warning: [GHC-90177] [-Worphans]
    Orphan family instance:
      type instance I.UnitScale "MZN" "metical" = '(1, 1)
                      -- Defined at src/Money.hs:538:15
    Suggested fix:
      Move the instance declaration to the module of the type family or of the type, or
      wrap the type with a newtype and declare the instance on the new type.
    |
538 | type instance I.UnitScale "MZN" "metical" = '(1, 1)
    | ^^^^^^^^^^^^^^^^^^^^^^^^^^^^^^^^^^^^^^^^^^^^^^^^^^^

src/Money.hs:539:1: warning: [GHC-90177] [-Worphans]
    Orphan family instance:
      type instance I.UnitScale "MZN" "centavo" = '(100, 1)
                      -- Defined at src/Money.hs:539:15
    Suggested fix:
      Move the instance declaration to the module of the type family or of the type, or
      wrap the type with a newtype and declare the instance on the new type.
    |
539 | type instance I.UnitScale "MZN" "centavo" = '(100, 1)
    | ^^^^^^^^^^^^^^^^^^^^^^^^^^^^^^^^^^^^^^^^^^^^^^^^^^^^^

src/Money.hs:541:1: warning: [GHC-90177] [-Worphans]
    Orphan family instance:
      type instance I.CurrencyScale "NAD" = I.UnitScale "NAD" "cent"
                      -- Defined at src/Money.hs:541:15
    Suggested fix:
      Move the instance declaration to the module of the type family or of the type, or
      wrap the type with a newtype and declare the instance on the new type.
    |
541 | type instance I.CurrencyScale "NAD" = I.UnitScale "NAD" "cent"
    | ^^^^^^^^^^^^^^^^^^^^^^^^^^^^^^^^^^^^^^^^^^^^^^^^^^^^^^^^^^^^^^

src/Money.hs:542:1: warning: [GHC-90177] [-Worphans]
    Orphan family instance:
      type instance I.UnitScale "NAD" "dollar" = '(1, 1)
                      -- Defined at src/Money.hs:542:15
    Suggested fix:
      Move the instance declaration to the module of the type family or of the type, or
      wrap the type with a newtype and declare the instance on the new type.
    |
542 | type instance I.UnitScale "NAD" "dollar" = '(1, 1)
    | ^^^^^^^^^^^^^^^^^^^^^^^^^^^^^^^^^^^^^^^^^^^^^^^^^^

src/Money.hs:543:1: warning: [GHC-90177] [-Worphans]
    Orphan family instance:
      type instance I.UnitScale "NAD" "cent" = '(100, 1)
                      -- Defined at src/Money.hs:543:15
    Suggested fix:
      Move the instance declaration to the module of the type family or of the type, or
      wrap the type with a newtype and declare the instance on the new type.
    |
543 | type instance I.UnitScale "NAD" "cent" = '(100, 1)
    | ^^^^^^^^^^^^^^^^^^^^^^^^^^^^^^^^^^^^^^^^^^^^^^^^^^

src/Money.hs:545:1: warning: [GHC-90177] [-Worphans]
    Orphan family instance:
      type instance I.CurrencyScale "NGN" = I.UnitScale "NGN" "kobo"
                      -- Defined at src/Money.hs:545:15
    Suggested fix:
      Move the instance declaration to the module of the type family or of the type, or
      wrap the type with a newtype and declare the instance on the new type.
    |
545 | type instance I.CurrencyScale "NGN" = I.UnitScale "NGN" "kobo"
    | ^^^^^^^^^^^^^^^^^^^^^^^^^^^^^^^^^^^^^^^^^^^^^^^^^^^^^^^^^^^^^^

src/Money.hs:546:1: warning: [GHC-90177] [-Worphans]
    Orphan family instance:
      type instance I.UnitScale "NGN" "naira" = '(1, 1)
                      -- Defined at src/Money.hs:546:15
    Suggested fix:
      Move the instance declaration to the module of the type family or of the type, or
      wrap the type with a newtype and declare the instance on the new type.
    |
546 | type instance I.UnitScale "NGN" "naira" = '(1, 1)
    | ^^^^^^^^^^^^^^^^^^^^^^^^^^^^^^^^^^^^^^^^^^^^^^^^^

src/Money.hs:547:1: warning: [GHC-90177] [-Worphans]
    Orphan family instance:
      type instance I.UnitScale "NGN" "kobo" = '(100, 1)
                      -- Defined at src/Money.hs:547:15
    Suggested fix:
      Move the instance declaration to the module of the type family or of the type, or
      wrap the type with a newtype and declare the instance on the new type.
    |
547 | type instance I.UnitScale "NGN" "kobo" = '(100, 1)
    | ^^^^^^^^^^^^^^^^^^^^^^^^^^^^^^^^^^^^^^^^^^^^^^^^^^

src/Money.hs:549:1: warning: [GHC-90177] [-Worphans]
    Orphan family instance:
      type instance I.CurrencyScale "NIO" = I.UnitScale "NIO" "centavo"
                      -- Defined at src/Money.hs:549:15
    Suggested fix:
      Move the instance declaration to the module of the type family or of the type, or
      wrap the type with a newtype and declare the instance on the new type.
    |
549 | type instance I.CurrencyScale "NIO" = I.UnitScale "NIO" "centavo"
    | ^^^^^^^^^^^^^^^^^^^^^^^^^^^^^^^^^^^^^^^^^^^^^^^^^^^^^^^^^^^^^^^^^

src/Money.hs:550:1: warning: [GHC-90177] [-Worphans]
    Orphan family instance:
      type instance I.UnitScale "NIO" "cordoba" = '(1, 1)
                      -- Defined at src/Money.hs:550:15
    Suggested fix:
      Move the instance declaration to the module of the type family or of the type, or
      wrap the type with a newtype and declare the instance on the new type.
    |
550 | type instance I.UnitScale "NIO" "cordoba" = '(1, 1)
    | ^^^^^^^^^^^^^^^^^^^^^^^^^^^^^^^^^^^^^^^^^^^^^^^^^^^

src/Money.hs:551:1: warning: [GHC-90177] [-Worphans]
    Orphan family instance:
      type instance I.UnitScale "NIO" "centavo" = '(100, 1)
                      -- Defined at src/Money.hs:551:15
    Suggested fix:
      Move the instance declaration to the module of the type family or of the type, or
      wrap the type with a newtype and declare the instance on the new type.
    |
551 | type instance I.UnitScale "NIO" "centavo" = '(100, 1)
    | ^^^^^^^^^^^^^^^^^^^^^^^^^^^^^^^^^^^^^^^^^^^^^^^^^^^^^

src/Money.hs:553:1: warning: [GHC-90177] [-Worphans]
    Orphan family instance:
      type instance I.CurrencyScale "NOK" = I.UnitScale "NOK" "ore"
                      -- Defined at src/Money.hs:553:15
    Suggested fix:
      Move the instance declaration to the module of the type family or of the type, or
      wrap the type with a newtype and declare the instance on the new type.
    |
553 | type instance I.CurrencyScale "NOK" = I.UnitScale "NOK" "ore"
    | ^^^^^^^^^^^^^^^^^^^^^^^^^^^^^^^^^^^^^^^^^^^^^^^^^^^^^^^^^^^^^

src/Money.hs:554:1: warning: [GHC-90177] [-Worphans]
    Orphan family instance:
      type instance I.UnitScale "NOK" "krone" = '(1, 1)
                      -- Defined at src/Money.hs:554:15
    Suggested fix:
      Move the instance declaration to the module of the type family or of the type, or
      wrap the type with a newtype and declare the instance on the new type.
    |
554 | type instance I.UnitScale "NOK" "krone" = '(1, 1)
    | ^^^^^^^^^^^^^^^^^^^^^^^^^^^^^^^^^^^^^^^^^^^^^^^^^

src/Money.hs:555:1: warning: [GHC-90177] [-Worphans]
    Orphan family instance:
      type instance I.UnitScale "NOK" "ore" = '(100, 1)
                      -- Defined at src/Money.hs:555:15
    Suggested fix:
      Move the instance declaration to the module of the type family or of the type, or
      wrap the type with a newtype and declare the instance on the new type.
    |
555 | type instance I.UnitScale "NOK" "ore" = '(100, 1)
    | ^^^^^^^^^^^^^^^^^^^^^^^^^^^^^^^^^^^^^^^^^^^^^^^^^

src/Money.hs:557:1: warning: [GHC-90177] [-Worphans]
    Orphan family instance:
      type instance I.CurrencyScale "NPR" = I.UnitScale "NPR" "paisa"
                      -- Defined at src/Money.hs:557:15
    Suggested fix:
      Move the instance declaration to the module of the type family or of the type, or
      wrap the type with a newtype and declare the instance on the new type.
    |
557 | type instance I.CurrencyScale "NPR" = I.UnitScale "NPR" "paisa"
    | ^^^^^^^^^^^^^^^^^^^^^^^^^^^^^^^^^^^^^^^^^^^^^^^^^^^^^^^^^^^^^^^

src/Money.hs:558:1: warning: [GHC-90177] [-Worphans]
    Orphan family instance:
      type instance I.UnitScale "NPR" "rupee" = '(1, 1)
                      -- Defined at src/Money.hs:558:15
    Suggested fix:
      Move the instance declaration to the module of the type family or of the type, or
      wrap the type with a newtype and declare the instance on the new type.
    |
558 | type instance I.UnitScale "NPR" "rupee" = '(1, 1)
    | ^^^^^^^^^^^^^^^^^^^^^^^^^^^^^^^^^^^^^^^^^^^^^^^^^

src/Money.hs:559:1: warning: [GHC-90177] [-Worphans]
    Orphan family instance:
      type instance I.UnitScale "NPR" "paisa" = '(100, 1)
                      -- Defined at src/Money.hs:559:15
    Suggested fix:
      Move the instance declaration to the module of the type family or of the type, or
      wrap the type with a newtype and declare the instance on the new type.
    |
559 | type instance I.UnitScale "NPR" "paisa" = '(100, 1)
    | ^^^^^^^^^^^^^^^^^^^^^^^^^^^^^^^^^^^^^^^^^^^^^^^^^^^

src/Money.hs:561:1: warning: [GHC-90177] [-Worphans]
    Orphan family instance:
      type instance I.CurrencyScale "NZD" = I.UnitScale "NZD" "cent"
                      -- Defined at src/Money.hs:561:15
    Suggested fix:
      Move the instance declaration to the module of the type family or of the type, or
      wrap the type with a newtype and declare the instance on the new type.
    |
561 | type instance I.CurrencyScale "NZD" = I.UnitScale "NZD" "cent"
    | ^^^^^^^^^^^^^^^^^^^^^^^^^^^^^^^^^^^^^^^^^^^^^^^^^^^^^^^^^^^^^^

src/Money.hs:562:1: warning: [GHC-90177] [-Worphans]
    Orphan family instance:
      type instance I.UnitScale "NZD" "dollar" = '(1, 1)
                      -- Defined at src/Money.hs:562:15
    Suggested fix:
      Move the instance declaration to the module of the type family or of the type, or
      wrap the type with a newtype and declare the instance on the new type.
    |
562 | type instance I.UnitScale "NZD" "dollar" = '(1, 1)
    | ^^^^^^^^^^^^^^^^^^^^^^^^^^^^^^^^^^^^^^^^^^^^^^^^^^

src/Money.hs:563:1: warning: [GHC-90177] [-Worphans]
    Orphan family instance:
      type instance I.UnitScale "NZD" "cent" = '(100, 1)
                      -- Defined at src/Money.hs:563:15
    Suggested fix:
      Move the instance declaration to the module of the type family or of the type, or
      wrap the type with a newtype and declare the instance on the new type.
    |
563 | type instance I.UnitScale "NZD" "cent" = '(100, 1)
    | ^^^^^^^^^^^^^^^^^^^^^^^^^^^^^^^^^^^^^^^^^^^^^^^^^^

src/Money.hs:565:1: warning: [GHC-90177] [-Worphans]
    Orphan family instance:
      type instance I.CurrencyScale "OMR" = I.UnitScale "OMR" "baisa"
                      -- Defined at src/Money.hs:565:15
    Suggested fix:
      Move the instance declaration to the module of the type family or of the type, or
      wrap the type with a newtype and declare the instance on the new type.
    |
565 | type instance I.CurrencyScale "OMR" = I.UnitScale "OMR" "baisa"
    | ^^^^^^^^^^^^^^^^^^^^^^^^^^^^^^^^^^^^^^^^^^^^^^^^^^^^^^^^^^^^^^^

src/Money.hs:566:1: warning: [GHC-90177] [-Worphans]
    Orphan family instance:
      type instance I.UnitScale "OMR" "rial" = '(1, 1)
                      -- Defined at src/Money.hs:566:15
    Suggested fix:
      Move the instance declaration to the module of the type family or of the type, or
      wrap the type with a newtype and declare the instance on the new type.
    |
566 | type instance I.UnitScale "OMR" "rial" = '(1, 1)
    | ^^^^^^^^^^^^^^^^^^^^^^^^^^^^^^^^^^^^^^^^^^^^^^^^

src/Money.hs:567:1: warning: [GHC-90177] [-Worphans]
    Orphan family instance:
      type instance I.UnitScale "OMR" "baisa" = '(1000, 1)
                      -- Defined at src/Money.hs:567:15
    Suggested fix:
      Move the instance declaration to the module of the type family or of the type, or
      wrap the type with a newtype and declare the instance on the new type.
    |
567 | type instance I.UnitScale "OMR" "baisa" = '(1000, 1)
    | ^^^^^^^^^^^^^^^^^^^^^^^^^^^^^^^^^^^^^^^^^^^^^^^^^^^^

src/Money.hs:569:1: warning: [GHC-90177] [-Worphans]
    Orphan family instance:
      type instance I.CurrencyScale "PAB" = I.UnitScale "PAB" "centesimo"
                      -- Defined at src/Money.hs:569:15
    Suggested fix:
      Move the instance declaration to the module of the type family or of the type, or
      wrap the type with a newtype and declare the instance on the new type.
    |
569 | type instance I.CurrencyScale "PAB" = I.UnitScale "PAB" "centesimo"
    | ^^^^^^^^^^^^^^^^^^^^^^^^^^^^^^^^^^^^^^^^^^^^^^^^^^^^^^^^^^^^^^^^^^^

src/Money.hs:570:1: warning: [GHC-90177] [-Worphans]
    Orphan family instance:
      type instance I.UnitScale "PAB" "balboa" = '(1, 1)
                      -- Defined at src/Money.hs:570:15
    Suggested fix:
      Move the instance declaration to the module of the type family or of the type, or
      wrap the type with a newtype and declare the instance on the new type.
    |
570 | type instance I.UnitScale "PAB" "balboa" = '(1, 1)
    | ^^^^^^^^^^^^^^^^^^^^^^^^^^^^^^^^^^^^^^^^^^^^^^^^^^

src/Money.hs:571:1: warning: [GHC-90177] [-Worphans]
    Orphan family instance:
      type instance I.UnitScale "PAB" "centesimo" = '(100, 1)
                      -- Defined at src/Money.hs:571:15
    Suggested fix:
      Move the instance declaration to the module of the type family or of the type, or
      wrap the type with a newtype and declare the instance on the new type.
    |
571 | type instance I.UnitScale "PAB" "centesimo" = '(100, 1)
    | ^^^^^^^^^^^^^^^^^^^^^^^^^^^^^^^^^^^^^^^^^^^^^^^^^^^^^^^

src/Money.hs:573:1: warning: [GHC-90177] [-Worphans]
    Orphan family instance:
      type instance I.CurrencyScale "PEN" = I.UnitScale "PEN" "centimo"
                      -- Defined at src/Money.hs:573:15
    Suggested fix:
      Move the instance declaration to the module of the type family or of the type, or
      wrap the type with a newtype and declare the instance on the new type.
    |
573 | type instance I.CurrencyScale "PEN" = I.UnitScale "PEN" "centimo"
    | ^^^^^^^^^^^^^^^^^^^^^^^^^^^^^^^^^^^^^^^^^^^^^^^^^^^^^^^^^^^^^^^^^

src/Money.hs:574:1: warning: [GHC-90177] [-Worphans]
    Orphan family instance:
      type instance I.UnitScale "PEN" "sol" = '(1, 1)
                      -- Defined at src/Money.hs:574:15
    Suggested fix:
      Move the instance declaration to the module of the type family or of the type, or
      wrap the type with a newtype and declare the instance on the new type.
    |
574 | type instance I.UnitScale "PEN" "sol" = '(1, 1)
    | ^^^^^^^^^^^^^^^^^^^^^^^^^^^^^^^^^^^^^^^^^^^^^^^

src/Money.hs:575:1: warning: [GHC-90177] [-Worphans]
    Orphan family instance:
      type instance I.UnitScale "PEN" "centimo" = '(100, 1)
                      -- Defined at src/Money.hs:575:15
    Suggested fix:
      Move the instance declaration to the module of the type family or of the type, or
      wrap the type with a newtype and declare the instance on the new type.
    |
575 | type instance I.UnitScale "PEN" "centimo" = '(100, 1)
    | ^^^^^^^^^^^^^^^^^^^^^^^^^^^^^^^^^^^^^^^^^^^^^^^^^^^^^

src/Money.hs:577:1: warning: [GHC-90177] [-Worphans]
    Orphan family instance:
      type instance I.CurrencyScale "PGK" = I.UnitScale "PGK" "toea"
                      -- Defined at src/Money.hs:577:15
    Suggested fix:
      Move the instance declaration to the module of the type family or of the type, or
      wrap the type with a newtype and declare the instance on the new type.
    |
577 | type instance I.CurrencyScale "PGK" = I.UnitScale "PGK" "toea"
    | ^^^^^^^^^^^^^^^^^^^^^^^^^^^^^^^^^^^^^^^^^^^^^^^^^^^^^^^^^^^^^^

src/Money.hs:578:1: warning: [GHC-90177] [-Worphans]
    Orphan family instance:
      type instance I.UnitScale "PGK" "kina" = '(1, 1)
                      -- Defined at src/Money.hs:578:15
    Suggested fix:
      Move the instance declaration to the module of the type family or of the type, or
      wrap the type with a newtype and declare the instance on the new type.
    |
578 | type instance I.UnitScale "PGK" "kina" = '(1, 1)
    | ^^^^^^^^^^^^^^^^^^^^^^^^^^^^^^^^^^^^^^^^^^^^^^^^

src/Money.hs:579:1: warning: [GHC-90177] [-Worphans]
    Orphan family instance:
      type instance I.UnitScale "PGK" "toea" = '(100, 1)
                      -- Defined at src/Money.hs:579:15
    Suggested fix:
      Move the instance declaration to the module of the type family or of the type, or
      wrap the type with a newtype and declare the instance on the new type.
    |
579 | type instance I.UnitScale "PGK" "toea" = '(100, 1)
    | ^^^^^^^^^^^^^^^^^^^^^^^^^^^^^^^^^^^^^^^^^^^^^^^^^^

src/Money.hs:581:1: warning: [GHC-90177] [-Worphans]
    Orphan family instance:
      type instance I.CurrencyScale "PHP" = I.UnitScale "PHP" "centavo"
                      -- Defined at src/Money.hs:581:15
    Suggested fix:
      Move the instance declaration to the module of the type family or of the type, or
      wrap the type with a newtype and declare the instance on the new type.
    |
581 | type instance I.CurrencyScale "PHP" = I.UnitScale "PHP" "centavo"
    | ^^^^^^^^^^^^^^^^^^^^^^^^^^^^^^^^^^^^^^^^^^^^^^^^^^^^^^^^^^^^^^^^^

src/Money.hs:582:1: warning: [GHC-90177] [-Worphans]
    Orphan family instance:
      type instance I.UnitScale "PHP" "peso" = '(1, 1)
                      -- Defined at src/Money.hs:582:15
    Suggested fix:
      Move the instance declaration to the module of the type family or of the type, or
      wrap the type with a newtype and declare the instance on the new type.
    |
582 | type instance I.UnitScale "PHP" "peso" = '(1, 1)
    | ^^^^^^^^^^^^^^^^^^^^^^^^^^^^^^^^^^^^^^^^^^^^^^^^

src/Money.hs:583:1: warning: [GHC-90177] [-Worphans]
    Orphan family instance:
      type instance I.UnitScale "PHP" "centavo" = '(100, 1)
                      -- Defined at src/Money.hs:583:15
    Suggested fix:
      Move the instance declaration to the module of the type family or of the type, or
      wrap the type with a newtype and declare the instance on the new type.
    |
583 | type instance I.UnitScale "PHP" "centavo" = '(100, 1)
    | ^^^^^^^^^^^^^^^^^^^^^^^^^^^^^^^^^^^^^^^^^^^^^^^^^^^^^

src/Money.hs:585:1: warning: [GHC-90177] [-Worphans]
    Orphan family instance:
      type instance I.CurrencyScale "PKR" = I.UnitScale "PKR" "paisa"
                      -- Defined at src/Money.hs:585:15
    Suggested fix:
      Move the instance declaration to the module of the type family or of the type, or
      wrap the type with a newtype and declare the instance on the new type.
    |
585 | type instance I.CurrencyScale "PKR" = I.UnitScale "PKR" "paisa"
    | ^^^^^^^^^^^^^^^^^^^^^^^^^^^^^^^^^^^^^^^^^^^^^^^^^^^^^^^^^^^^^^^

src/Money.hs:586:1: warning: [GHC-90177] [-Worphans]
    Orphan family instance:
      type instance I.UnitScale "PKR" "rupee" = '(1, 1)
                      -- Defined at src/Money.hs:586:15
    Suggested fix:
      Move the instance declaration to the module of the type family or of the type, or
      wrap the type with a newtype and declare the instance on the new type.
    |
586 | type instance I.UnitScale "PKR" "rupee" = '(1, 1)
    | ^^^^^^^^^^^^^^^^^^^^^^^^^^^^^^^^^^^^^^^^^^^^^^^^^

src/Money.hs:587:1: warning: [GHC-90177] [-Worphans]
    Orphan family instance:
      type instance I.UnitScale "PKR" "paisa" = '(100, 1)
                      -- Defined at src/Money.hs:587:15
    Suggested fix:
      Move the instance declaration to the module of the type family or of the type, or
      wrap the type with a newtype and declare the instance on the new type.
    |
587 | type instance I.UnitScale "PKR" "paisa" = '(100, 1)
    | ^^^^^^^^^^^^^^^^^^^^^^^^^^^^^^^^^^^^^^^^^^^^^^^^^^^

src/Money.hs:589:1: warning: [GHC-90177] [-Worphans]
    Orphan family instance:
      type instance I.CurrencyScale "PLN" = I.UnitScale "PLN" "grosz"
                      -- Defined at src/Money.hs:589:15
    Suggested fix:
      Move the instance declaration to the module of the type family or of the type, or
      wrap the type with a newtype and declare the instance on the new type.
    |
589 | type instance I.CurrencyScale "PLN" = I.UnitScale "PLN" "grosz"
    | ^^^^^^^^^^^^^^^^^^^^^^^^^^^^^^^^^^^^^^^^^^^^^^^^^^^^^^^^^^^^^^^

src/Money.hs:590:1: warning: [GHC-90177] [-Worphans]
    Orphan family instance:
      type instance I.UnitScale "PLN" "zloty" = '(1, 1)
                      -- Defined at src/Money.hs:590:15
    Suggested fix:
      Move the instance declaration to the module of the type family or of the type, or
      wrap the type with a newtype and declare the instance on the new type.
    |
590 | type instance I.UnitScale "PLN" "zloty" = '(1, 1)
    | ^^^^^^^^^^^^^^^^^^^^^^^^^^^^^^^^^^^^^^^^^^^^^^^^^

src/Money.hs:591:1: warning: [GHC-90177] [-Worphans]
    Orphan family instance:
      type instance I.UnitScale "PLN" "grosz" = '(100, 1)
                      -- Defined at src/Money.hs:591:15
    Suggested fix:
      Move the instance declaration to the module of the type family or of the type, or
      wrap the type with a newtype and declare the instance on the new type.
    |
591 | type instance I.UnitScale "PLN" "grosz" = '(100, 1)
    | ^^^^^^^^^^^^^^^^^^^^^^^^^^^^^^^^^^^^^^^^^^^^^^^^^^^

src/Money.hs:593:1: warning: [GHC-90177] [-Worphans]
    Orphan family instance:
      type instance I.CurrencyScale "PYG" = I.UnitScale "PYG" "centimo"
                      -- Defined at src/Money.hs:593:15
    Suggested fix:
      Move the instance declaration to the module of the type family or of the type, or
      wrap the type with a newtype and declare the instance on the new type.
    |
593 | type instance I.CurrencyScale "PYG" = I.UnitScale "PYG" "centimo"
    | ^^^^^^^^^^^^^^^^^^^^^^^^^^^^^^^^^^^^^^^^^^^^^^^^^^^^^^^^^^^^^^^^^

src/Money.hs:594:1: warning: [GHC-90177] [-Worphans]
    Orphan family instance:
      type instance I.UnitScale "PYG" "guarani" = '(1, 1)
                      -- Defined at src/Money.hs:594:15
    Suggested fix:
      Move the instance declaration to the module of the type family or of the type, or
      wrap the type with a newtype and declare the instance on the new type.
    |
594 | type instance I.UnitScale "PYG" "guarani" = '(1, 1)
    | ^^^^^^^^^^^^^^^^^^^^^^^^^^^^^^^^^^^^^^^^^^^^^^^^^^^

src/Money.hs:595:1: warning: [GHC-90177] [-Worphans]
    Orphan family instance:
      type instance I.UnitScale "PYG" "centimo" = '(100, 1)
                      -- Defined at src/Money.hs:595:15
    Suggested fix:
      Move the instance declaration to the module of the type family or of the type, or
      wrap the type with a newtype and declare the instance on the new type.
    |
595 | type instance I.UnitScale "PYG" "centimo" = '(100, 1)
    | ^^^^^^^^^^^^^^^^^^^^^^^^^^^^^^^^^^^^^^^^^^^^^^^^^^^^^

src/Money.hs:597:1: warning: [GHC-90177] [-Worphans]
    Orphan family instance:
      type instance I.CurrencyScale "QAR" = I.UnitScale "QAR" "dirham"
                      -- Defined at src/Money.hs:597:15
    Suggested fix:
      Move the instance declaration to the module of the type family or of the type, or
      wrap the type with a newtype and declare the instance on the new type.
    |
597 | type instance I.CurrencyScale "QAR" = I.UnitScale "QAR" "dirham"
    | ^^^^^^^^^^^^^^^^^^^^^^^^^^^^^^^^^^^^^^^^^^^^^^^^^^^^^^^^^^^^^^^^

src/Money.hs:598:1: warning: [GHC-90177] [-Worphans]
    Orphan family instance:
      type instance I.UnitScale "QAR" "riyal" = '(1, 1)
                      -- Defined at src/Money.hs:598:15
    Suggested fix:
      Move the instance declaration to the module of the type family or of the type, or
      wrap the type with a newtype and declare the instance on the new type.
    |
598 | type instance I.UnitScale "QAR" "riyal" = '(1, 1)
    | ^^^^^^^^^^^^^^^^^^^^^^^^^^^^^^^^^^^^^^^^^^^^^^^^^

src/Money.hs:599:1: warning: [GHC-90177] [-Worphans]
    Orphan family instance:
      type instance I.UnitScale "QAR" "dirham" = '(100, 1)
                      -- Defined at src/Money.hs:599:15
    Suggested fix:
      Move the instance declaration to the module of the type family or of the type, or
      wrap the type with a newtype and declare the instance on the new type.
    |
599 | type instance I.UnitScale "QAR" "dirham" = '(100, 1)
    | ^^^^^^^^^^^^^^^^^^^^^^^^^^^^^^^^^^^^^^^^^^^^^^^^^^^^

src/Money.hs:601:1: warning: [GHC-90177] [-Worphans]
    Orphan family instance:
      type instance I.CurrencyScale "RON" = I.UnitScale "RON" "ban"
                      -- Defined at src/Money.hs:601:15
    Suggested fix:
      Move the instance declaration to the module of the type family or of the type, or
      wrap the type with a newtype and declare the instance on the new type.
    |
601 | type instance I.CurrencyScale "RON" = I.UnitScale "RON" "ban"
    | ^^^^^^^^^^^^^^^^^^^^^^^^^^^^^^^^^^^^^^^^^^^^^^^^^^^^^^^^^^^^^

src/Money.hs:602:1: warning: [GHC-90177] [-Worphans]
    Orphan family instance:
      type instance I.UnitScale "RON" "leu" = '(1, 1)
                      -- Defined at src/Money.hs:602:15
    Suggested fix:
      Move the instance declaration to the module of the type family or of the type, or
      wrap the type with a newtype and declare the instance on the new type.
    |
602 | type instance I.UnitScale "RON" "leu" = '(1, 1)
    | ^^^^^^^^^^^^^^^^^^^^^^^^^^^^^^^^^^^^^^^^^^^^^^^

src/Money.hs:603:1: warning: [GHC-90177] [-Worphans]
    Orphan family instance:
      type instance I.UnitScale "RON" "ban" = '(100, 1)
                      -- Defined at src/Money.hs:603:15
    Suggested fix:
      Move the instance declaration to the module of the type family or of the type, or
      wrap the type with a newtype and declare the instance on the new type.
    |
603 | type instance I.UnitScale "RON" "ban" = '(100, 1)
    | ^^^^^^^^^^^^^^^^^^^^^^^^^^^^^^^^^^^^^^^^^^^^^^^^^

src/Money.hs:605:1: warning: [GHC-90177] [-Worphans]
    Orphan family instance:
      type instance I.CurrencyScale "RSD" = I.UnitScale "RSD" "para"
                      -- Defined at src/Money.hs:605:15
    Suggested fix:
      Move the instance declaration to the module of the type family or of the type, or
      wrap the type with a newtype and declare the instance on the new type.
    |
605 | type instance I.CurrencyScale "RSD" = I.UnitScale "RSD" "para"
    | ^^^^^^^^^^^^^^^^^^^^^^^^^^^^^^^^^^^^^^^^^^^^^^^^^^^^^^^^^^^^^^

src/Money.hs:606:1: warning: [GHC-90177] [-Worphans]
    Orphan family instance:
      type instance I.UnitScale "RSD" "dinar" = '(1, 1)
                      -- Defined at src/Money.hs:606:15
    Suggested fix:
      Move the instance declaration to the module of the type family or of the type, or
      wrap the type with a newtype and declare the instance on the new type.
    |
606 | type instance I.UnitScale "RSD" "dinar" = '(1, 1)
    | ^^^^^^^^^^^^^^^^^^^^^^^^^^^^^^^^^^^^^^^^^^^^^^^^^

src/Money.hs:607:1: warning: [GHC-90177] [-Worphans]
    Orphan family instance:
      type instance I.UnitScale "RSD" "para" = '(100, 1)
                      -- Defined at src/Money.hs:607:15
    Suggested fix:
      Move the instance declaration to the module of the type family or of the type, or
      wrap the type with a newtype and declare the instance on the new type.
    |
607 | type instance I.UnitScale "RSD" "para" = '(100, 1)
    | ^^^^^^^^^^^^^^^^^^^^^^^^^^^^^^^^^^^^^^^^^^^^^^^^^^

src/Money.hs:609:1: warning: [GHC-90177] [-Worphans]
    Orphan family instance:
      type instance I.CurrencyScale "RUB" = I.UnitScale "RUB" "kopek"
                      -- Defined at src/Money.hs:609:15
    Suggested fix:
      Move the instance declaration to the module of the type family or of the type, or
      wrap the type with a newtype and declare the instance on the new type.
    |
609 | type instance I.CurrencyScale "RUB" = I.UnitScale "RUB" "kopek"
    | ^^^^^^^^^^^^^^^^^^^^^^^^^^^^^^^^^^^^^^^^^^^^^^^^^^^^^^^^^^^^^^^

src/Money.hs:610:1: warning: [GHC-90177] [-Worphans]
    Orphan family instance:
      type instance I.UnitScale "RUB" "ruble" = '(1, 1)
                      -- Defined at src/Money.hs:610:15
    Suggested fix:
      Move the instance declaration to the module of the type family or of the type, or
      wrap the type with a newtype and declare the instance on the new type.
    |
610 | type instance I.UnitScale "RUB" "ruble" = '(1, 1)
    | ^^^^^^^^^^^^^^^^^^^^^^^^^^^^^^^^^^^^^^^^^^^^^^^^^

src/Money.hs:611:1: warning: [GHC-90177] [-Worphans]
    Orphan family instance:
      type instance I.UnitScale "RUB" "kopek" = '(100, 1)
                      -- Defined at src/Money.hs:611:15
    Suggested fix:
      Move the instance declaration to the module of the type family or of the type, or
      wrap the type with a newtype and declare the instance on the new type.
    |
611 | type instance I.UnitScale "RUB" "kopek" = '(100, 1)
    | ^^^^^^^^^^^^^^^^^^^^^^^^^^^^^^^^^^^^^^^^^^^^^^^^^^^

src/Money.hs:613:1: warning: [GHC-90177] [-Worphans]
    Orphan family instance:
      type instance I.CurrencyScale "RWF" = I.UnitScale "RWF" "centime"
                      -- Defined at src/Money.hs:613:15
    Suggested fix:
      Move the instance declaration to the module of the type family or of the type, or
      wrap the type with a newtype and declare the instance on the new type.
    |
613 | type instance I.CurrencyScale "RWF" = I.UnitScale "RWF" "centime"
    | ^^^^^^^^^^^^^^^^^^^^^^^^^^^^^^^^^^^^^^^^^^^^^^^^^^^^^^^^^^^^^^^^^

src/Money.hs:614:1: warning: [GHC-90177] [-Worphans]
    Orphan family instance:
      type instance I.UnitScale "RWF" "franc" = '(1, 1)
                      -- Defined at src/Money.hs:614:15
    Suggested fix:
      Move the instance declaration to the module of the type family or of the type, or
      wrap the type with a newtype and declare the instance on the new type.
    |
614 | type instance I.UnitScale "RWF" "franc" = '(1, 1)
    | ^^^^^^^^^^^^^^^^^^^^^^^^^^^^^^^^^^^^^^^^^^^^^^^^^

src/Money.hs:615:1: warning: [GHC-90177] [-Worphans]
    Orphan family instance:
      type instance I.UnitScale "RWF" "centime" = '(100, 1)
                      -- Defined at src/Money.hs:615:15
    Suggested fix:
      Move the instance declaration to the module of the type family or of the type, or
      wrap the type with a newtype and declare the instance on the new type.
    |
615 | type instance I.UnitScale "RWF" "centime" = '(100, 1)
    | ^^^^^^^^^^^^^^^^^^^^^^^^^^^^^^^^^^^^^^^^^^^^^^^^^^^^^

src/Money.hs:617:1: warning: [GHC-90177] [-Worphans]
    Orphan family instance:
      type instance I.CurrencyScale "SAR" = I.UnitScale "SAR" "halala"
                      -- Defined at src/Money.hs:617:15
    Suggested fix:
      Move the instance declaration to the module of the type family or of the type, or
      wrap the type with a newtype and declare the instance on the new type.
    |
617 | type instance I.CurrencyScale "SAR" = I.UnitScale "SAR" "halala"
    | ^^^^^^^^^^^^^^^^^^^^^^^^^^^^^^^^^^^^^^^^^^^^^^^^^^^^^^^^^^^^^^^^

src/Money.hs:618:1: warning: [GHC-90177] [-Worphans]
    Orphan family instance:
      type instance I.UnitScale "SAR" "riyal" = '(1, 1)
                      -- Defined at src/Money.hs:618:15
    Suggested fix:
      Move the instance declaration to the module of the type family or of the type, or
      wrap the type with a newtype and declare the instance on the new type.
    |
618 | type instance I.UnitScale "SAR" "riyal" = '(1, 1)
    | ^^^^^^^^^^^^^^^^^^^^^^^^^^^^^^^^^^^^^^^^^^^^^^^^^

src/Money.hs:619:1: warning: [GHC-90177] [-Worphans]
    Orphan family instance:
      type instance I.UnitScale "SAR" "halala" = '(100, 1)
                      -- Defined at src/Money.hs:619:15
    Suggested fix:
      Move the instance declaration to the module of the type family or of the type, or
      wrap the type with a newtype and declare the instance on the new type.
    |
619 | type instance I.UnitScale "SAR" "halala" = '(100, 1)
    | ^^^^^^^^^^^^^^^^^^^^^^^^^^^^^^^^^^^^^^^^^^^^^^^^^^^^

src/Money.hs:621:1: warning: [GHC-90177] [-Worphans]
    Orphan family instance:
      type instance I.CurrencyScale "SBD" = I.UnitScale "SBD" "cent"
                      -- Defined at src/Money.hs:621:15
    Suggested fix:
      Move the instance declaration to the module of the type family or of the type, or
      wrap the type with a newtype and declare the instance on the new type.
    |
621 | type instance I.CurrencyScale "SBD" = I.UnitScale "SBD" "cent"
    | ^^^^^^^^^^^^^^^^^^^^^^^^^^^^^^^^^^^^^^^^^^^^^^^^^^^^^^^^^^^^^^

src/Money.hs:622:1: warning: [GHC-90177] [-Worphans]
    Orphan family instance:
      type instance I.UnitScale "SBD" "dollar" = '(1, 1)
                      -- Defined at src/Money.hs:622:15
    Suggested fix:
      Move the instance declaration to the module of the type family or of the type, or
      wrap the type with a newtype and declare the instance on the new type.
    |
622 | type instance I.UnitScale "SBD" "dollar" = '(1, 1)
    | ^^^^^^^^^^^^^^^^^^^^^^^^^^^^^^^^^^^^^^^^^^^^^^^^^^

src/Money.hs:623:1: warning: [GHC-90177] [-Worphans]
    Orphan family instance:
      type instance I.UnitScale "SBD" "cent" = '(100, 1)
                      -- Defined at src/Money.hs:623:15
    Suggested fix:
      Move the instance declaration to the module of the type family or of the type, or
      wrap the type with a newtype and declare the instance on the new type.
    |
623 | type instance I.UnitScale "SBD" "cent" = '(100, 1)
    | ^^^^^^^^^^^^^^^^^^^^^^^^^^^^^^^^^^^^^^^^^^^^^^^^^^

src/Money.hs:625:1: warning: [GHC-90177] [-Worphans]
    Orphan family instance:
      type instance I.CurrencyScale "SCR" = I.UnitScale "SCR" "cent"
                      -- Defined at src/Money.hs:625:15
    Suggested fix:
      Move the instance declaration to the module of the type family or of the type, or
      wrap the type with a newtype and declare the instance on the new type.
    |
625 | type instance I.CurrencyScale "SCR" = I.UnitScale "SCR" "cent"
    | ^^^^^^^^^^^^^^^^^^^^^^^^^^^^^^^^^^^^^^^^^^^^^^^^^^^^^^^^^^^^^^

src/Money.hs:626:1: warning: [GHC-90177] [-Worphans]
    Orphan family instance:
      type instance I.UnitScale "SCR" "rupee" = '(1, 1)
                      -- Defined at src/Money.hs:626:15
    Suggested fix:
      Move the instance declaration to the module of the type family or of the type, or
      wrap the type with a newtype and declare the instance on the new type.
    |
626 | type instance I.UnitScale "SCR" "rupee" = '(1, 1)
    | ^^^^^^^^^^^^^^^^^^^^^^^^^^^^^^^^^^^^^^^^^^^^^^^^^

src/Money.hs:627:1: warning: [GHC-90177] [-Worphans]
    Orphan family instance:
      type instance I.UnitScale "SCR" "cent" = '(100, 1)
                      -- Defined at src/Money.hs:627:15
    Suggested fix:
      Move the instance declaration to the module of the type family or of the type, or
      wrap the type with a newtype and declare the instance on the new type.
    |
627 | type instance I.UnitScale "SCR" "cent" = '(100, 1)
    | ^^^^^^^^^^^^^^^^^^^^^^^^^^^^^^^^^^^^^^^^^^^^^^^^^^

src/Money.hs:629:1: warning: [GHC-90177] [-Worphans]
    Orphan family instance:
      type instance I.CurrencyScale "SDG" = I.UnitScale "SDG" "piastre"
                      -- Defined at src/Money.hs:629:15
    Suggested fix:
      Move the instance declaration to the module of the type family or of the type, or
      wrap the type with a newtype and declare the instance on the new type.
    |
629 | type instance I.CurrencyScale "SDG" = I.UnitScale "SDG" "piastre"
    | ^^^^^^^^^^^^^^^^^^^^^^^^^^^^^^^^^^^^^^^^^^^^^^^^^^^^^^^^^^^^^^^^^

src/Money.hs:630:1: warning: [GHC-90177] [-Worphans]
    Orphan family instance:
      type instance I.UnitScale "SDG" "pound" = '(1, 1)
                      -- Defined at src/Money.hs:630:15
    Suggested fix:
      Move the instance declaration to the module of the type family or of the type, or
      wrap the type with a newtype and declare the instance on the new type.
    |
630 | type instance I.UnitScale "SDG" "pound" = '(1, 1)
    | ^^^^^^^^^^^^^^^^^^^^^^^^^^^^^^^^^^^^^^^^^^^^^^^^^

src/Money.hs:631:1: warning: [GHC-90177] [-Worphans]
    Orphan family instance:
      type instance I.UnitScale "SDG" "piastre" = '(100, 1)
                      -- Defined at src/Money.hs:631:15
    Suggested fix:
      Move the instance declaration to the module of the type family or of the type, or
      wrap the type with a newtype and declare the instance on the new type.
    |
631 | type instance I.UnitScale "SDG" "piastre" = '(100, 1)
    | ^^^^^^^^^^^^^^^^^^^^^^^^^^^^^^^^^^^^^^^^^^^^^^^^^^^^^

src/Money.hs:633:1: warning: [GHC-90177] [-Worphans]
    Orphan family instance:
      type instance I.CurrencyScale "SEK" = I.UnitScale "SEK" "ore"
                      -- Defined at src/Money.hs:633:15
    Suggested fix:
      Move the instance declaration to the module of the type family or of the type, or
      wrap the type with a newtype and declare the instance on the new type.
    |
633 | type instance I.CurrencyScale "SEK" = I.UnitScale "SEK" "ore"
    | ^^^^^^^^^^^^^^^^^^^^^^^^^^^^^^^^^^^^^^^^^^^^^^^^^^^^^^^^^^^^^

src/Money.hs:634:1: warning: [GHC-90177] [-Worphans]
    Orphan family instance:
      type instance I.UnitScale "SEK" "krona" = '(1, 1)
                      -- Defined at src/Money.hs:634:15
    Suggested fix:
      Move the instance declaration to the module of the type family or of the type, or
      wrap the type with a newtype and declare the instance on the new type.
    |
634 | type instance I.UnitScale "SEK" "krona" = '(1, 1)
    | ^^^^^^^^^^^^^^^^^^^^^^^^^^^^^^^^^^^^^^^^^^^^^^^^^

src/Money.hs:635:1: warning: [GHC-90177] [-Worphans]
    Orphan family instance:
      type instance I.UnitScale "SEK" "ore" = '(100, 1)
                      -- Defined at src/Money.hs:635:15
    Suggested fix:
      Move the instance declaration to the module of the type family or of the type, or
      wrap the type with a newtype and declare the instance on the new type.
    |
635 | type instance I.UnitScale "SEK" "ore" = '(100, 1)
    | ^^^^^^^^^^^^^^^^^^^^^^^^^^^^^^^^^^^^^^^^^^^^^^^^^

src/Money.hs:637:1: warning: [GHC-90177] [-Worphans]
    Orphan family instance:
      type instance I.CurrencyScale "SGD" = I.UnitScale "SGD" "cent"
                      -- Defined at src/Money.hs:637:15
    Suggested fix:
      Move the instance declaration to the module of the type family or of the type, or
      wrap the type with a newtype and declare the instance on the new type.
    |
637 | type instance I.CurrencyScale "SGD" = I.UnitScale "SGD" "cent"
    | ^^^^^^^^^^^^^^^^^^^^^^^^^^^^^^^^^^^^^^^^^^^^^^^^^^^^^^^^^^^^^^

src/Money.hs:638:1: warning: [GHC-90177] [-Worphans]
    Orphan family instance:
      type instance I.UnitScale "SGD" "dollar" = '(1, 1)
                      -- Defined at src/Money.hs:638:15
    Suggested fix:
      Move the instance declaration to the module of the type family or of the type, or
      wrap the type with a newtype and declare the instance on the new type.
    |
638 | type instance I.UnitScale "SGD" "dollar" = '(1, 1)
    | ^^^^^^^^^^^^^^^^^^^^^^^^^^^^^^^^^^^^^^^^^^^^^^^^^^

src/Money.hs:639:1: warning: [GHC-90177] [-Worphans]
    Orphan family instance:
      type instance I.UnitScale "SGD" "cent" = '(100, 1)
                      -- Defined at src/Money.hs:639:15
    Suggested fix:
      Move the instance declaration to the module of the type family or of the type, or
      wrap the type with a newtype and declare the instance on the new type.
    |
639 | type instance I.UnitScale "SGD" "cent" = '(100, 1)
    | ^^^^^^^^^^^^^^^^^^^^^^^^^^^^^^^^^^^^^^^^^^^^^^^^^^

src/Money.hs:641:1: warning: [GHC-90177] [-Worphans]
    Orphan family instance:
      type instance I.CurrencyScale "SHP" = I.UnitScale "SHP" "penny"
                      -- Defined at src/Money.hs:641:15
    Suggested fix:
      Move the instance declaration to the module of the type family or of the type, or
      wrap the type with a newtype and declare the instance on the new type.
    |
641 | type instance I.CurrencyScale "SHP" = I.UnitScale "SHP" "penny"
    | ^^^^^^^^^^^^^^^^^^^^^^^^^^^^^^^^^^^^^^^^^^^^^^^^^^^^^^^^^^^^^^^

src/Money.hs:642:1: warning: [GHC-90177] [-Worphans]
    Orphan family instance:
      type instance I.UnitScale "SHP" "pound" = '(1, 1)
                      -- Defined at src/Money.hs:642:15
    Suggested fix:
      Move the instance declaration to the module of the type family or of the type, or
      wrap the type with a newtype and declare the instance on the new type.
    |
642 | type instance I.UnitScale "SHP" "pound" = '(1, 1)
    | ^^^^^^^^^^^^^^^^^^^^^^^^^^^^^^^^^^^^^^^^^^^^^^^^^

src/Money.hs:643:1: warning: [GHC-90177] [-Worphans]
    Orphan family instance:
      type instance I.UnitScale "SHP" "penny" = '(100, 1)
                      -- Defined at src/Money.hs:643:15
    Suggested fix:
      Move the instance declaration to the module of the type family or of the type, or
      wrap the type with a newtype and declare the instance on the new type.
    |
643 | type instance I.UnitScale "SHP" "penny" = '(100, 1)
    | ^^^^^^^^^^^^^^^^^^^^^^^^^^^^^^^^^^^^^^^^^^^^^^^^^^^

src/Money.hs:645:1: warning: [GHC-90177] [-Worphans]
    Orphan family instance:
      type instance I.CurrencyScale "SLL" = I.UnitScale "SLL" "cent"
                      -- Defined at src/Money.hs:645:15
    Suggested fix:
      Move the instance declaration to the module of the type family or of the type, or
      wrap the type with a newtype and declare the instance on the new type.
    |
645 | type instance I.CurrencyScale "SLL" = I.UnitScale "SLL" "cent"
    | ^^^^^^^^^^^^^^^^^^^^^^^^^^^^^^^^^^^^^^^^^^^^^^^^^^^^^^^^^^^^^^

src/Money.hs:646:1: warning: [GHC-90177] [-Worphans]
    Orphan family instance:
      type instance I.UnitScale "SLL" "leone" = '(1, 1)
                      -- Defined at src/Money.hs:646:15
    Suggested fix:
      Move the instance declaration to the module of the type family or of the type, or
      wrap the type with a newtype and declare the instance on the new type.
    |
646 | type instance I.UnitScale "SLL" "leone" = '(1, 1)
    | ^^^^^^^^^^^^^^^^^^^^^^^^^^^^^^^^^^^^^^^^^^^^^^^^^

src/Money.hs:647:1: warning: [GHC-90177] [-Worphans]
    Orphan family instance:
      type instance I.UnitScale "SLL" "cent" = '(100, 1)
                      -- Defined at src/Money.hs:647:15
    Suggested fix:
      Move the instance declaration to the module of the type family or of the type, or
      wrap the type with a newtype and declare the instance on the new type.
    |
647 | type instance I.UnitScale "SLL" "cent" = '(100, 1)
    | ^^^^^^^^^^^^^^^^^^^^^^^^^^^^^^^^^^^^^^^^^^^^^^^^^^

src/Money.hs:649:1: warning: [GHC-90177] [-Worphans]
    Orphan family instance:
      type instance I.CurrencyScale "SOS" = I.UnitScale "SOS" "cent"
                      -- Defined at src/Money.hs:649:15
    Suggested fix:
      Move the instance declaration to the module of the type family or of the type, or
      wrap the type with a newtype and declare the instance on the new type.
    |
649 | type instance I.CurrencyScale "SOS" = I.UnitScale "SOS" "cent"
    | ^^^^^^^^^^^^^^^^^^^^^^^^^^^^^^^^^^^^^^^^^^^^^^^^^^^^^^^^^^^^^^

src/Money.hs:650:1: warning: [GHC-90177] [-Worphans]
    Orphan family instance:
      type instance I.UnitScale "SOS" "shilling" = '(1, 1)
                      -- Defined at src/Money.hs:650:15
    Suggested fix:
      Move the instance declaration to the module of the type family or of the type, or
      wrap the type with a newtype and declare the instance on the new type.
    |
650 | type instance I.UnitScale "SOS" "shilling" = '(1, 1)
    | ^^^^^^^^^^^^^^^^^^^^^^^^^^^^^^^^^^^^^^^^^^^^^^^^^^^^

src/Money.hs:651:1: warning: [GHC-90177] [-Worphans]
    Orphan family instance:
      type instance I.UnitScale "SOS" "cent" = '(100, 1)
                      -- Defined at src/Money.hs:651:15
    Suggested fix:
      Move the instance declaration to the module of the type family or of the type, or
      wrap the type with a newtype and declare the instance on the new type.
    |
651 | type instance I.UnitScale "SOS" "cent" = '(100, 1)
    | ^^^^^^^^^^^^^^^^^^^^^^^^^^^^^^^^^^^^^^^^^^^^^^^^^^

src/Money.hs:653:1: warning: [GHC-90177] [-Worphans]
    Orphan family instance:
      type instance I.CurrencyScale "SRD" = I.UnitScale "SRD" "cent"
                      -- Defined at src/Money.hs:653:15
    Suggested fix:
      Move the instance declaration to the module of the type family or of the type, or
      wrap the type with a newtype and declare the instance on the new type.
    |
653 | type instance I.CurrencyScale "SRD" = I.UnitScale "SRD" "cent"
    | ^^^^^^^^^^^^^^^^^^^^^^^^^^^^^^^^^^^^^^^^^^^^^^^^^^^^^^^^^^^^^^

src/Money.hs:654:1: warning: [GHC-90177] [-Worphans]
    Orphan family instance:
      type instance I.UnitScale "SRD" "dollar" = '(1, 1)
                      -- Defined at src/Money.hs:654:15
    Suggested fix:
      Move the instance declaration to the module of the type family or of the type, or
      wrap the type with a newtype and declare the instance on the new type.
    |
654 | type instance I.UnitScale "SRD" "dollar" = '(1, 1)
    | ^^^^^^^^^^^^^^^^^^^^^^^^^^^^^^^^^^^^^^^^^^^^^^^^^^

src/Money.hs:655:1: warning: [GHC-90177] [-Worphans]
    Orphan family instance:
      type instance I.UnitScale "SRD" "cent" = '(100, 1)
                      -- Defined at src/Money.hs:655:15
    Suggested fix:
      Move the instance declaration to the module of the type family or of the type, or
      wrap the type with a newtype and declare the instance on the new type.
    |
655 | type instance I.UnitScale "SRD" "cent" = '(100, 1)
    | ^^^^^^^^^^^^^^^^^^^^^^^^^^^^^^^^^^^^^^^^^^^^^^^^^^

src/Money.hs:657:1: warning: [GHC-90177] [-Worphans]
    Orphan family instance:
      type instance I.CurrencyScale "SSP" = I.UnitScale "SSP" "piastre"
                      -- Defined at src/Money.hs:657:15
    Suggested fix:
      Move the instance declaration to the module of the type family or of the type, or
      wrap the type with a newtype and declare the instance on the new type.
    |
657 | type instance I.CurrencyScale "SSP" = I.UnitScale "SSP" "piastre"
    | ^^^^^^^^^^^^^^^^^^^^^^^^^^^^^^^^^^^^^^^^^^^^^^^^^^^^^^^^^^^^^^^^^

src/Money.hs:658:1: warning: [GHC-90177] [-Worphans]
    Orphan family instance:
      type instance I.UnitScale "SSP" "pound" = '(1, 1)
                      -- Defined at src/Money.hs:658:15
    Suggested fix:
      Move the instance declaration to the module of the type family or of the type, or
      wrap the type with a newtype and declare the instance on the new type.
    |
658 | type instance I.UnitScale "SSP" "pound" = '(1, 1)
    | ^^^^^^^^^^^^^^^^^^^^^^^^^^^^^^^^^^^^^^^^^^^^^^^^^

src/Money.hs:659:1: warning: [GHC-90177] [-Worphans]
    Orphan family instance:
      type instance I.UnitScale "SSP" "piastre" = '(100, 1)
                      -- Defined at src/Money.hs:659:15
    Suggested fix:
      Move the instance declaration to the module of the type family or of the type, or
      wrap the type with a newtype and declare the instance on the new type.
    |
659 | type instance I.UnitScale "SSP" "piastre" = '(100, 1)
    | ^^^^^^^^^^^^^^^^^^^^^^^^^^^^^^^^^^^^^^^^^^^^^^^^^^^^^

src/Money.hs:661:1: warning: [GHC-90177] [-Worphans]
    Orphan family instance:
      type instance I.CurrencyScale "STD" = I.UnitScale "STD" "centimo"
                      -- Defined at src/Money.hs:661:15
    Suggested fix:
      Move the instance declaration to the module of the type family or of the type, or
      wrap the type with a newtype and declare the instance on the new type.
    |
661 | type instance I.CurrencyScale "STD" = I.UnitScale "STD" "centimo"
    | ^^^^^^^^^^^^^^^^^^^^^^^^^^^^^^^^^^^^^^^^^^^^^^^^^^^^^^^^^^^^^^^^^

src/Money.hs:662:1: warning: [GHC-90177] [-Worphans]
    Orphan family instance:
      type instance I.UnitScale "STD" "dobra" = '(1, 1)
                      -- Defined at src/Money.hs:662:15
    Suggested fix:
      Move the instance declaration to the module of the type family or of the type, or
      wrap the type with a newtype and declare the instance on the new type.
    |
662 | type instance I.UnitScale "STD" "dobra" = '(1, 1)
    | ^^^^^^^^^^^^^^^^^^^^^^^^^^^^^^^^^^^^^^^^^^^^^^^^^

src/Money.hs:663:1: warning: [GHC-90177] [-Worphans]
    Orphan family instance:
      type instance I.UnitScale "STD" "centimo" = '(100, 1)
                      -- Defined at src/Money.hs:663:15
    Suggested fix:
      Move the instance declaration to the module of the type family or of the type, or
      wrap the type with a newtype and declare the instance on the new type.
    |
663 | type instance I.UnitScale "STD" "centimo" = '(100, 1)
    | ^^^^^^^^^^^^^^^^^^^^^^^^^^^^^^^^^^^^^^^^^^^^^^^^^^^^^

src/Money.hs:665:1: warning: [GHC-90177] [-Worphans]
    Orphan family instance:
      type instance I.CurrencyScale "SVC" = I.UnitScale "SVC" "centavo"
                      -- Defined at src/Money.hs:665:15
    Suggested fix:
      Move the instance declaration to the module of the type family or of the type, or
      wrap the type with a newtype and declare the instance on the new type.
    |
665 | type instance I.CurrencyScale "SVC" = I.UnitScale "SVC" "centavo"
    | ^^^^^^^^^^^^^^^^^^^^^^^^^^^^^^^^^^^^^^^^^^^^^^^^^^^^^^^^^^^^^^^^^

src/Money.hs:666:1: warning: [GHC-90177] [-Worphans]
    Orphan family instance:
      type instance I.UnitScale "SVC" "colon" = '(1, 1)
                      -- Defined at src/Money.hs:666:15
    Suggested fix:
      Move the instance declaration to the module of the type family or of the type, or
      wrap the type with a newtype and declare the instance on the new type.
    |
666 | type instance I.UnitScale "SVC" "colon" = '(1, 1)
    | ^^^^^^^^^^^^^^^^^^^^^^^^^^^^^^^^^^^^^^^^^^^^^^^^^

src/Money.hs:667:1: warning: [GHC-90177] [-Worphans]
    Orphan family instance:
      type instance I.UnitScale "SVC" "centavo" = '(100, 1)
                      -- Defined at src/Money.hs:667:15
    Suggested fix:
      Move the instance declaration to the module of the type family or of the type, or
      wrap the type with a newtype and declare the instance on the new type.
    |
667 | type instance I.UnitScale "SVC" "centavo" = '(100, 1)
    | ^^^^^^^^^^^^^^^^^^^^^^^^^^^^^^^^^^^^^^^^^^^^^^^^^^^^^

src/Money.hs:669:1: warning: [GHC-90177] [-Worphans]
    Orphan family instance:
      type instance I.CurrencyScale "SYP" = I.UnitScale "SYP" "piastre"
                      -- Defined at src/Money.hs:669:15
    Suggested fix:
      Move the instance declaration to the module of the type family or of the type, or
      wrap the type with a newtype and declare the instance on the new type.
    |
669 | type instance I.CurrencyScale "SYP" = I.UnitScale "SYP" "piastre"
    | ^^^^^^^^^^^^^^^^^^^^^^^^^^^^^^^^^^^^^^^^^^^^^^^^^^^^^^^^^^^^^^^^^

src/Money.hs:670:1: warning: [GHC-90177] [-Worphans]
    Orphan family instance:
      type instance I.UnitScale "SYP" "pound" = '(1, 1)
                      -- Defined at src/Money.hs:670:15
    Suggested fix:
      Move the instance declaration to the module of the type family or of the type, or
      wrap the type with a newtype and declare the instance on the new type.
    |
670 | type instance I.UnitScale "SYP" "pound" = '(1, 1)
    | ^^^^^^^^^^^^^^^^^^^^^^^^^^^^^^^^^^^^^^^^^^^^^^^^^

src/Money.hs:671:1: warning: [GHC-90177] [-Worphans]
    Orphan family instance:
      type instance I.UnitScale "SYP" "piastre" = '(100, 1)
                      -- Defined at src/Money.hs:671:15
    Suggested fix:
      Move the instance declaration to the module of the type family or of the type, or
      wrap the type with a newtype and declare the instance on the new type.
    |
671 | type instance I.UnitScale "SYP" "piastre" = '(100, 1)
    | ^^^^^^^^^^^^^^^^^^^^^^^^^^^^^^^^^^^^^^^^^^^^^^^^^^^^^

src/Money.hs:673:1: warning: [GHC-90177] [-Worphans]
    Orphan family instance:
      type instance I.CurrencyScale "SZL" = I.UnitScale "SZL" "cent"
                      -- Defined at src/Money.hs:673:15
    Suggested fix:
      Move the instance declaration to the module of the type family or of the type, or
      wrap the type with a newtype and declare the instance on the new type.
    |
673 | type instance I.CurrencyScale "SZL" = I.UnitScale "SZL" "cent"
    | ^^^^^^^^^^^^^^^^^^^^^^^^^^^^^^^^^^^^^^^^^^^^^^^^^^^^^^^^^^^^^^

src/Money.hs:674:1: warning: [GHC-90177] [-Worphans]
    Orphan family instance:
      type instance I.UnitScale "SZL" "lilangeni" = '(1, 1)
                      -- Defined at src/Money.hs:674:15
    Suggested fix:
      Move the instance declaration to the module of the type family or of the type, or
      wrap the type with a newtype and declare the instance on the new type.
    |
674 | type instance I.UnitScale "SZL" "lilangeni" = '(1, 1)
    | ^^^^^^^^^^^^^^^^^^^^^^^^^^^^^^^^^^^^^^^^^^^^^^^^^^^^^

src/Money.hs:675:1: warning: [GHC-90177] [-Worphans]
    Orphan family instance:
      type instance I.UnitScale "SZL" "cent" = '(100, 1)
                      -- Defined at src/Money.hs:675:15
    Suggested fix:
      Move the instance declaration to the module of the type family or of the type, or
      wrap the type with a newtype and declare the instance on the new type.
    |
675 | type instance I.UnitScale "SZL" "cent" = '(100, 1)
    | ^^^^^^^^^^^^^^^^^^^^^^^^^^^^^^^^^^^^^^^^^^^^^^^^^^

src/Money.hs:677:1: warning: [GHC-90177] [-Worphans]
    Orphan family instance:
      type instance I.CurrencyScale "THB" = I.UnitScale "THB" "satang"
                      -- Defined at src/Money.hs:677:15
    Suggested fix:
      Move the instance declaration to the module of the type family or of the type, or
      wrap the type with a newtype and declare the instance on the new type.
    |
677 | type instance I.CurrencyScale "THB" = I.UnitScale "THB" "satang"
    | ^^^^^^^^^^^^^^^^^^^^^^^^^^^^^^^^^^^^^^^^^^^^^^^^^^^^^^^^^^^^^^^^

src/Money.hs:678:1: warning: [GHC-90177] [-Worphans]
    Orphan family instance:
      type instance I.UnitScale "THB" "baht" = '(1, 1)
                      -- Defined at src/Money.hs:678:15
    Suggested fix:
      Move the instance declaration to the module of the type family or of the type, or
      wrap the type with a newtype and declare the instance on the new type.
    |
678 | type instance I.UnitScale "THB" "baht" = '(1, 1)
    | ^^^^^^^^^^^^^^^^^^^^^^^^^^^^^^^^^^^^^^^^^^^^^^^^

src/Money.hs:679:1: warning: [GHC-90177] [-Worphans]
    Orphan family instance:
      type instance I.UnitScale "THB" "satang" = '(100, 1)
                      -- Defined at src/Money.hs:679:15
    Suggested fix:
      Move the instance declaration to the module of the type family or of the type, or
      wrap the type with a newtype and declare the instance on the new type.
    |
679 | type instance I.UnitScale "THB" "satang" = '(100, 1)
    | ^^^^^^^^^^^^^^^^^^^^^^^^^^^^^^^^^^^^^^^^^^^^^^^^^^^^

src/Money.hs:681:1: warning: [GHC-90177] [-Worphans]
    Orphan family instance:
      type instance I.CurrencyScale "TJS" = I.UnitScale "TJS" "diram"
                      -- Defined at src/Money.hs:681:15
    Suggested fix:
      Move the instance declaration to the module of the type family or of the type, or
      wrap the type with a newtype and declare the instance on the new type.
    |
681 | type instance I.CurrencyScale "TJS" = I.UnitScale "TJS" "diram"
    | ^^^^^^^^^^^^^^^^^^^^^^^^^^^^^^^^^^^^^^^^^^^^^^^^^^^^^^^^^^^^^^^

src/Money.hs:682:1: warning: [GHC-90177] [-Worphans]
    Orphan family instance:
      type instance I.UnitScale "TJS" "somoni" = '(1, 1)
                      -- Defined at src/Money.hs:682:15
    Suggested fix:
      Move the instance declaration to the module of the type family or of the type, or
      wrap the type with a newtype and declare the instance on the new type.
    |
682 | type instance I.UnitScale "TJS" "somoni" = '(1, 1)
    | ^^^^^^^^^^^^^^^^^^^^^^^^^^^^^^^^^^^^^^^^^^^^^^^^^^

src/Money.hs:683:1: warning: [GHC-90177] [-Worphans]
    Orphan family instance:
      type instance I.UnitScale "TJS" "diram" = '(100, 1)
                      -- Defined at src/Money.hs:683:15
    Suggested fix:
      Move the instance declaration to the module of the type family or of the type, or
      wrap the type with a newtype and declare the instance on the new type.
    |
683 | type instance I.UnitScale "TJS" "diram" = '(100, 1)
    | ^^^^^^^^^^^^^^^^^^^^^^^^^^^^^^^^^^^^^^^^^^^^^^^^^^^

src/Money.hs:685:1: warning: [GHC-90177] [-Worphans]
    Orphan family instance:
      type instance I.CurrencyScale "TMT" = I.UnitScale "TMT" "tennesi"
                      -- Defined at src/Money.hs:685:15
    Suggested fix:
      Move the instance declaration to the module of the type family or of the type, or
      wrap the type with a newtype and declare the instance on the new type.
    |
685 | type instance I.CurrencyScale "TMT" = I.UnitScale "TMT" "tennesi"
    | ^^^^^^^^^^^^^^^^^^^^^^^^^^^^^^^^^^^^^^^^^^^^^^^^^^^^^^^^^^^^^^^^^

src/Money.hs:686:1: warning: [GHC-90177] [-Worphans]
    Orphan family instance:
      type instance I.UnitScale "TMT" "manat" = '(1, 1)
                      -- Defined at src/Money.hs:686:15
    Suggested fix:
      Move the instance declaration to the module of the type family or of the type, or
      wrap the type with a newtype and declare the instance on the new type.
    |
686 | type instance I.UnitScale "TMT" "manat" = '(1, 1)
    | ^^^^^^^^^^^^^^^^^^^^^^^^^^^^^^^^^^^^^^^^^^^^^^^^^

src/Money.hs:687:1: warning: [GHC-90177] [-Worphans]
    Orphan family instance:
      type instance I.UnitScale "TMT" "tennesi" = '(100, 1)
                      -- Defined at src/Money.hs:687:15
    Suggested fix:
      Move the instance declaration to the module of the type family or of the type, or
      wrap the type with a newtype and declare the instance on the new type.
    |
687 | type instance I.UnitScale "TMT" "tennesi" = '(100, 1)
    | ^^^^^^^^^^^^^^^^^^^^^^^^^^^^^^^^^^^^^^^^^^^^^^^^^^^^^

src/Money.hs:689:1: warning: [GHC-90177] [-Worphans]
    Orphan family instance:
      type instance I.CurrencyScale "TND" = I.UnitScale "TND" "millime"
                      -- Defined at src/Money.hs:689:15
    Suggested fix:
      Move the instance declaration to the module of the type family or of the type, or
      wrap the type with a newtype and declare the instance on the new type.
    |
689 | type instance I.CurrencyScale "TND" = I.UnitScale "TND" "millime"
    | ^^^^^^^^^^^^^^^^^^^^^^^^^^^^^^^^^^^^^^^^^^^^^^^^^^^^^^^^^^^^^^^^^

src/Money.hs:690:1: warning: [GHC-90177] [-Worphans]
    Orphan family instance:
      type instance I.UnitScale "TND" "dinar" = '(1, 1)
                      -- Defined at src/Money.hs:690:15
    Suggested fix:
      Move the instance declaration to the module of the type family or of the type, or
      wrap the type with a newtype and declare the instance on the new type.
    |
690 | type instance I.UnitScale "TND" "dinar" = '(1, 1)
    | ^^^^^^^^^^^^^^^^^^^^^^^^^^^^^^^^^^^^^^^^^^^^^^^^^

src/Money.hs:691:1: warning: [GHC-90177] [-Worphans]
    Orphan family instance:
      type instance I.UnitScale "TND" "millime" = '(1000, 1)
                      -- Defined at src/Money.hs:691:15
    Suggested fix:
      Move the instance declaration to the module of the type family or of the type, or
      wrap the type with a newtype and declare the instance on the new type.
    |
691 | type instance I.UnitScale "TND" "millime" = '(1000, 1)
    | ^^^^^^^^^^^^^^^^^^^^^^^^^^^^^^^^^^^^^^^^^^^^^^^^^^^^^^

src/Money.hs:693:1: warning: [GHC-90177] [-Worphans]
    Orphan family instance:
      type instance I.CurrencyScale "TOP" = I.UnitScale "TOP" "seniti"
                      -- Defined at src/Money.hs:693:15
    Suggested fix:
      Move the instance declaration to the module of the type family or of the type, or
      wrap the type with a newtype and declare the instance on the new type.
    |
693 | type instance I.CurrencyScale "TOP" = I.UnitScale "TOP" "seniti"
    | ^^^^^^^^^^^^^^^^^^^^^^^^^^^^^^^^^^^^^^^^^^^^^^^^^^^^^^^^^^^^^^^^

src/Money.hs:694:1: warning: [GHC-90177] [-Worphans]
    Orphan family instance:
      type instance I.UnitScale "TOP" "pa'anga" = '(1, 1)
                      -- Defined at src/Money.hs:694:15
    Suggested fix:
      Move the instance declaration to the module of the type family or of the type, or
      wrap the type with a newtype and declare the instance on the new type.
    |
694 | type instance I.UnitScale "TOP" "pa'anga" = '(1, 1)
    | ^^^^^^^^^^^^^^^^^^^^^^^^^^^^^^^^^^^^^^^^^^^^^^^^^^^

src/Money.hs:695:1: warning: [GHC-90177] [-Worphans]
    Orphan family instance:
      type instance I.UnitScale "TOP" "seniti" = '(100, 1)
                      -- Defined at src/Money.hs:695:15
    Suggested fix:
      Move the instance declaration to the module of the type family or of the type, or
      wrap the type with a newtype and declare the instance on the new type.
    |
695 | type instance I.UnitScale "TOP" "seniti" = '(100, 1)
    | ^^^^^^^^^^^^^^^^^^^^^^^^^^^^^^^^^^^^^^^^^^^^^^^^^^^^

src/Money.hs:697:1: warning: [GHC-90177] [-Worphans]
    Orphan family instance:
      type instance I.CurrencyScale "TRY" = I.UnitScale "TRY" "kurus"
                      -- Defined at src/Money.hs:697:15
    Suggested fix:
      Move the instance declaration to the module of the type family or of the type, or
      wrap the type with a newtype and declare the instance on the new type.
    |
697 | type instance I.CurrencyScale "TRY" = I.UnitScale "TRY" "kurus"
    | ^^^^^^^^^^^^^^^^^^^^^^^^^^^^^^^^^^^^^^^^^^^^^^^^^^^^^^^^^^^^^^^

src/Money.hs:698:1: warning: [GHC-90177] [-Worphans]
    Orphan family instance:
      type instance I.UnitScale "TRY" "lira" = '(1, 1)
                      -- Defined at src/Money.hs:698:15
    Suggested fix:
      Move the instance declaration to the module of the type family or of the type, or
      wrap the type with a newtype and declare the instance on the new type.
    |
698 | type instance I.UnitScale "TRY" "lira" = '(1, 1)
    | ^^^^^^^^^^^^^^^^^^^^^^^^^^^^^^^^^^^^^^^^^^^^^^^^

src/Money.hs:699:1: warning: [GHC-90177] [-Worphans]
    Orphan family instance:
      type instance I.UnitScale "TRY" "kurus" = '(100, 1)
                      -- Defined at src/Money.hs:699:15
    Suggested fix:
      Move the instance declaration to the module of the type family or of the type, or
      wrap the type with a newtype and declare the instance on the new type.
    |
699 | type instance I.UnitScale "TRY" "kurus" = '(100, 1)
    | ^^^^^^^^^^^^^^^^^^^^^^^^^^^^^^^^^^^^^^^^^^^^^^^^^^^

src/Money.hs:701:1: warning: [GHC-90177] [-Worphans]
    Orphan family instance:
      type instance I.CurrencyScale "TTD" = I.UnitScale "TTD" "cent"
                      -- Defined at src/Money.hs:701:15
    Suggested fix:
      Move the instance declaration to the module of the type family or of the type, or
      wrap the type with a newtype and declare the instance on the new type.
    |
701 | type instance I.CurrencyScale "TTD" = I.UnitScale "TTD" "cent"
    | ^^^^^^^^^^^^^^^^^^^^^^^^^^^^^^^^^^^^^^^^^^^^^^^^^^^^^^^^^^^^^^

src/Money.hs:702:1: warning: [GHC-90177] [-Worphans]
    Orphan family instance:
      type instance I.UnitScale "TTD" "dollar" = '(1, 1)
                      -- Defined at src/Money.hs:702:15
    Suggested fix:
      Move the instance declaration to the module of the type family or of the type, or
      wrap the type with a newtype and declare the instance on the new type.
    |
702 | type instance I.UnitScale "TTD" "dollar" = '(1, 1)
    | ^^^^^^^^^^^^^^^^^^^^^^^^^^^^^^^^^^^^^^^^^^^^^^^^^^

src/Money.hs:703:1: warning: [GHC-90177] [-Worphans]
    Orphan family instance:
      type instance I.UnitScale "TTD" "cent" = '(100, 1)
                      -- Defined at src/Money.hs:703:15
    Suggested fix:
      Move the instance declaration to the module of the type family or of the type, or
      wrap the type with a newtype and declare the instance on the new type.
    |
703 | type instance I.UnitScale "TTD" "cent" = '(100, 1)
    | ^^^^^^^^^^^^^^^^^^^^^^^^^^^^^^^^^^^^^^^^^^^^^^^^^^

src/Money.hs:705:1: warning: [GHC-90177] [-Worphans]
    Orphan family instance:
      type instance I.CurrencyScale "TWD" = I.UnitScale "TWD" "cent"
                      -- Defined at src/Money.hs:705:15
    Suggested fix:
      Move the instance declaration to the module of the type family or of the type, or
      wrap the type with a newtype and declare the instance on the new type.
    |
705 | type instance I.CurrencyScale "TWD" = I.UnitScale "TWD" "cent"
    | ^^^^^^^^^^^^^^^^^^^^^^^^^^^^^^^^^^^^^^^^^^^^^^^^^^^^^^^^^^^^^^

src/Money.hs:706:1: warning: [GHC-90177] [-Worphans]
    Orphan family instance:
      type instance I.UnitScale "TWD" "dollar" = '(1, 1)
                      -- Defined at src/Money.hs:706:15
    Suggested fix:
      Move the instance declaration to the module of the type family or of the type, or
      wrap the type with a newtype and declare the instance on the new type.
    |
706 | type instance I.UnitScale "TWD" "dollar" = '(1, 1)
    | ^^^^^^^^^^^^^^^^^^^^^^^^^^^^^^^^^^^^^^^^^^^^^^^^^^

src/Money.hs:707:1: warning: [GHC-90177] [-Worphans]
    Orphan family instance:
      type instance I.UnitScale "TWD" "cent" = '(100, 1)
                      -- Defined at src/Money.hs:707:15
    Suggested fix:
      Move the instance declaration to the module of the type family or of the type, or
      wrap the type with a newtype and declare the instance on the new type.
    |
707 | type instance I.UnitScale "TWD" "cent" = '(100, 1)
    | ^^^^^^^^^^^^^^^^^^^^^^^^^^^^^^^^^^^^^^^^^^^^^^^^^^

src/Money.hs:709:1: warning: [GHC-90177] [-Worphans]
    Orphan family instance:
      type instance I.CurrencyScale "TZS" = I.UnitScale "TZS" "cent"
                      -- Defined at src/Money.hs:709:15
    Suggested fix:
      Move the instance declaration to the module of the type family or of the type, or
      wrap the type with a newtype and declare the instance on the new type.
    |
709 | type instance I.CurrencyScale "TZS" = I.UnitScale "TZS" "cent"
    | ^^^^^^^^^^^^^^^^^^^^^^^^^^^^^^^^^^^^^^^^^^^^^^^^^^^^^^^^^^^^^^

src/Money.hs:710:1: warning: [GHC-90177] [-Worphans]
    Orphan family instance:
      type instance I.UnitScale "TZS" "shilling" = '(1, 1)
                      -- Defined at src/Money.hs:710:15
    Suggested fix:
      Move the instance declaration to the module of the type family or of the type, or
      wrap the type with a newtype and declare the instance on the new type.
    |
710 | type instance I.UnitScale "TZS" "shilling" = '(1, 1)
    | ^^^^^^^^^^^^^^^^^^^^^^^^^^^^^^^^^^^^^^^^^^^^^^^^^^^^

src/Money.hs:711:1: warning: [GHC-90177] [-Worphans]
    Orphan family instance:
      type instance I.UnitScale "TZS" "cent" = '(100, 1)
                      -- Defined at src/Money.hs:711:15
    Suggested fix:
      Move the instance declaration to the module of the type family or of the type, or
      wrap the type with a newtype and declare the instance on the new type.
    |
711 | type instance I.UnitScale "TZS" "cent" = '(100, 1)
    | ^^^^^^^^^^^^^^^^^^^^^^^^^^^^^^^^^^^^^^^^^^^^^^^^^^

src/Money.hs:713:1: warning: [GHC-90177] [-Worphans]
    Orphan family instance:
      type instance I.CurrencyScale "UAH" = I.UnitScale "UAH" "kopiyka"
                      -- Defined at src/Money.hs:713:15
    Suggested fix:
      Move the instance declaration to the module of the type family or of the type, or
      wrap the type with a newtype and declare the instance on the new type.
    |
713 | type instance I.CurrencyScale "UAH" = I.UnitScale "UAH" "kopiyka"
    | ^^^^^^^^^^^^^^^^^^^^^^^^^^^^^^^^^^^^^^^^^^^^^^^^^^^^^^^^^^^^^^^^^

src/Money.hs:714:1: warning: [GHC-90177] [-Worphans]
    Orphan family instance:
      type instance I.UnitScale "UAH" "hryvnia" = '(1, 1)
                      -- Defined at src/Money.hs:714:15
    Suggested fix:
      Move the instance declaration to the module of the type family or of the type, or
      wrap the type with a newtype and declare the instance on the new type.
    |
714 | type instance I.UnitScale "UAH" "hryvnia" = '(1, 1)
    | ^^^^^^^^^^^^^^^^^^^^^^^^^^^^^^^^^^^^^^^^^^^^^^^^^^^

src/Money.hs:715:1: warning: [GHC-90177] [-Worphans]
    Orphan family instance:
      type instance I.UnitScale "UAH" "kopiyka" = '(100, 1)
                      -- Defined at src/Money.hs:715:15
    Suggested fix:
      Move the instance declaration to the module of the type family or of the type, or
      wrap the type with a newtype and declare the instance on the new type.
    |
715 | type instance I.UnitScale "UAH" "kopiyka" = '(100, 1)
    | ^^^^^^^^^^^^^^^^^^^^^^^^^^^^^^^^^^^^^^^^^^^^^^^^^^^^^

src/Money.hs:717:1: warning: [GHC-90177] [-Worphans]
    Orphan family instance:
      type instance I.CurrencyScale "UGX" = I.UnitScale "UGX" "cent"
                      -- Defined at src/Money.hs:717:15
    Suggested fix:
      Move the instance declaration to the module of the type family or of the type, or
      wrap the type with a newtype and declare the instance on the new type.
    |
717 | type instance I.CurrencyScale "UGX" = I.UnitScale "UGX" "cent"
    | ^^^^^^^^^^^^^^^^^^^^^^^^^^^^^^^^^^^^^^^^^^^^^^^^^^^^^^^^^^^^^^

src/Money.hs:718:1: warning: [GHC-90177] [-Worphans]
    Orphan family instance:
      type instance I.UnitScale "UGX" "shilling" = '(1, 1)
                      -- Defined at src/Money.hs:718:15
    Suggested fix:
      Move the instance declaration to the module of the type family or of the type, or
      wrap the type with a newtype and declare the instance on the new type.
    |
718 | type instance I.UnitScale "UGX" "shilling" = '(1, 1)
    | ^^^^^^^^^^^^^^^^^^^^^^^^^^^^^^^^^^^^^^^^^^^^^^^^^^^^

src/Money.hs:719:1: warning: [GHC-90177] [-Worphans]
    Orphan family instance:
      type instance I.UnitScale "UGX" "cent" = '(100, 1)
                      -- Defined at src/Money.hs:719:15
    Suggested fix:
      Move the instance declaration to the module of the type family or of the type, or
      wrap the type with a newtype and declare the instance on the new type.
    |
719 | type instance I.UnitScale "UGX" "cent" = '(100, 1)
    | ^^^^^^^^^^^^^^^^^^^^^^^^^^^^^^^^^^^^^^^^^^^^^^^^^^

src/Money.hs:721:1: warning: [GHC-90177] [-Worphans]
    Orphan family instance:
      type instance I.CurrencyScale "USD" = I.UnitScale "USD" "cent"
                      -- Defined at src/Money.hs:721:15
    Suggested fix:
      Move the instance declaration to the module of the type family or of the type, or
      wrap the type with a newtype and declare the instance on the new type.
    |
721 | type instance I.CurrencyScale "USD" = I.UnitScale "USD" "cent"
    | ^^^^^^^^^^^^^^^^^^^^^^^^^^^^^^^^^^^^^^^^^^^^^^^^^^^^^^^^^^^^^^

src/Money.hs:722:1: warning: [GHC-90177] [-Worphans]
    Orphan family instance:
      type instance I.UnitScale "USD" "dollar" = '(1, 1)
                      -- Defined at src/Money.hs:722:15
    Suggested fix:
      Move the instance declaration to the module of the type family or of the type, or
      wrap the type with a newtype and declare the instance on the new type.
    |
722 | type instance I.UnitScale "USD" "dollar" = '(1, 1)
    | ^^^^^^^^^^^^^^^^^^^^^^^^^^^^^^^^^^^^^^^^^^^^^^^^^^

src/Money.hs:723:1: warning: [GHC-90177] [-Worphans]
    Orphan family instance:
      type instance I.UnitScale "USD" "cent" = '(100, 1)
                      -- Defined at src/Money.hs:723:15
    Suggested fix:
      Move the instance declaration to the module of the type family or of the type, or
      wrap the type with a newtype and declare the instance on the new type.
    |
723 | type instance I.UnitScale "USD" "cent" = '(100, 1)
    | ^^^^^^^^^^^^^^^^^^^^^^^^^^^^^^^^^^^^^^^^^^^^^^^^^^

src/Money.hs:725:1: warning: [GHC-90177] [-Worphans]
    Orphan family instance:
      type instance I.CurrencyScale "USN" = I.UnitScale "USN" "cent"
                      -- Defined at src/Money.hs:725:15
    Suggested fix:
      Move the instance declaration to the module of the type family or of the type, or
      wrap the type with a newtype and declare the instance on the new type.
    |
725 | type instance I.CurrencyScale "USN" = I.UnitScale "USN" "cent"
    | ^^^^^^^^^^^^^^^^^^^^^^^^^^^^^^^^^^^^^^^^^^^^^^^^^^^^^^^^^^^^^^

src/Money.hs:726:1: warning: [GHC-90177] [-Worphans]
    Orphan family instance:
      type instance I.UnitScale "USN" "dollar" = '(1, 1)
                      -- Defined at src/Money.hs:726:15
    Suggested fix:
      Move the instance declaration to the module of the type family or of the type, or
      wrap the type with a newtype and declare the instance on the new type.
    |
726 | type instance I.UnitScale "USN" "dollar" = '(1, 1)
    | ^^^^^^^^^^^^^^^^^^^^^^^^^^^^^^^^^^^^^^^^^^^^^^^^^^

src/Money.hs:727:1: warning: [GHC-90177] [-Worphans]
    Orphan family instance:
      type instance I.UnitScale "USN" "cent" = '(100, 1)
                      -- Defined at src/Money.hs:727:15
    Suggested fix:
      Move the instance declaration to the module of the type family or of the type, or
      wrap the type with a newtype and declare the instance on the new type.
    |
727 | type instance I.UnitScale "USN" "cent" = '(100, 1)
    | ^^^^^^^^^^^^^^^^^^^^^^^^^^^^^^^^^^^^^^^^^^^^^^^^^^

src/Money.hs:729:1: warning: [GHC-90177] [-Worphans]
    Orphan family instance:
      type instance I.CurrencyScale "UYI" = '(1, 1)
                      -- Defined at src/Money.hs:729:15
    Suggested fix:
      Move the instance declaration to the module of the type family or of the type, or
      wrap the type with a newtype and declare the instance on the new type.
    |
729 | type instance I.CurrencyScale "UYI" = '(1, 1)
    | ^^^^^^^^^^^^^^^^^^^^^^^^^^^^^^^^^^^^^^^^^^^^^

src/Money.hs:731:1: warning: [GHC-90177] [-Worphans]
    Orphan family instance:
      type instance I.CurrencyScale "UYU" = I.UnitScale "UYU" "centesimo"
                      -- Defined at src/Money.hs:731:15
    Suggested fix:
      Move the instance declaration to the module of the type family or of the type, or
      wrap the type with a newtype and declare the instance on the new type.
    |
731 | type instance I.CurrencyScale "UYU" = I.UnitScale "UYU" "centesimo"
    | ^^^^^^^^^^^^^^^^^^^^^^^^^^^^^^^^^^^^^^^^^^^^^^^^^^^^^^^^^^^^^^^^^^^

src/Money.hs:732:1: warning: [GHC-90177] [-Worphans]
    Orphan family instance:
      type instance I.UnitScale "UYU" "peso" = '(1, 1)
                      -- Defined at src/Money.hs:732:15
    Suggested fix:
      Move the instance declaration to the module of the type family or of the type, or
      wrap the type with a newtype and declare the instance on the new type.
    |
732 | type instance I.UnitScale "UYU" "peso" = '(1, 1)
    | ^^^^^^^^^^^^^^^^^^^^^^^^^^^^^^^^^^^^^^^^^^^^^^^^

src/Money.hs:733:1: warning: [GHC-90177] [-Worphans]
    Orphan family instance:
      type instance I.UnitScale "UYU" "centesimo" = '(100, 1)
                      -- Defined at src/Money.hs:733:15
    Suggested fix:
      Move the instance declaration to the module of the type family or of the type, or
      wrap the type with a newtype and declare the instance on the new type.
    |
733 | type instance I.UnitScale "UYU" "centesimo" = '(100, 1)
    | ^^^^^^^^^^^^^^^^^^^^^^^^^^^^^^^^^^^^^^^^^^^^^^^^^^^^^^^

src/Money.hs:735:1: warning: [GHC-90177] [-Worphans]
    Orphan family instance:
      type instance I.CurrencyScale "UYW" = '(10000, 1)
                      -- Defined at src/Money.hs:735:15
    Suggested fix:
      Move the instance declaration to the module of the type family or of the type, or
      wrap the type with a newtype and declare the instance on the new type.
    |
735 | type instance I.CurrencyScale "UYW" = '(10000, 1)
    | ^^^^^^^^^^^^^^^^^^^^^^^^^^^^^^^^^^^^^^^^^^^^^^^^^

src/Money.hs:737:1: warning: [GHC-90177] [-Worphans]
    Orphan family instance:
      type instance I.CurrencyScale "UZS" = I.UnitScale "UZS" "tiyin"
                      -- Defined at src/Money.hs:737:15
    Suggested fix:
      Move the instance declaration to the module of the type family or of the type, or
      wrap the type with a newtype and declare the instance on the new type.
    |
737 | type instance I.CurrencyScale "UZS" = I.UnitScale "UZS" "tiyin"
    | ^^^^^^^^^^^^^^^^^^^^^^^^^^^^^^^^^^^^^^^^^^^^^^^^^^^^^^^^^^^^^^^

src/Money.hs:738:1: warning: [GHC-90177] [-Worphans]
    Orphan family instance:
      type instance I.UnitScale "UZS" "som" = '(1, 1)
                      -- Defined at src/Money.hs:738:15
    Suggested fix:
      Move the instance declaration to the module of the type family or of the type, or
      wrap the type with a newtype and declare the instance on the new type.
    |
738 | type instance I.UnitScale "UZS" "som" = '(1, 1)
    | ^^^^^^^^^^^^^^^^^^^^^^^^^^^^^^^^^^^^^^^^^^^^^^^

src/Money.hs:739:1: warning: [GHC-90177] [-Worphans]
    Orphan family instance:
      type instance I.UnitScale "UZS" "tiyin" = '(100, 1)
                      -- Defined at src/Money.hs:739:15
    Suggested fix:
      Move the instance declaration to the module of the type family or of the type, or
      wrap the type with a newtype and declare the instance on the new type.
    |
739 | type instance I.UnitScale "UZS" "tiyin" = '(100, 1)
    | ^^^^^^^^^^^^^^^^^^^^^^^^^^^^^^^^^^^^^^^^^^^^^^^^^^^

src/Money.hs:741:1: warning: [GHC-90177] [-Worphans]
    Orphan family instance:
      type instance I.CurrencyScale "VEF" = I.UnitScale "VEF" "centimo"
                      -- Defined at src/Money.hs:741:15
    Suggested fix:
      Move the instance declaration to the module of the type family or of the type, or
      wrap the type with a newtype and declare the instance on the new type.
    |
741 | type instance I.CurrencyScale "VEF" = I.UnitScale "VEF" "centimo"
    | ^^^^^^^^^^^^^^^^^^^^^^^^^^^^^^^^^^^^^^^^^^^^^^^^^^^^^^^^^^^^^^^^^

src/Money.hs:742:1: warning: [GHC-90177] [-Worphans]
    Orphan family instance:
      type instance I.UnitScale "VEF" "bolivar" = '(1, 1)
                      -- Defined at src/Money.hs:742:15
    Suggested fix:
      Move the instance declaration to the module of the type family or of the type, or
      wrap the type with a newtype and declare the instance on the new type.
    |
742 | type instance I.UnitScale "VEF" "bolivar" = '(1, 1)
    | ^^^^^^^^^^^^^^^^^^^^^^^^^^^^^^^^^^^^^^^^^^^^^^^^^^^

src/Money.hs:743:1: warning: [GHC-90177] [-Worphans]
    Orphan family instance:
      type instance I.UnitScale "VEF" "centimo" = '(100, 1)
                      -- Defined at src/Money.hs:743:15
    Suggested fix:
      Move the instance declaration to the module of the type family or of the type, or
      wrap the type with a newtype and declare the instance on the new type.
    |
743 | type instance I.UnitScale "VEF" "centimo" = '(100, 1)
    | ^^^^^^^^^^^^^^^^^^^^^^^^^^^^^^^^^^^^^^^^^^^^^^^^^^^^^

src/Money.hs:745:1: warning: [GHC-90177] [-Worphans]
    Orphan family instance:
      type instance I.CurrencyScale "VES" = I.UnitScale "VES" "centimo"
                      -- Defined at src/Money.hs:745:15
    Suggested fix:
      Move the instance declaration to the module of the type family or of the type, or
      wrap the type with a newtype and declare the instance on the new type.
    |
745 | type instance I.CurrencyScale "VES" = I.UnitScale "VES" "centimo"
    | ^^^^^^^^^^^^^^^^^^^^^^^^^^^^^^^^^^^^^^^^^^^^^^^^^^^^^^^^^^^^^^^^^

src/Money.hs:746:1: warning: [GHC-90177] [-Worphans]
    Orphan family instance:
      type instance I.UnitScale "VES" "bolivar" = '(1, 1)
                      -- Defined at src/Money.hs:746:15
    Suggested fix:
      Move the instance declaration to the module of the type family or of the type, or
      wrap the type with a newtype and declare the instance on the new type.
    |
746 | type instance I.UnitScale "VES" "bolivar" = '(1, 1)
    | ^^^^^^^^^^^^^^^^^^^^^^^^^^^^^^^^^^^^^^^^^^^^^^^^^^^

src/Money.hs:747:1: warning: [GHC-90177] [-Worphans]
    Orphan family instance:
      type instance I.UnitScale "VES" "centimo" = '(100, 1)
                      -- Defined at src/Money.hs:747:15
    Suggested fix:
      Move the instance declaration to the module of the type family or of the type, or
      wrap the type with a newtype and declare the instance on the new type.
    |
747 | type instance I.UnitScale "VES" "centimo" = '(100, 1)
    | ^^^^^^^^^^^^^^^^^^^^^^^^^^^^^^^^^^^^^^^^^^^^^^^^^^^^^

src/Money.hs:749:1: warning: [GHC-90177] [-Worphans]
    Orphan family instance:
      type instance I.CurrencyScale "VND" = I.UnitScale "VND" "hao"
                      -- Defined at src/Money.hs:749:15
    Suggested fix:
      Move the instance declaration to the module of the type family or of the type, or
      wrap the type with a newtype and declare the instance on the new type.
    |
749 | type instance I.CurrencyScale "VND" = I.UnitScale "VND" "hao"
    | ^^^^^^^^^^^^^^^^^^^^^^^^^^^^^^^^^^^^^^^^^^^^^^^^^^^^^^^^^^^^^

src/Money.hs:750:1: warning: [GHC-90177] [-Worphans]
    Orphan family instance:
      type instance I.UnitScale "VND" "dong" = '(1, 1)
                      -- Defined at src/Money.hs:750:15
    Suggested fix:
      Move the instance declaration to the module of the type family or of the type, or
      wrap the type with a newtype and declare the instance on the new type.
    |
750 | type instance I.UnitScale "VND" "dong" = '(1, 1)
    | ^^^^^^^^^^^^^^^^^^^^^^^^^^^^^^^^^^^^^^^^^^^^^^^^

src/Money.hs:751:1: warning: [GHC-90177] [-Worphans]
    Orphan family instance:
      type instance I.UnitScale "VND" "hao" = '(10, 1)
                      -- Defined at src/Money.hs:751:15
    Suggested fix:
      Move the instance declaration to the module of the type family or of the type, or
      wrap the type with a newtype and declare the instance on the new type.
    |
751 | type instance I.UnitScale "VND" "hao" = '(10, 1)
    | ^^^^^^^^^^^^^^^^^^^^^^^^^^^^^^^^^^^^^^^^^^^^^^^^

src/Money.hs:753:1: warning: [GHC-90177] [-Worphans]
    Orphan family instance:
      type instance I.CurrencyScale "VUV" = I.UnitScale "VUV" "vatu"
                      -- Defined at src/Money.hs:753:15
    Suggested fix:
      Move the instance declaration to the module of the type family or of the type, or
      wrap the type with a newtype and declare the instance on the new type.
    |
753 | type instance I.CurrencyScale "VUV" = I.UnitScale "VUV" "vatu"
    | ^^^^^^^^^^^^^^^^^^^^^^^^^^^^^^^^^^^^^^^^^^^^^^^^^^^^^^^^^^^^^^

src/Money.hs:754:1: warning: [GHC-90177] [-Worphans]
    Orphan family instance:
      type instance I.UnitScale "VUV" "vatu" = '(1, 1)
                      -- Defined at src/Money.hs:754:15
    Suggested fix:
      Move the instance declaration to the module of the type family or of the type, or
      wrap the type with a newtype and declare the instance on the new type.
    |
754 | type instance I.UnitScale "VUV" "vatu" = '(1, 1)
    | ^^^^^^^^^^^^^^^^^^^^^^^^^^^^^^^^^^^^^^^^^^^^^^^^

src/Money.hs:756:1: warning: [GHC-90177] [-Worphans]
    Orphan family instance:
      type instance I.CurrencyScale "WST" = I.UnitScale "WST" "sene"
                      -- Defined at src/Money.hs:756:15
    Suggested fix:
      Move the instance declaration to the module of the type family or of the type, or
      wrap the type with a newtype and declare the instance on the new type.
    |
756 | type instance I.CurrencyScale "WST" = I.UnitScale "WST" "sene"
    | ^^^^^^^^^^^^^^^^^^^^^^^^^^^^^^^^^^^^^^^^^^^^^^^^^^^^^^^^^^^^^^

src/Money.hs:757:1: warning: [GHC-90177] [-Worphans]
    Orphan family instance:
      type instance I.UnitScale "WST" "tala" = '(1, 1)
                      -- Defined at src/Money.hs:757:15
    Suggested fix:
      Move the instance declaration to the module of the type family or of the type, or
      wrap the type with a newtype and declare the instance on the new type.
    |
757 | type instance I.UnitScale "WST" "tala" = '(1, 1)
    | ^^^^^^^^^^^^^^^^^^^^^^^^^^^^^^^^^^^^^^^^^^^^^^^^

src/Money.hs:758:1: warning: [GHC-90177] [-Worphans]
    Orphan family instance:
      type instance I.UnitScale "WST" "sene" = '(100, 1)
                      -- Defined at src/Money.hs:758:15
    Suggested fix:
      Move the instance declaration to the module of the type family or of the type, or
      wrap the type with a newtype and declare the instance on the new type.
    |
758 | type instance I.UnitScale "WST" "sene" = '(100, 1)
    | ^^^^^^^^^^^^^^^^^^^^^^^^^^^^^^^^^^^^^^^^^^^^^^^^^^

src/Money.hs:760:1: warning: [GHC-90177] [-Worphans]
    Orphan family instance:
      type instance I.CurrencyScale "XAF" = I.UnitScale "XAF" "centime"
                      -- Defined at src/Money.hs:760:15
    Suggested fix:
      Move the instance declaration to the module of the type family or of the type, or
      wrap the type with a newtype and declare the instance on the new type.
    |
760 | type instance I.CurrencyScale "XAF" = I.UnitScale "XAF" "centime"
    | ^^^^^^^^^^^^^^^^^^^^^^^^^^^^^^^^^^^^^^^^^^^^^^^^^^^^^^^^^^^^^^^^^

src/Money.hs:761:1: warning: [GHC-90177] [-Worphans]
    Orphan family instance:
      type instance I.UnitScale "XAF" "franc" = '(1, 1)
                      -- Defined at src/Money.hs:761:15
    Suggested fix:
      Move the instance declaration to the module of the type family or of the type, or
      wrap the type with a newtype and declare the instance on the new type.
    |
761 | type instance I.UnitScale "XAF" "franc" = '(1, 1)
    | ^^^^^^^^^^^^^^^^^^^^^^^^^^^^^^^^^^^^^^^^^^^^^^^^^

src/Money.hs:762:1: warning: [GHC-90177] [-Worphans]
    Orphan family instance:
      type instance I.UnitScale "XAF" "centime" = '(100, 1)
                      -- Defined at src/Money.hs:762:15
    Suggested fix:
      Move the instance declaration to the module of the type family or of the type, or
      wrap the type with a newtype and declare the instance on the new type.
    |
762 | type instance I.UnitScale "XAF" "centime" = '(100, 1)
    | ^^^^^^^^^^^^^^^^^^^^^^^^^^^^^^^^^^^^^^^^^^^^^^^^^^^^^

src/Money.hs:764:1: warning: [GHC-90177] [-Worphans]
    Orphan family instance:
      type instance I.CurrencyScale "XCD" = I.UnitScale "XCD" "cent"
                      -- Defined at src/Money.hs:764:15
    Suggested fix:
      Move the instance declaration to the module of the type family or of the type, or
      wrap the type with a newtype and declare the instance on the new type.
    |
764 | type instance I.CurrencyScale "XCD" = I.UnitScale "XCD" "cent"
    | ^^^^^^^^^^^^^^^^^^^^^^^^^^^^^^^^^^^^^^^^^^^^^^^^^^^^^^^^^^^^^^

src/Money.hs:765:1: warning: [GHC-90177] [-Worphans]
    Orphan family instance:
      type instance I.UnitScale "XCD" "dollar" = '(1, 1)
                      -- Defined at src/Money.hs:765:15
    Suggested fix:
      Move the instance declaration to the module of the type family or of the type, or
      wrap the type with a newtype and declare the instance on the new type.
    |
765 | type instance I.UnitScale "XCD" "dollar" = '(1, 1)
    | ^^^^^^^^^^^^^^^^^^^^^^^^^^^^^^^^^^^^^^^^^^^^^^^^^^

src/Money.hs:766:1: warning: [GHC-90177] [-Worphans]
    Orphan family instance:
      type instance I.UnitScale "XCD" "cent" = '(100, 1)
                      -- Defined at src/Money.hs:766:15
    Suggested fix:
      Move the instance declaration to the module of the type family or of the type, or
      wrap the type with a newtype and declare the instance on the new type.
    |
766 | type instance I.UnitScale "XCD" "cent" = '(100, 1)
    | ^^^^^^^^^^^^^^^^^^^^^^^^^^^^^^^^^^^^^^^^^^^^^^^^^^

src/Money.hs:768:1: warning: [GHC-90177] [-Worphans]
    Orphan family instance:
      type instance I.CurrencyScale "XDR" = '(1, 1)
                      -- Defined at src/Money.hs:768:15
    Suggested fix:
      Move the instance declaration to the module of the type family or of the type, or
      wrap the type with a newtype and declare the instance on the new type.
    |
768 | type instance I.CurrencyScale "XDR" = '(1, 1)
    | ^^^^^^^^^^^^^^^^^^^^^^^^^^^^^^^^^^^^^^^^^^^^^

src/Money.hs:770:1: warning: [GHC-90177] [-Worphans]
    Orphan family instance:
      type instance I.CurrencyScale "XOF" = I.UnitScale "XOF" "centime"
                      -- Defined at src/Money.hs:770:15
    Suggested fix:
      Move the instance declaration to the module of the type family or of the type, or
      wrap the type with a newtype and declare the instance on the new type.
    |
770 | type instance I.CurrencyScale "XOF" = I.UnitScale "XOF" "centime"
    | ^^^^^^^^^^^^^^^^^^^^^^^^^^^^^^^^^^^^^^^^^^^^^^^^^^^^^^^^^^^^^^^^^

src/Money.hs:771:1: warning: [GHC-90177] [-Worphans]
    Orphan family instance:
      type instance I.UnitScale "XOF" "franc" = '(1, 1)
                      -- Defined at src/Money.hs:771:15
    Suggested fix:
      Move the instance declaration to the module of the type family or of the type, or
      wrap the type with a newtype and declare the instance on the new type.
    |
771 | type instance I.UnitScale "XOF" "franc" = '(1, 1)
    | ^^^^^^^^^^^^^^^^^^^^^^^^^^^^^^^^^^^^^^^^^^^^^^^^^

src/Money.hs:772:1: warning: [GHC-90177] [-Worphans]
    Orphan family instance:
      type instance I.UnitScale "XOF" "centime" = '(100, 1)
                      -- Defined at src/Money.hs:772:15
    Suggested fix:
      Move the instance declaration to the module of the type family or of the type, or
      wrap the type with a newtype and declare the instance on the new type.
    |
772 | type instance I.UnitScale "XOF" "centime" = '(100, 1)
    | ^^^^^^^^^^^^^^^^^^^^^^^^^^^^^^^^^^^^^^^^^^^^^^^^^^^^^

src/Money.hs:774:1: warning: [GHC-90177] [-Worphans]
    Orphan family instance:
      type instance I.CurrencyScale "XPF" = I.UnitScale "XPF" "centime"
                      -- Defined at src/Money.hs:774:15
    Suggested fix:
      Move the instance declaration to the module of the type family or of the type, or
      wrap the type with a newtype and declare the instance on the new type.
    |
774 | type instance I.CurrencyScale "XPF" = I.UnitScale "XPF" "centime"
    | ^^^^^^^^^^^^^^^^^^^^^^^^^^^^^^^^^^^^^^^^^^^^^^^^^^^^^^^^^^^^^^^^^

src/Money.hs:775:1: warning: [GHC-90177] [-Worphans]
    Orphan family instance:
      type instance I.UnitScale "XPF" "franc" = '(1, 1)
                      -- Defined at src/Money.hs:775:15
    Suggested fix:
      Move the instance declaration to the module of the type family or of the type, or
      wrap the type with a newtype and declare the instance on the new type.
    |
775 | type instance I.UnitScale "XPF" "franc" = '(1, 1)
    | ^^^^^^^^^^^^^^^^^^^^^^^^^^^^^^^^^^^^^^^^^^^^^^^^^

src/Money.hs:776:1: warning: [GHC-90177] [-Worphans]
    Orphan family instance:
      type instance I.UnitScale "XPF" "centime" = '(100, 1)
                      -- Defined at src/Money.hs:776:15
    Suggested fix:
      Move the instance declaration to the module of the type family or of the type, or
      wrap the type with a newtype and declare the instance on the new type.
    |
776 | type instance I.UnitScale "XPF" "centime" = '(100, 1)
    | ^^^^^^^^^^^^^^^^^^^^^^^^^^^^^^^^^^^^^^^^^^^^^^^^^^^^^

src/Money.hs:778:1: warning: [GHC-90177] [-Worphans]
    Orphan family instance:
      type instance I.CurrencyScale "XSU" = '(1, 1)
                      -- Defined at src/Money.hs:778:15
    Suggested fix:
      Move the instance declaration to the module of the type family or of the type, or
      wrap the type with a newtype and declare the instance on the new type.
    |
778 | type instance I.CurrencyScale "XSU" = '(1, 1)
    | ^^^^^^^^^^^^^^^^^^^^^^^^^^^^^^^^^^^^^^^^^^^^^

src/Money.hs:780:1: warning: [GHC-90177] [-Worphans]
    Orphan family instance:
      type instance I.CurrencyScale "XUA" = '(1, 1)
                      -- Defined at src/Money.hs:780:15
    Suggested fix:
      Move the instance declaration to the module of the type family or of the type, or
      wrap the type with a newtype and declare the instance on the new type.
    |
780 | type instance I.CurrencyScale "XUA" = '(1, 1)
    | ^^^^^^^^^^^^^^^^^^^^^^^^^^^^^^^^^^^^^^^^^^^^^

src/Money.hs:782:1: warning: [GHC-90177] [-Worphans]
    Orphan family instance:
      type instance I.CurrencyScale "YER" = I.UnitScale "YER" "fils"
                      -- Defined at src/Money.hs:782:15
    Suggested fix:
      Move the instance declaration to the module of the type family or of the type, or
      wrap the type with a newtype and declare the instance on the new type.
    |
782 | type instance I.CurrencyScale "YER" = I.UnitScale "YER" "fils"
    | ^^^^^^^^^^^^^^^^^^^^^^^^^^^^^^^^^^^^^^^^^^^^^^^^^^^^^^^^^^^^^^

src/Money.hs:783:1: warning: [GHC-90177] [-Worphans]
    Orphan family instance:
      type instance I.UnitScale "YER" "rial" = '(1, 1)
                      -- Defined at src/Money.hs:783:15
    Suggested fix:
      Move the instance declaration to the module of the type family or of the type, or
      wrap the type with a newtype and declare the instance on the new type.
    |
783 | type instance I.UnitScale "YER" "rial" = '(1, 1)
    | ^^^^^^^^^^^^^^^^^^^^^^^^^^^^^^^^^^^^^^^^^^^^^^^^

src/Money.hs:784:1: warning: [GHC-90177] [-Worphans]
    Orphan family instance:
      type instance I.UnitScale "YER" "fils" = '(100, 1)
                      -- Defined at src/Money.hs:784:15
    Suggested fix:
      Move the instance declaration to the module of the type family or of the type, or
      wrap the type with a newtype and declare the instance on the new type.
    |
784 | type instance I.UnitScale "YER" "fils" = '(100, 1)
    | ^^^^^^^^^^^^^^^^^^^^^^^^^^^^^^^^^^^^^^^^^^^^^^^^^^

src/Money.hs:786:1: warning: [GHC-90177] [-Worphans]
    Orphan family instance:
      type instance I.CurrencyScale "ZAR" = I.UnitScale "ZAR" "cent"
                      -- Defined at src/Money.hs:786:15
    Suggested fix:
      Move the instance declaration to the module of the type family or of the type, or
      wrap the type with a newtype and declare the instance on the new type.
    |
786 | type instance I.CurrencyScale "ZAR" = I.UnitScale "ZAR" "cent"
    | ^^^^^^^^^^^^^^^^^^^^^^^^^^^^^^^^^^^^^^^^^^^^^^^^^^^^^^^^^^^^^^

src/Money.hs:787:1: warning: [GHC-90177] [-Worphans]
    Orphan family instance:
      type instance I.UnitScale "ZAR" "rand" = '(1, 1)
                      -- Defined at src/Money.hs:787:15
    Suggested fix:
      Move the instance declaration to the module of the type family or of the type, or
      wrap the type with a newtype and declare the instance on the new type.
    |
787 | type instance I.UnitScale "ZAR" "rand" = '(1, 1)
    | ^^^^^^^^^^^^^^^^^^^^^^^^^^^^^^^^^^^^^^^^^^^^^^^^

src/Money.hs:788:1: warning: [GHC-90177] [-Worphans]
    Orphan family instance:
      type instance I.UnitScale "ZAR" "cent" = '(100, 1)
                      -- Defined at src/Money.hs:788:15
    Suggested fix:
      Move the instance declaration to the module of the type family or of the type, or
      wrap the type with a newtype and declare the instance on the new type.
    |
788 | type instance I.UnitScale "ZAR" "cent" = '(100, 1)
    | ^^^^^^^^^^^^^^^^^^^^^^^^^^^^^^^^^^^^^^^^^^^^^^^^^^

src/Money.hs:790:1: warning: [GHC-90177] [-Worphans]
    Orphan family instance:
      type instance I.CurrencyScale "ZMW" = I.UnitScale "ZMW" "ngwee"
                      -- Defined at src/Money.hs:790:15
    Suggested fix:
      Move the instance declaration to the module of the type family or of the type, or
      wrap the type with a newtype and declare the instance on the new type.
    |
790 | type instance I.CurrencyScale "ZMW" = I.UnitScale "ZMW" "ngwee"
    | ^^^^^^^^^^^^^^^^^^^^^^^^^^^^^^^^^^^^^^^^^^^^^^^^^^^^^^^^^^^^^^^

src/Money.hs:791:1: warning: [GHC-90177] [-Worphans]
    Orphan family instance:
      type instance I.UnitScale "ZMW" "kwacha" = '(1, 1)
                      -- Defined at src/Money.hs:791:15
    Suggested fix:
      Move the instance declaration to the module of the type family or of the type, or
      wrap the type with a newtype and declare the instance on the new type.
    |
791 | type instance I.UnitScale "ZMW" "kwacha" = '(1, 1)
    | ^^^^^^^^^^^^^^^^^^^^^^^^^^^^^^^^^^^^^^^^^^^^^^^^^^

src/Money.hs:792:1: warning: [GHC-90177] [-Worphans]
    Orphan family instance:
      type instance I.UnitScale "ZMW" "ngwee" = '(100, 1)
                      -- Defined at src/Money.hs:792:15
    Suggested fix:
      Move the instance declaration to the module of the type family or of the type, or
      wrap the type with a newtype and declare the instance on the new type.
    |
792 | type instance I.UnitScale "ZMW" "ngwee" = '(100, 1)
    | ^^^^^^^^^^^^^^^^^^^^^^^^^^^^^^^^^^^^^^^^^^^^^^^^^^^

src/Money.hs:794:1: warning: [GHC-90177] [-Worphans]
    Orphan family instance:
      type instance I.CurrencyScale "ZWL" = I.UnitScale "ZWL" "cent"
                      -- Defined at src/Money.hs:794:15
    Suggested fix:
      Move the instance declaration to the module of the type family or of the type, or
      wrap the type with a newtype and declare the instance on the new type.
    |
794 | type instance I.CurrencyScale "ZWL" = I.UnitScale "ZWL" "cent"
    | ^^^^^^^^^^^^^^^^^^^^^^^^^^^^^^^^^^^^^^^^^^^^^^^^^^^^^^^^^^^^^^

src/Money.hs:795:1: warning: [GHC-90177] [-Worphans]
    Orphan family instance:
      type instance I.UnitScale "ZWL" "dollar" = '(1, 1)
                      -- Defined at src/Money.hs:795:15
    Suggested fix:
      Move the instance declaration to the module of the type family or of the type, or
      wrap the type with a newtype and declare the instance on the new type.
    |
795 | type instance I.UnitScale "ZWL" "dollar" = '(1, 1)
    | ^^^^^^^^^^^^^^^^^^^^^^^^^^^^^^^^^^^^^^^^^^^^^^^^^^

src/Money.hs:796:1: warning: [GHC-90177] [-Worphans]
    Orphan family instance:
      type instance I.UnitScale "ZWL" "cent" = '(100, 1)
                      -- Defined at src/Money.hs:796:15
    Suggested fix:
      Move the instance declaration to the module of the type family or of the type, or
      wrap the type with a newtype and declare the instance on the new type.
    |
796 | type instance I.UnitScale "ZWL" "cent" = '(100, 1)
    | ^^^^^^^^^^^^^^^^^^^^^^^^^^^^^^^^^^^^^^^^^^^^^^^^^^

src/Money.hs:798:1: warning: [GHC-90177] [-Worphans]
    Orphan family instance:
      type instance I.CurrencyScale "XAU" = I.ErrScaleNonCanonical "XAU"
                      -- Defined at src/Money.hs:798:15
    Suggested fix:
      Move the instance declaration to the module of the type family or of the type, or
      wrap the type with a newtype and declare the instance on the new type.
    |
798 | type instance I.CurrencyScale "XAU" = I.ErrScaleNonCanonical "XAU"
    | ^^^^^^^^^^^^^^^^^^^^^^^^^^^^^^^^^^^^^^^^^^^^^^^^^^^^^^^^^^^^^^^^^^

src/Money.hs:799:1: warning: [GHC-90177] [-Worphans]
    Orphan family instance:
      type instance I.UnitScale "XAU" "troy-ounce" = '(1, 1)
                      -- Defined at src/Money.hs:799:15
    Suggested fix:
      Move the instance declaration to the module of the type family or of the type, or
      wrap the type with a newtype and declare the instance on the new type.
    |
799 | type instance I.UnitScale "XAU" "troy-ounce" = '(1, 1)
    | ^^^^^^^^^^^^^^^^^^^^^^^^^^^^^^^^^^^^^^^^^^^^^^^^^^^^^^

src/Money.hs:800:1: warning: [GHC-90177] [-Worphans]
    Orphan family instance:
      type instance I.UnitScale "XAU" "grain" = '(480, 1)
                      -- Defined at src/Money.hs:800:15
    Suggested fix:
      Move the instance declaration to the module of the type family or of the type, or
      wrap the type with a newtype and declare the instance on the new type.
    |
800 | type instance I.UnitScale "XAU" "grain" = '(480, 1)
    | ^^^^^^^^^^^^^^^^^^^^^^^^^^^^^^^^^^^^^^^^^^^^^^^^^^^

src/Money.hs:801:1: warning: [GHC-90177] [-Worphans]
    Orphan family instance:
      type instance I.UnitScale "XAU" "milligrain" = '(480000, 1)
                      -- Defined at src/Money.hs:801:15
    Suggested fix:
      Move the instance declaration to the module of the type family or of the type, or
      wrap the type with a newtype and declare the instance on the new type.
    |
801 | type instance I.UnitScale "XAU" "milligrain" = '(480000, 1)
    | ^^^^^^^^^^^^^^^^^^^^^^^^^^^^^^^^^^^^^^^^^^^^^^^^^^^^^^^^^^^

src/Money.hs:802:1: warning: [GHC-90177] [-Worphans]
    Orphan family instance:
      type instance I.UnitScale "XAU" "micrograin" = '(480000000, 1)
                      -- Defined at src/Money.hs:802:15
    Suggested fix:
      Move the instance declaration to the module of the type family or of the type, or
      wrap the type with a newtype and declare the instance on the new type.
    |
802 | type instance I.UnitScale "XAU" "micrograin" = '(480000000, 1)
    | ^^^^^^^^^^^^^^^^^^^^^^^^^^^^^^^^^^^^^^^^^^^^^^^^^^^^^^^^^^^^^^

src/Money.hs:803:1: warning: [GHC-90177] [-Worphans]
    Orphan family instance:
      type instance I.UnitScale "XAU" "kilogram" = '(31103477,
                                                     1000000000)
                      -- Defined at src/Money.hs:803:15
    Suggested fix:
      Move the instance declaration to the module of the type family or of the type, or
      wrap the type with a newtype and declare the instance on the new type.
    |
803 | type instance I.UnitScale "XAU" "kilogram" = '(31103477, 1000000000)
    | ^^^^^^^^^^^^^^^^^^^^^^^^^^^^^^^^^^^^^^^^^^^^^^^^^^^^^^^^^^^^^^^^^^^^

src/Money.hs:804:1: warning: [GHC-90177] [-Worphans]
    Orphan family instance:
      type instance I.UnitScale "XAU" "gram" = '(31103477, 1000000)
                      -- Defined at src/Money.hs:804:15
    Suggested fix:
      Move the instance declaration to the module of the type family or of the type, or
      wrap the type with a newtype and declare the instance on the new type.
    |
804 | type instance I.UnitScale "XAU" "gram" = '(31103477, 1000000)
    | ^^^^^^^^^^^^^^^^^^^^^^^^^^^^^^^^^^^^^^^^^^^^^^^^^^^^^^^^^^^^^

src/Money.hs:805:1: warning: [GHC-90177] [-Worphans]
    Orphan family instance:
      type instance I.UnitScale "XAU" "milligram" = '(31103477, 1000)
                      -- Defined at src/Money.hs:805:15
    Suggested fix:
      Move the instance declaration to the module of the type family or of the type, or
      wrap the type with a newtype and declare the instance on the new type.
    |
805 | type instance I.UnitScale "XAU" "milligram" = '(31103477, 1000)
    | ^^^^^^^^^^^^^^^^^^^^^^^^^^^^^^^^^^^^^^^^^^^^^^^^^^^^^^^^^^^^^^^

src/Money.hs:806:1: warning: [GHC-90177] [-Worphans]
    Orphan family instance:
      type instance I.UnitScale "XAU" "microgram" = '(31103477, 1)
                      -- Defined at src/Money.hs:806:15
    Suggested fix:
      Move the instance declaration to the module of the type family or of the type, or
      wrap the type with a newtype and declare the instance on the new type.
    |
806 | type instance I.UnitScale "XAU" "microgram" = '(31103477, 1)
    | ^^^^^^^^^^^^^^^^^^^^^^^^^^^^^^^^^^^^^^^^^^^^^^^^^^^^^^^^^^^^

src/Money.hs:808:1: warning: [GHC-90177] [-Worphans]
    Orphan family instance:
      type instance I.CurrencyScale "XAG" = I.ErrScaleNonCanonical "XAU"
                      -- Defined at src/Money.hs:808:15
    Suggested fix:
      Move the instance declaration to the module of the type family or of the type, or
      wrap the type with a newtype and declare the instance on the new type.
    |
808 | type instance I.CurrencyScale "XAG" = I.ErrScaleNonCanonical "XAU"
    | ^^^^^^^^^^^^^^^^^^^^^^^^^^^^^^^^^^^^^^^^^^^^^^^^^^^^^^^^^^^^^^^^^^

src/Money.hs:809:1: warning: [GHC-90177] [-Worphans]
    Orphan family instance:
      type instance I.UnitScale "XAG" "troy-ounce" = '(1, 1)
                      -- Defined at src/Money.hs:809:15
    Suggested fix:
      Move the instance declaration to the module of the type family or of the type, or
      wrap the type with a newtype and declare the instance on the new type.
    |
809 | type instance I.UnitScale "XAG" "troy-ounce" = '(1, 1)
    | ^^^^^^^^^^^^^^^^^^^^^^^^^^^^^^^^^^^^^^^^^^^^^^^^^^^^^^

src/Money.hs:810:1: warning: [GHC-90177] [-Worphans]
    Orphan family instance:
      type instance I.UnitScale "XAG" "grain" = '(480, 1)
                      -- Defined at src/Money.hs:810:15
    Suggested fix:
      Move the instance declaration to the module of the type family or of the type, or
      wrap the type with a newtype and declare the instance on the new type.
    |
810 | type instance I.UnitScale "XAG" "grain" = '(480, 1)
    | ^^^^^^^^^^^^^^^^^^^^^^^^^^^^^^^^^^^^^^^^^^^^^^^^^^^

src/Money.hs:811:1: warning: [GHC-90177] [-Worphans]
    Orphan family instance:
      type instance I.UnitScale "XAG" "milligrain" = '(480000, 1)
                      -- Defined at src/Money.hs:811:15
    Suggested fix:
      Move the instance declaration to the module of the type family or of the type, or
      wrap the type with a newtype and declare the instance on the new type.
    |
811 | type instance I.UnitScale "XAG" "milligrain" = '(480000, 1)
    | ^^^^^^^^^^^^^^^^^^^^^^^^^^^^^^^^^^^^^^^^^^^^^^^^^^^^^^^^^^^

src/Money.hs:812:1: warning: [GHC-90177] [-Worphans]
    Orphan family instance:
      type instance I.UnitScale "XAG" "micrograin" = '(480000000, 1)
                      -- Defined at src/Money.hs:812:15
    Suggested fix:
      Move the instance declaration to the module of the type family or of the type, or
      wrap the type with a newtype and declare the instance on the new type.
    |
812 | type instance I.UnitScale "XAG" "micrograin" = '(480000000, 1)
    | ^^^^^^^^^^^^^^^^^^^^^^^^^^^^^^^^^^^^^^^^^^^^^^^^^^^^^^^^^^^^^^

src/Money.hs:813:1: warning: [GHC-90177] [-Worphans]
    Orphan family instance:
      type instance I.UnitScale "XAG" "kilogram" = '(31103477,
                                                     1000000000)
                      -- Defined at src/Money.hs:813:15
    Suggested fix:
      Move the instance declaration to the module of the type family or of the type, or
      wrap the type with a newtype and declare the instance on the new type.
    |
813 | type instance I.UnitScale "XAG" "kilogram" = '(31103477, 1000000000)
    | ^^^^^^^^^^^^^^^^^^^^^^^^^^^^^^^^^^^^^^^^^^^^^^^^^^^^^^^^^^^^^^^^^^^^

src/Money.hs:814:1: warning: [GHC-90177] [-Worphans]
    Orphan family instance:
      type instance I.UnitScale "XAG" "gram" = '(31103477, 1000000)
                      -- Defined at src/Money.hs:814:15
    Suggested fix:
      Move the instance declaration to the module of the type family or of the type, or
      wrap the type with a newtype and declare the instance on the new type.
    |
814 | type instance I.UnitScale "XAG" "gram" = '(31103477, 1000000)
    | ^^^^^^^^^^^^^^^^^^^^^^^^^^^^^^^^^^^^^^^^^^^^^^^^^^^^^^^^^^^^^

src/Money.hs:815:1: warning: [GHC-90177] [-Worphans]
    Orphan family instance:
      type instance I.UnitScale "XAG" "milligram" = '(31103477, 1000)
                      -- Defined at src/Money.hs:815:15
    Suggested fix:
      Move the instance declaration to the module of the type family or of the type, or
      wrap the type with a newtype and declare the instance on the new type.
    |
815 | type instance I.UnitScale "XAG" "milligram" = '(31103477, 1000)
    | ^^^^^^^^^^^^^^^^^^^^^^^^^^^^^^^^^^^^^^^^^^^^^^^^^^^^^^^^^^^^^^^

src/Money.hs:816:1: warning: [GHC-90177] [-Worphans]
    Orphan family instance:
      type instance I.UnitScale "XAG" "microgram" = '(31103477, 1)
                      -- Defined at src/Money.hs:816:15
    Suggested fix:
      Move the instance declaration to the module of the type family or of the type, or
      wrap the type with a newtype and declare the instance on the new type.
    |
816 | type instance I.UnitScale "XAG" "microgram" = '(31103477, 1)
    | ^^^^^^^^^^^^^^^^^^^^^^^^^^^^^^^^^^^^^^^^^^^^^^^^^^^^^^^^^^^^

src/Money.hs:818:1: warning: [GHC-90177] [-Worphans]
    Orphan family instance:
      type instance I.CurrencyScale "XPD" = I.ErrScaleNonCanonical "XPD"
                      -- Defined at src/Money.hs:818:15
    Suggested fix:
      Move the instance declaration to the module of the type family or of the type, or
      wrap the type with a newtype and declare the instance on the new type.
    |
818 | type instance I.CurrencyScale "XPD" = I.ErrScaleNonCanonical "XPD"
    | ^^^^^^^^^^^^^^^^^^^^^^^^^^^^^^^^^^^^^^^^^^^^^^^^^^^^^^^^^^^^^^^^^^

src/Money.hs:819:1: warning: [GHC-90177] [-Worphans]
    Orphan family instance:
      type instance I.UnitScale "XPD" "troy-ounce" = '(1, 1)
                      -- Defined at src/Money.hs:819:15
    Suggested fix:
      Move the instance declaration to the module of the type family or of the type, or
      wrap the type with a newtype and declare the instance on the new type.
    |
819 | type instance I.UnitScale "XPD" "troy-ounce" = '(1, 1)
    | ^^^^^^^^^^^^^^^^^^^^^^^^^^^^^^^^^^^^^^^^^^^^^^^^^^^^^^

src/Money.hs:820:1: warning: [GHC-90177] [-Worphans]
    Orphan family instance:
      type instance I.UnitScale "XPD" "grain" = '(480, 1)
                      -- Defined at src/Money.hs:820:15
    Suggested fix:
      Move the instance declaration to the module of the type family or of the type, or
      wrap the type with a newtype and declare the instance on the new type.
    |
820 | type instance I.UnitScale "XPD" "grain" = '(480, 1)
    | ^^^^^^^^^^^^^^^^^^^^^^^^^^^^^^^^^^^^^^^^^^^^^^^^^^^

src/Money.hs:821:1: warning: [GHC-90177] [-Worphans]
    Orphan family instance:
      type instance I.UnitScale "XPD" "milligrain" = '(480000, 1)
                      -- Defined at src/Money.hs:821:15
    Suggested fix:
      Move the instance declaration to the module of the type family or of the type, or
      wrap the type with a newtype and declare the instance on the new type.
    |
821 | type instance I.UnitScale "XPD" "milligrain" = '(480000, 1)
    | ^^^^^^^^^^^^^^^^^^^^^^^^^^^^^^^^^^^^^^^^^^^^^^^^^^^^^^^^^^^

src/Money.hs:822:1: warning: [GHC-90177] [-Worphans]
    Orphan family instance:
      type instance I.UnitScale "XPD" "micrograin" = '(480000000, 1)
                      -- Defined at src/Money.hs:822:15
    Suggested fix:
      Move the instance declaration to the module of the type family or of the type, or
      wrap the type with a newtype and declare the instance on the new type.
    |
822 | type instance I.UnitScale "XPD" "micrograin" = '(480000000, 1)
    | ^^^^^^^^^^^^^^^^^^^^^^^^^^^^^^^^^^^^^^^^^^^^^^^^^^^^^^^^^^^^^^

src/Money.hs:823:1: warning: [GHC-90177] [-Worphans]
    Orphan family instance:
      type instance I.UnitScale "XPD" "kilogram" = '(31103477,
                                                     1000000000)
                      -- Defined at src/Money.hs:823:15
    Suggested fix:
      Move the instance declaration to the module of the type family or of the type, or
      wrap the type with a newtype and declare the instance on the new type.
    |
823 | type instance I.UnitScale "XPD" "kilogram" = '(31103477, 1000000000)
    | ^^^^^^^^^^^^^^^^^^^^^^^^^^^^^^^^^^^^^^^^^^^^^^^^^^^^^^^^^^^^^^^^^^^^

src/Money.hs:824:1: warning: [GHC-90177] [-Worphans]
    Orphan family instance:
      type instance I.UnitScale "XPD" "gram" = '(31103477, 1000000)
                      -- Defined at src/Money.hs:824:15
    Suggested fix:
      Move the instance declaration to the module of the type family or of the type, or
      wrap the type with a newtype and declare the instance on the new type.
    |
824 | type instance I.UnitScale "XPD" "gram" = '(31103477, 1000000)
    | ^^^^^^^^^^^^^^^^^^^^^^^^^^^^^^^^^^^^^^^^^^^^^^^^^^^^^^^^^^^^^

src/Money.hs:825:1: warning: [GHC-90177] [-Worphans]
    Orphan family instance:
      type instance I.UnitScale "XPD" "milligram" = '(31103477, 1000)
                      -- Defined at src/Money.hs:825:15
    Suggested fix:
      Move the instance declaration to the module of the type family or of the type, or
      wrap the type with a newtype and declare the instance on the new type.
    |
825 | type instance I.UnitScale "XPD" "milligram" = '(31103477, 1000)
    | ^^^^^^^^^^^^^^^^^^^^^^^^^^^^^^^^^^^^^^^^^^^^^^^^^^^^^^^^^^^^^^^

src/Money.hs:826:1: warning: [GHC-90177] [-Worphans]
    Orphan family instance:
      type instance I.UnitScale "XPD" "microgram" = '(31103477, 1)
                      -- Defined at src/Money.hs:826:15
    Suggested fix:
      Move the instance declaration to the module of the type family or of the type, or
      wrap the type with a newtype and declare the instance on the new type.
    |
826 | type instance I.UnitScale "XPD" "microgram" = '(31103477, 1)
    | ^^^^^^^^^^^^^^^^^^^^^^^^^^^^^^^^^^^^^^^^^^^^^^^^^^^^^^^^^^^^

src/Money.hs:828:1: warning: [GHC-90177] [-Worphans]
    Orphan family instance:
      type instance I.CurrencyScale "XPT" = I.ErrScaleNonCanonical "XPT"
                      -- Defined at src/Money.hs:828:15
    Suggested fix:
      Move the instance declaration to the module of the type family or of the type, or
      wrap the type with a newtype and declare the instance on the new type.
    |
828 | type instance I.CurrencyScale "XPT" = I.ErrScaleNonCanonical "XPT"
    | ^^^^^^^^^^^^^^^^^^^^^^^^^^^^^^^^^^^^^^^^^^^^^^^^^^^^^^^^^^^^^^^^^^

src/Money.hs:829:1: warning: [GHC-90177] [-Worphans]
    Orphan family instance:
      type instance I.UnitScale "XPT" "troy-ounce" = '(1, 1)
                      -- Defined at src/Money.hs:829:15
    Suggested fix:
      Move the instance declaration to the module of the type family or of the type, or
      wrap the type with a newtype and declare the instance on the new type.
    |
829 | type instance I.UnitScale "XPT" "troy-ounce" = '(1, 1)
    | ^^^^^^^^^^^^^^^^^^^^^^^^^^^^^^^^^^^^^^^^^^^^^^^^^^^^^^

src/Money.hs:830:1: warning: [GHC-90177] [-Worphans]
    Orphan family instance:
      type instance I.UnitScale "XPT" "grain" = '(480, 1)
                      -- Defined at src/Money.hs:830:15
    Suggested fix:
      Move the instance declaration to the module of the type family or of the type, or
      wrap the type with a newtype and declare the instance on the new type.
    |
830 | type instance I.UnitScale "XPT" "grain" = '(480, 1)
    | ^^^^^^^^^^^^^^^^^^^^^^^^^^^^^^^^^^^^^^^^^^^^^^^^^^^

src/Money.hs:831:1: warning: [GHC-90177] [-Worphans]
    Orphan family instance:
      type instance I.UnitScale "XPT" "milligrain" = '(480000, 1)
                      -- Defined at src/Money.hs:831:15
    Suggested fix:
      Move the instance declaration to the module of the type family or of the type, or
      wrap the type with a newtype and declare the instance on the new type.
    |
831 | type instance I.UnitScale "XPT" "milligrain" = '(480000, 1)
    | ^^^^^^^^^^^^^^^^^^^^^^^^^^^^^^^^^^^^^^^^^^^^^^^^^^^^^^^^^^^

src/Money.hs:832:1: warning: [GHC-90177] [-Worphans]
    Orphan family instance:
      type instance I.UnitScale "XPT" "micrograin" = '(480000000, 1)
                      -- Defined at src/Money.hs:832:15
    Suggested fix:
      Move the instance declaration to the module of the type family or of the type, or
      wrap the type with a newtype and declare the instance on the new type.
    |
832 | type instance I.UnitScale "XPT" "micrograin" = '(480000000, 1)
    | ^^^^^^^^^^^^^^^^^^^^^^^^^^^^^^^^^^^^^^^^^^^^^^^^^^^^^^^^^^^^^^

src/Money.hs:833:1: warning: [GHC-90177] [-Worphans]
    Orphan family instance:
      type instance I.UnitScale "XPT" "kilogram" = '(31103477,
                                                     1000000000)
                      -- Defined at src/Money.hs:833:15
    Suggested fix:
      Move the instance declaration to the module of the type family or of the type, or
      wrap the type with a newtype and declare the instance on the new type.
    |
833 | type instance I.UnitScale "XPT" "kilogram" = '(31103477, 1000000000)
    | ^^^^^^^^^^^^^^^^^^^^^^^^^^^^^^^^^^^^^^^^^^^^^^^^^^^^^^^^^^^^^^^^^^^^

src/Money.hs:834:1: warning: [GHC-90177] [-Worphans]
    Orphan family instance:
      type instance I.UnitScale "XPT" "gram" = '(31103477, 1000000)
                      -- Defined at src/Money.hs:834:15
    Suggested fix:
      Move the instance declaration to the module of the type family or of the type, or
      wrap the type with a newtype and declare the instance on the new type.
    |
834 | type instance I.UnitScale "XPT" "gram" = '(31103477, 1000000)
    | ^^^^^^^^^^^^^^^^^^^^^^^^^^^^^^^^^^^^^^^^^^^^^^^^^^^^^^^^^^^^^

src/Money.hs:835:1: warning: [GHC-90177] [-Worphans]
    Orphan family instance:
      type instance I.UnitScale "XPT" "milligram" = '(31103477, 1000)
                      -- Defined at src/Money.hs:835:15
    Suggested fix:
      Move the instance declaration to the module of the type family or of the type, or
      wrap the type with a newtype and declare the instance on the new type.
    |
835 | type instance I.UnitScale "XPT" "milligram" = '(31103477, 1000)
    | ^^^^^^^^^^^^^^^^^^^^^^^^^^^^^^^^^^^^^^^^^^^^^^^^^^^^^^^^^^^^^^^

src/Money.hs:836:1: warning: [GHC-90177] [-Worphans]
    Orphan family instance:
      type instance I.UnitScale "XPT" "microgram" = '(31103477, 1)
                      -- Defined at src/Money.hs:836:15
    Suggested fix:
      Move the instance declaration to the module of the type family or of the type, or
      wrap the type with a newtype and declare the instance on the new type.
    |
836 | type instance I.UnitScale "XPT" "microgram" = '(31103477, 1)
    | ^^^^^^^^^^^^^^^^^^^^^^^^^^^^^^^^^^^^^^^^^^^^^^^^^^^^^^^^^^^^

src/Money.hs:838:1: warning: [GHC-90177] [-Worphans]
    Orphan family instance:
      type instance I.CurrencyScale "BTC" = I.UnitScale "BTC" "satoshi"
                      -- Defined at src/Money.hs:838:15
    Suggested fix:
      Move the instance declaration to the module of the type family or of the type, or
      wrap the type with a newtype and declare the instance on the new type.
    |
838 | type instance I.CurrencyScale "BTC" = I.UnitScale "BTC" "satoshi"
    | ^^^^^^^^^^^^^^^^^^^^^^^^^^^^^^^^^^^^^^^^^^^^^^^^^^^^^^^^^^^^^^^^^

src/Money.hs:839:1: warning: [GHC-90177] [-Worphans]
    Orphan family instance:
      type instance I.UnitScale "BTC" "bitcoin" = '(1, 1)
                      -- Defined at src/Money.hs:839:15
    Suggested fix:
      Move the instance declaration to the module of the type family or of the type, or
      wrap the type with a newtype and declare the instance on the new type.
    |
839 | type instance I.UnitScale "BTC" "bitcoin" = '(1, 1)
    | ^^^^^^^^^^^^^^^^^^^^^^^^^^^^^^^^^^^^^^^^^^^^^^^^^^^

src/Money.hs:840:1: warning: [GHC-90177] [-Worphans]
    Orphan family instance:
      type instance I.UnitScale "BTC" "millibitcoin" = '(1000, 1)
                      -- Defined at src/Money.hs:840:15
    Suggested fix:
      Move the instance declaration to the module of the type family or of the type, or
      wrap the type with a newtype and declare the instance on the new type.
    |
840 | type instance I.UnitScale "BTC" "millibitcoin" = '(1000, 1)
    | ^^^^^^^^^^^^^^^^^^^^^^^^^^^^^^^^^^^^^^^^^^^^^^^^^^^^^^^^^^^

src/Money.hs:841:1: warning: [GHC-90177] [-Worphans]
    Orphan family instance:
      type instance I.UnitScale "BTC" "satoshi" = '(100000000, 1)
                      -- Defined at src/Money.hs:841:15
    Suggested fix:
      Move the instance declaration to the module of the type family or of the type, or
      wrap the type with a newtype and declare the instance on the new type.
    |
841 | type instance I.UnitScale "BTC" "satoshi" = '(100000000, 1)
    | ^^^^^^^^^^^^^^^^^^^^^^^^^^^^^^^^^^^^^^^^^^^^^^^^^^^^^^^^^^^

src/Money.hs:843:1: warning: [GHC-90177] [-Worphans]
    Orphan family instance:
      type instance I.CurrencyScale "XBT" = I.CurrencyScale "BTC"
                      -- Defined at src/Money.hs:843:15
    Suggested fix:
      Move the instance declaration to the module of the type family or of the type, or
      wrap the type with a newtype and declare the instance on the new type.
    |
843 | type instance I.CurrencyScale "XBT" = I.CurrencyScale "BTC"
    | ^^^^^^^^^^^^^^^^^^^^^^^^^^^^^^^^^^^^^^^^^^^^^^^^^^^^^^^^^^^

src/Money.hs:844:1: warning: [GHC-90177] [-Worphans]
    Orphan family instance:
      type instance I.UnitScale "XBT" "bitcoin" = I.UnitScale
                                                    "BTC" "bitcoin"
                      -- Defined at src/Money.hs:844:15
    Suggested fix:
      Move the instance declaration to the module of the type family or of the type, or
      wrap the type with a newtype and declare the instance on the new type.
    |
844 | type instance I.UnitScale "XBT" "bitcoin" = I.UnitScale "BTC" "bitcoin"
    | ^^^^^^^^^^^^^^^^^^^^^^^^^^^^^^^^^^^^^^^^^^^^^^^^^^^^^^^^^^^^^^^^^^^^^^^

src/Money.hs:845:1: warning: [GHC-90177] [-Worphans]
    Orphan family instance:
      type instance I.UnitScale "XBT" "millibitcoin" = I.UnitScale
                                                         "BTC" "millibitcoin"
                      -- Defined at src/Money.hs:845:15
    Suggested fix:
      Move the instance declaration to the module of the type family or of the type, or
      wrap the type with a newtype and declare the instance on the new type.
    |
845 | type instance I.UnitScale "XBT" "millibitcoin" = I.UnitScale "BTC" "millibitcoin"
    | ^^^^^^^^^^^^^^^^^^^^^^^^^^^^^^^^^^^^^^^^^^^^^^^^^^^^^^^^^^^^^^^^^^^^^^^^^^^^^^^^^

src/Money.hs:846:1: warning: [GHC-90177] [-Worphans]
    Orphan family instance:
      type instance I.UnitScale "XBT" "satoshi" = I.UnitScale
                                                    "BTC" "satoshi"
                      -- Defined at src/Money.hs:846:15
    Suggested fix:
      Move the instance declaration to the module of the type family or of the type, or
      wrap the type with a newtype and declare the instance on the new type.
    |
846 | type instance I.UnitScale "XBT" "satoshi" = I.UnitScale "BTC" "satoshi"
    | ^^^^^^^^^^^^^^^^^^^^^^^^^^^^^^^^^^^^^^^^^^^^^^^^^^^^^^^^^^^^^^^^^^^^^^^

src/Money.hs:848:1: warning: [GHC-90177] [-Worphans]
    Orphan family instance:
      type instance I.CurrencyScale "ETH" = I.UnitScale "ETH" "wei"
                      -- Defined at src/Money.hs:848:15
    Suggested fix:
      Move the instance declaration to the module of the type family or of the type, or
      wrap the type with a newtype and declare the instance on the new type.
    |
848 | type instance I.CurrencyScale "ETH" = I.UnitScale "ETH" "wei"
    | ^^^^^^^^^^^^^^^^^^^^^^^^^^^^^^^^^^^^^^^^^^^^^^^^^^^^^^^^^^^^^

src/Money.hs:849:1: warning: [GHC-90177] [-Worphans]
    Orphan family instance:
      type instance I.UnitScale "ETH" "ether" = '(1, 1)
                      -- Defined at src/Money.hs:849:15
    Suggested fix:
      Move the instance declaration to the module of the type family or of the type, or
      wrap the type with a newtype and declare the instance on the new type.
    |
849 | type instance I.UnitScale "ETH" "ether"      = '(1, 1)
    | ^^^^^^^^^^^^^^^^^^^^^^^^^^^^^^^^^^^^^^^^^^^^^^^^^^^^^^

src/Money.hs:850:1: warning: [GHC-90177] [-Worphans]
    Orphan family instance:
      type instance I.UnitScale "ETH" "kwei" = '(1000, 1)
                      -- Defined at src/Money.hs:850:15
    Suggested fix:
      Move the instance declaration to the module of the type family or of the type, or
      wrap the type with a newtype and declare the instance on the new type.
    |
850 | type instance I.UnitScale "ETH" "kwei"       = '(1000, 1)
    | ^^^^^^^^^^^^^^^^^^^^^^^^^^^^^^^^^^^^^^^^^^^^^^^^^^^^^^^^^

src/Money.hs:851:1: warning: [GHC-90177] [-Worphans]
    Orphan family instance:
      type instance I.UnitScale "ETH" "babbage" = '(1000, 1)
                      -- Defined at src/Money.hs:851:15
    Suggested fix:
      Move the instance declaration to the module of the type family or of the type, or
      wrap the type with a newtype and declare the instance on the new type.
    |
851 | type instance I.UnitScale "ETH" "babbage"    = '(1000, 1)
    | ^^^^^^^^^^^^^^^^^^^^^^^^^^^^^^^^^^^^^^^^^^^^^^^^^^^^^^^^^

src/Money.hs:852:1: warning: [GHC-90177] [-Worphans]
    Orphan family instance:
      type instance I.UnitScale "ETH" "mwei" = '(1000000, 1)
                      -- Defined at src/Money.hs:852:15
    Suggested fix:
      Move the instance declaration to the module of the type family or of the type, or
      wrap the type with a newtype and declare the instance on the new type.
    |
852 | type instance I.UnitScale "ETH" "mwei"       = '(1000000, 1)
    | ^^^^^^^^^^^^^^^^^^^^^^^^^^^^^^^^^^^^^^^^^^^^^^^^^^^^^^^^^^^^

src/Money.hs:853:1: warning: [GHC-90177] [-Worphans]
    Orphan family instance:
      type instance I.UnitScale "ETH" "lovelace" = '(1000000, 1)
                      -- Defined at src/Money.hs:853:15
    Suggested fix:
      Move the instance declaration to the module of the type family or of the type, or
      wrap the type with a newtype and declare the instance on the new type.
    |
853 | type instance I.UnitScale "ETH" "lovelace"   = '(1000000, 1)
    | ^^^^^^^^^^^^^^^^^^^^^^^^^^^^^^^^^^^^^^^^^^^^^^^^^^^^^^^^^^^^

src/Money.hs:854:1: warning: [GHC-90177] [-Worphans]
    Orphan family instance:
      type instance I.UnitScale "ETH" "gwei" = '(1000000000, 1)
                      -- Defined at src/Money.hs:854:15
    Suggested fix:
      Move the instance declaration to the module of the type family or of the type, or
      wrap the type with a newtype and declare the instance on the new type.
    |
854 | type instance I.UnitScale "ETH" "gwei"       = '(1000000000, 1)
    | ^^^^^^^^^^^^^^^^^^^^^^^^^^^^^^^^^^^^^^^^^^^^^^^^^^^^^^^^^^^^^^^

src/Money.hs:855:1: warning: [GHC-90177] [-Worphans]
    Orphan family instance:
      type instance I.UnitScale "ETH" "shannon" = '(1000000000, 1)
                      -- Defined at src/Money.hs:855:15
    Suggested fix:
      Move the instance declaration to the module of the type family or of the type, or
      wrap the type with a newtype and declare the instance on the new type.
    |
855 | type instance I.UnitScale "ETH" "shannon"    = '(1000000000, 1)
    | ^^^^^^^^^^^^^^^^^^^^^^^^^^^^^^^^^^^^^^^^^^^^^^^^^^^^^^^^^^^^^^^

src/Money.hs:856:1: warning: [GHC-90177] [-Worphans]
    Orphan family instance:
      type instance I.UnitScale "ETH" "microether" = '(1000000000000, 1)
                      -- Defined at src/Money.hs:856:15
    Suggested fix:
      Move the instance declaration to the module of the type family or of the type, or
      wrap the type with a newtype and declare the instance on the new type.
    |
856 | type instance I.UnitScale "ETH" "microether" = '(1000000000000, 1)
    | ^^^^^^^^^^^^^^^^^^^^^^^^^^^^^^^^^^^^^^^^^^^^^^^^^^^^^^^^^^^^^^^^^^

src/Money.hs:857:1: warning: [GHC-90177] [-Worphans]
    Orphan family instance:
      type instance I.UnitScale "ETH" "szabo" = '(1000000000000, 1)
                      -- Defined at src/Money.hs:857:15
    Suggested fix:
      Move the instance declaration to the module of the type family or of the type, or
      wrap the type with a newtype and declare the instance on the new type.
    |
857 | type instance I.UnitScale "ETH" "szabo"      = '(1000000000000, 1)
    | ^^^^^^^^^^^^^^^^^^^^^^^^^^^^^^^^^^^^^^^^^^^^^^^^^^^^^^^^^^^^^^^^^^

src/Money.hs:858:1: warning: [GHC-90177] [-Worphans]
    Orphan family instance:
      type instance I.UnitScale "ETH" "finney" = '(1000000000000000, 1)
                      -- Defined at src/Money.hs:858:15
    Suggested fix:
      Move the instance declaration to the module of the type family or of the type, or
      wrap the type with a newtype and declare the instance on the new type.
    |
858 | type instance I.UnitScale "ETH" "finney"     = '(1000000000000000, 1)
    | ^^^^^^^^^^^^^^^^^^^^^^^^^^^^^^^^^^^^^^^^^^^^^^^^^^^^^^^^^^^^^^^^^^^^^

src/Money.hs:859:1: warning: [GHC-90177] [-Worphans]
    Orphan family instance:
      type instance I.UnitScale "ETH" "milliether" = '(1000000000000000,
                                                       1)
                      -- Defined at src/Money.hs:859:15
    Suggested fix:
      Move the instance declaration to the module of the type family or of the type, or
      wrap the type with a newtype and declare the instance on the new type.
    |
859 | type instance I.UnitScale "ETH" "milliether" = '(1000000000000000, 1)
    | ^^^^^^^^^^^^^^^^^^^^^^^^^^^^^^^^^^^^^^^^^^^^^^^^^^^^^^^^^^^^^^^^^^^^^

src/Money.hs:860:1: warning: [GHC-90177] [-Worphans]
    Orphan family instance:
      type instance I.UnitScale "ETH" "wei" = '(1000000000000000000, 1)
                      -- Defined at src/Money.hs:860:15
    Suggested fix:
      Move the instance declaration to the module of the type family or of the type, or
      wrap the type with a newtype and declare the instance on the new type.
    |
860 | type instance I.UnitScale "ETH" "wei"        = '(1000000000000000000, 1)
    | ^^^^^^^^^^^^^^^^^^^^^^^^^^^^^^^^^^^^^^^^^^^^^^^^^^^^^^^^^^^^^^^^^^^^^^^^

src/Money.hs:862:1: warning: [GHC-90177] [-Worphans]
    Orphan family instance:
      type instance I.CurrencyScale "ADA" = I.UnitScale "ADA" "lovelace"
                      -- Defined at src/Money.hs:862:15
    Suggested fix:
      Move the instance declaration to the module of the type family or of the type, or
      wrap the type with a newtype and declare the instance on the new type.
    |
862 | type instance I.CurrencyScale "ADA" = I.UnitScale "ADA" "lovelace"
    | ^^^^^^^^^^^^^^^^^^^^^^^^^^^^^^^^^^^^^^^^^^^^^^^^^^^^^^^^^^^^^^^^^^

src/Money.hs:863:1: warning: [GHC-90177] [-Worphans]
    Orphan family instance:
      type instance I.UnitScale "ADA" "ada" = '(1, 1)
                      -- Defined at src/Money.hs:863:15
    Suggested fix:
      Move the instance declaration to the module of the type family or of the type, or
      wrap the type with a newtype and declare the instance on the new type.
    |
863 | type instance I.UnitScale "ADA" "ada" = '(1, 1)
    | ^^^^^^^^^^^^^^^^^^^^^^^^^^^^^^^^^^^^^^^^^^^^^^^

src/Money.hs:864:1: warning: [GHC-90177] [-Worphans]
    Orphan family instance:
      type instance I.UnitScale "ADA" "lovelace" = '(1000000, 1)
                      -- Defined at src/Money.hs:864:15
    Suggested fix:
      Move the instance declaration to the module of the type family or of the type, or
      wrap the type with a newtype and declare the instance on the new type.
    |
864 | type instance I.UnitScale "ADA" "lovelace" = '(1000000, 1)
    | ^^^^^^^^^^^^^^^^^^^^^^^^^^^^^^^^^^^^^^^^^^^^^^^^^^^^^^^^^^

src/Money.hs:866:1: warning: [GHC-90177] [-Worphans]
    Orphan family instance:
      type instance I.CurrencyScale "LTC" = I.UnitScale "LTC" "photon"
                      -- Defined at src/Money.hs:866:15
    Suggested fix:
      Move the instance declaration to the module of the type family or of the type, or
      wrap the type with a newtype and declare the instance on the new type.
    |
866 | type instance I.CurrencyScale "LTC" = I.UnitScale "LTC" "photon"
    | ^^^^^^^^^^^^^^^^^^^^^^^^^^^^^^^^^^^^^^^^^^^^^^^^^^^^^^^^^^^^^^^^

src/Money.hs:867:1: warning: [GHC-90177] [-Worphans]
    Orphan family instance:
      type instance I.UnitScale "LTC" "litecoin" = '(1, 1)
                      -- Defined at src/Money.hs:867:15
    Suggested fix:
      Move the instance declaration to the module of the type family or of the type, or
      wrap the type with a newtype and declare the instance on the new type.
    |
867 | type instance I.UnitScale "LTC" "litecoin" = '(1, 1)
    | ^^^^^^^^^^^^^^^^^^^^^^^^^^^^^^^^^^^^^^^^^^^^^^^^^^^^

src/Money.hs:868:1: warning: [GHC-90177] [-Worphans]
    Orphan family instance:
      type instance I.UnitScale "LTC" "lite" = '(1000, 1)
                      -- Defined at src/Money.hs:868:15
    Suggested fix:
      Move the instance declaration to the module of the type family or of the type, or
      wrap the type with a newtype and declare the instance on the new type.
    |
868 | type instance I.UnitScale "LTC" "lite" = '(1000, 1)
    | ^^^^^^^^^^^^^^^^^^^^^^^^^^^^^^^^^^^^^^^^^^^^^^^^^^^

src/Money.hs:869:1: warning: [GHC-90177] [-Worphans]
    Orphan family instance:
      type instance I.UnitScale "LTC" "photon" = '(100000000, 1)
                      -- Defined at src/Money.hs:869:15
    Suggested fix:
      Move the instance declaration to the module of the type family or of the type, or
      wrap the type with a newtype and declare the instance on the new type.
    |
869 | type instance I.UnitScale "LTC" "photon" = '(100000000, 1)
    | ^^^^^^^^^^^^^^^^^^^^^^^^^^^^^^^^^^^^^^^^^^^^^^^^^^^^^^^^^^

src/Money.hs:871:1: warning: [GHC-90177] [-Worphans]
    Orphan family instance:
      type instance I.CurrencyScale "XRP" = I.UnitScale "XRP" "drop"
                      -- Defined at src/Money.hs:871:15
    Suggested fix:
      Move the instance declaration to the module of the type family or of the type, or
      wrap the type with a newtype and declare the instance on the new type.
    |
871 | type instance I.CurrencyScale "XRP" = I.UnitScale "XRP" "drop"
    | ^^^^^^^^^^^^^^^^^^^^^^^^^^^^^^^^^^^^^^^^^^^^^^^^^^^^^^^^^^^^^^

src/Money.hs:872:1: warning: [GHC-90177] [-Worphans]
    Orphan family instance:
      type instance I.UnitScale "XRP" "ripple" = '(1, 1)
                      -- Defined at src/Money.hs:872:15
    Suggested fix:
      Move the instance declaration to the module of the type family or of the type, or
      wrap the type with a newtype and declare the instance on the new type.
    |
872 | type instance I.UnitScale "XRP" "ripple" = '(1, 1)
    | ^^^^^^^^^^^^^^^^^^^^^^^^^^^^^^^^^^^^^^^^^^^^^^^^^^

src/Money.hs:873:1: warning: [GHC-90177] [-Worphans]
    Orphan family instance:
      type instance I.UnitScale "XRP" "drop" = '(1000000, 1)
                      -- Defined at src/Money.hs:873:15
    Suggested fix:
      Move the instance declaration to the module of the type family or of the type, or
      wrap the type with a newtype and declare the instance on the new type.
    |
873 | type instance I.UnitScale "XRP" "drop" = '(1000000, 1)
    | ^^^^^^^^^^^^^^^^^^^^^^^^^^^^^^^^^^^^^^^^^^^^^^^^^^^^^^

src/Money.hs:875:1: warning: [GHC-90177] [-Worphans]
    Orphan family instance:
      type instance I.CurrencyScale "XMR" = I.UnitScale "XMR" "piconero"
                      -- Defined at src/Money.hs:875:15
    Suggested fix:
      Move the instance declaration to the module of the type family or of the type, or
      wrap the type with a newtype and declare the instance on the new type.
    |
875 | type instance I.CurrencyScale "XMR" = I.UnitScale "XMR" "piconero"
    | ^^^^^^^^^^^^^^^^^^^^^^^^^^^^^^^^^^^^^^^^^^^^^^^^^^^^^^^^^^^^^^^^^^

src/Money.hs:876:1: warning: [GHC-90177] [-Worphans]
    Orphan family instance:
      type instance I.UnitScale "XMR" "monero" = '(1, 1)
                      -- Defined at src/Money.hs:876:15
    Suggested fix:
      Move the instance declaration to the module of the type family or of the type, or
      wrap the type with a newtype and declare the instance on the new type.
    |
876 | type instance I.UnitScale "XMR" "monero" = '(1, 1)
    | ^^^^^^^^^^^^^^^^^^^^^^^^^^^^^^^^^^^^^^^^^^^^^^^^^^

src/Money.hs:877:1: warning: [GHC-90177] [-Worphans]
    Orphan family instance:
      type instance I.UnitScale "XMR" "decinero" = '(10, 1)
                      -- Defined at src/Money.hs:877:15
    Suggested fix:
      Move the instance declaration to the module of the type family or of the type, or
      wrap the type with a newtype and declare the instance on the new type.
    |
877 | type instance I.UnitScale "XMR" "decinero" = '(10, 1)
    | ^^^^^^^^^^^^^^^^^^^^^^^^^^^^^^^^^^^^^^^^^^^^^^^^^^^^^

src/Money.hs:878:1: warning: [GHC-90177] [-Worphans]
    Orphan family instance:
      type instance I.UnitScale "XMR" "centinero" = '(100, 1)
                      -- Defined at src/Money.hs:878:15
    Suggested fix:
      Move the instance declaration to the module of the type family or of the type, or
      wrap the type with a newtype and declare the instance on the new type.
    |
878 | type instance I.UnitScale "XMR" "centinero" = '(100, 1)
    | ^^^^^^^^^^^^^^^^^^^^^^^^^^^^^^^^^^^^^^^^^^^^^^^^^^^^^^^

src/Money.hs:879:1: warning: [GHC-90177] [-Worphans]
    Orphan family instance:
      type instance I.UnitScale "XMR" "millinero" = '(1000, 1)
                      -- Defined at src/Money.hs:879:15
    Suggested fix:
      Move the instance declaration to the module of the type family or of the type, or
      wrap the type with a newtype and declare the instance on the new type.
    |
879 | type instance I.UnitScale "XMR" "millinero" = '(1000, 1)
    | ^^^^^^^^^^^^^^^^^^^^^^^^^^^^^^^^^^^^^^^^^^^^^^^^^^^^^^^^

src/Money.hs:880:1: warning: [GHC-90177] [-Worphans]
    Orphan family instance:
      type instance I.UnitScale "XMR" "micronero" = '(1000000, 1)
                      -- Defined at src/Money.hs:880:15
    Suggested fix:
      Move the instance declaration to the module of the type family or of the type, or
      wrap the type with a newtype and declare the instance on the new type.
    |
880 | type instance I.UnitScale "XMR" "micronero" = '(1000000, 1)
    | ^^^^^^^^^^^^^^^^^^^^^^^^^^^^^^^^^^^^^^^^^^^^^^^^^^^^^^^^^^^

src/Money.hs:881:1: warning: [GHC-90177] [-Worphans]
    Orphan family instance:
      type instance I.UnitScale "XMR" "nanonero" = '(1000000000, 1)
                      -- Defined at src/Money.hs:881:15
    Suggested fix:
      Move the instance declaration to the module of the type family or of the type, or
      wrap the type with a newtype and declare the instance on the new type.
    |
881 | type instance I.UnitScale "XMR" "nanonero" = '(1000000000, 1)
    | ^^^^^^^^^^^^^^^^^^^^^^^^^^^^^^^^^^^^^^^^^^^^^^^^^^^^^^^^^^^^^

src/Money.hs:882:1: warning: [GHC-90177] [-Worphans]
    Orphan family instance:
      type instance I.UnitScale "XMR" "piconero" = '(1000000000000, 1)
                      -- Defined at src/Money.hs:882:15
    Suggested fix:
      Move the instance declaration to the module of the type family or of the type, or
      wrap the type with a newtype and declare the instance on the new type.
    |
882 | type instance I.UnitScale "XMR" "piconero" = '(1000000000000, 1)
    | ^^^^^^^^^^^^^^^^^^^^^^^^^^^^^^^^^^^^^^^^^^^^^^^^^^^^^^^^^^^^^^^^

Configuring test suite 'test' for safe-money-0.9.1...
Preprocessing test suite 'test' for safe-money-0.9.1...
Building test suite 'test' for safe-money-0.9.1...
[1 of 1] Compiling Main
test/Main.hs:1257:38: warning: [GHC-58520] [-Wtype-equality-requires-operators]
    The use of ‘~’ without TypeOperators
    will become an error in a future GHC release.
    Suggested fix: Perhaps you intended to use TypeOperators
     |
1257 |   :: Dict (Money.CurrencyScale "USD" ~ Money.UnitScale "USD" "cent",
     |                                      ^

test/Main.hs:1258:38: warning: [GHC-58520] [-Wtype-equality-requires-operators]
    The use of ‘~’ without TypeOperators
    will become an error in a future GHC release.
    Suggested fix: Perhaps you intended to use TypeOperators
     |
1258 |            Money.CurrencyScale "BTC" ~ Money.UnitScale "BTC" "satoshi",
     |                                      ^

test/Main.hs:1259:38: warning: [GHC-58520] [-Wtype-equality-requires-operators]
    The use of ‘~’ without TypeOperators
    will become an error in a future GHC release.
    Suggested fix: Perhaps you intended to use TypeOperators
     |
1259 |            Money.CurrencyScale "VUV" ~ Money.UnitScale "VUV" "vatu",
     |                                      ^

test/Main.hs:1260:38: warning: [GHC-58520] [-Wtype-equality-requires-operators]
    The use of ‘~’ without TypeOperators
    will become an error in a future GHC release.
    Suggested fix: Perhaps you intended to use TypeOperators
     |
1260 |            Money.CurrencyScale "XAU" ~ Money.ErrScaleNonCanonical "XAU")
     |                                      ^

[2 of 2] Linking dist-newstyle/build/x86_64-linux/ghc-9.10.2/safe-money-0.9.1/t/test/build/test/test
