Build profile: -w ghc-9.6.5 -O1
In order, the following will be built (use -v for more details):
 - persistent-qq-2.12.0.6 (lib) (first run)
 - persistent-qq-2.12.0.6 (test:specs) (first run)
Configuring library for persistent-qq-2.12.0.6...
Preprocessing library for persistent-qq-2.12.0.6...
Building library for persistent-qq-2.12.0.6...
[1 of 2] Compiling Database.Persist.Sql.Raw.QQ
[2 of 2] Compiling Paths_persistent_qq
Configuring test suite 'specs' for persistent-qq-2.12.0.6...
Preprocessing test suite 'specs' for persistent-qq-2.12.0.6...
Building test suite 'specs' for persistent-qq-2.12.0.6...
[1 of 5] Compiling PersistTestPetCollarType
[2 of 5] Compiling PersistTestPetType
[3 of 5] Compiling PersistentTestModels
test/PersistentTestModels.hs:(34,25)-(113,2): Splicing expression
    Language.Haskell.TH.Quote.quoteExp
      persistUpperCase
      "\n\
      \\n\
      \-- Dedented comment\n\
      \  -- Header-level comment\n\
      \    -- Indented comment\n\
      \  Person json\n\
      \    name Text\n\
      \    age Int \"some ignored -- \\\" attribute\"\n\
      \    color Text Maybe -- this is a comment sql=foobarbaz\n\
      \    PersonNameKey name -- this is a comment sql=foobarbaz\n\
      \    deriving Show Eq\n\
      \  Person1\n\
      \-- Dedented comment\n\
      \  -- Header-level comment\n\
      \    -- Indented comment\n\
      \    name Text\n\
      \    age Int\n\
      \    deriving Show Eq\n\
      \  PersonMaybeAge\n\
      \    name Text\n\
      \    age Int Maybe\n\
      \  PersonMay json\n\
      \    name Text Maybe\n\
      \    color Text Maybe\n\
      \    deriving Show Eq\n\
      \  Pet\n\
      \    ownerId PersonId\n\
      \    name Text\n\
      \    -- deriving Show Eq\n\
      \-- Dedented comment\n\
      \  -- Header-level comment\n\
      \    -- Indented comment\n\
      \    type PetType\n\
      \  MaybeOwnedPet\n\
      \    ownerId PersonId Maybe\n\
      \    name Text\n\
      \    type PetType\n\
      \-- Dedented comment\n\
      \  -- Header-level comment\n\
      \    -- Indented comment\n\
      \  NeedsPet\n\
      \    petKey PetId\n\
      \  OutdoorPet\n\
      \    ownerId PersonId\n\
      \    collar PetCollar\n\
      \    type PetType\n\
      \\n\
      \  -- From the scaffold\n\
      \  UserPT\n\
      \    ident Text\n\
      \    password Text Maybe\n\
      \    UniqueUserPT ident\n\
      \  EmailPT\n\
      \    email Text\n\
      \    user UserPTId Maybe\n\
      \    verkey Text Maybe\n\
      \    UniqueEmailPT email\n\
      \\n\
      \  Upsert\n\
      \    email Text\n\
      \    attr Text\n\
      \    extra Text\n\
      \    age Int\n\
      \    UniqueUpsert email\n\
      \    deriving Eq Show\n\
      \\n\
      \  UpsertBy\n\
      \    email Text\n\
      \    city Text\n\
      \    attr Text\n\
      \    UniqueUpsertBy email\n\
      \    UniqueUpsertByCity city\n\
      \    deriving Eq Show\n\
      \\n\
      \  Strict\n\
      \    !yes Int\n\
      \    ~no Int\n\
      \    def Int\n\
      \\n"
  ======>
    [Database.Persist.Quasi.Internal.UnboundEntityDef
       []
       (Database.Persist.Quasi.Internal.DefaultKey
          (FieldNameDB (Data.Text.unpackCStringLen# "id"# 2)))
       (persistent-2.14.6.1-c47d9d2aa2ef2e1c4644245518494c205109cfbb13254a36219ba31bb2a44ce9:Database.Persist.Types.Base.EntityDef
          (EntityNameHS (Data.Text.unpackCStringLen# "Person"# 6))
          (EntityNameDB (Data.Text.unpackCStringLen# "Person"# 6))
          (EntityIdField
             (FieldDef
                (FieldNameHS (Data.Text.unpackCStringLen# "Id"# 2))
                (FieldNameDB (Data.Text.unpackCStringLen# "id"# 2))
                (FTTypeCon Nothing (Data.Text.unpackCStringLen# "PersonId"# 8))
                SqlInt64 [] True NoReference (FieldCascade Nothing Nothing) Nothing
                Nothing True))
          [Data.Text.unpackCStringLen# "json"# 4] []
          [UniqueDef
             (ConstraintNameHS
                (Data.Text.unpackCStringLen# "PersonNameKey"# 13))
             (ConstraintNameDB
                (Data.Text.unpackCStringLen# "PersonNameKey"# 13))
             ((FieldNameHS (Data.Text.unpackCStringLen# "name"# 4), 
               FieldNameDB (Data.Text.unpackCStringLen# "name"# 4))
                NEL.:| [])
             []]
          []
          [Data.Text.unpackCStringLen# "Show"# 4,
           Data.Text.unpackCStringLen# "Eq"# 2]
          containers-0.6.7:Data.Map.Internal.Tip False Nothing)
       [Database.Persist.Quasi.Internal.UnboundFieldDef
          (FieldNameHS (Data.Text.unpackCStringLen# "name"# 4))
          (FieldNameDB (Data.Text.unpackCStringLen# "name"# 4)) [] True
          (FTTypeCon Nothing (Data.Text.unpackCStringLen# "Text"# 4))
          (FieldCascade Nothing Nothing) Nothing Nothing,
        Database.Persist.Quasi.Internal.UnboundFieldDef
          (FieldNameHS (Data.Text.unpackCStringLen# "age"# 3))
          (FieldNameDB (Data.Text.unpackCStringLen# "age"# 3))
          [FieldAttrOther
             (Data.Text.unpackCStringLen# "some ignored -- \" attribute"# 27)]
          True (FTTypeCon Nothing (Data.Text.unpackCStringLen# "Int"# 3))
          (FieldCascade Nothing Nothing) Nothing Nothing,
        Database.Persist.Quasi.Internal.UnboundFieldDef
          (FieldNameHS (Data.Text.unpackCStringLen# "color"# 5))
          (FieldNameDB (Data.Text.unpackCStringLen# "color"# 5))
          [FieldAttrMaybe] True
          (FTTypeCon Nothing (Data.Text.unpackCStringLen# "Text"# 4))
          (FieldCascade Nothing Nothing) Nothing Nothing],
     Database.Persist.Quasi.Internal.UnboundEntityDef
       []
       (Database.Persist.Quasi.Internal.DefaultKey
          (FieldNameDB (Data.Text.unpackCStringLen# "id"# 2)))
       (persistent-2.14.6.1-c47d9d2aa2ef2e1c4644245518494c205109cfbb13254a36219ba31bb2a44ce9:Database.Persist.Types.Base.EntityDef
          (EntityNameHS (Data.Text.unpackCStringLen# "Person1"# 7))
          (EntityNameDB (Data.Text.unpackCStringLen# "Person1"# 7))
          (EntityIdField
             (FieldDef
                (FieldNameHS (Data.Text.unpackCStringLen# "Id"# 2))
                (FieldNameDB (Data.Text.unpackCStringLen# "id"# 2))
                (FTTypeCon Nothing (Data.Text.unpackCStringLen# "Person1Id"# 9))
                SqlInt64 [] True NoReference (FieldCascade Nothing Nothing) Nothing
                Nothing True))
          [] [] [] []
          [Data.Text.unpackCStringLen# "Show"# 4,
           Data.Text.unpackCStringLen# "Eq"# 2]
          containers-0.6.7:Data.Map.Internal.Tip False Nothing)
       [Database.Persist.Quasi.Internal.UnboundFieldDef
          (FieldNameHS (Data.Text.unpackCStringLen# "name"# 4))
          (FieldNameDB (Data.Text.unpackCStringLen# "name"# 4)) [] True
          (FTTypeCon Nothing (Data.Text.unpackCStringLen# "Text"# 4))
          (FieldCascade Nothing Nothing) Nothing Nothing,
        Database.Persist.Quasi.Internal.UnboundFieldDef
          (FieldNameHS (Data.Text.unpackCStringLen# "age"# 3))
          (FieldNameDB (Data.Text.unpackCStringLen# "age"# 3)) [] True
          (FTTypeCon Nothing (Data.Text.unpackCStringLen# "Int"# 3))
          (FieldCascade Nothing Nothing) Nothing Nothing],
     Database.Persist.Quasi.Internal.UnboundEntityDef
       []
       (Database.Persist.Quasi.Internal.DefaultKey
          (FieldNameDB (Data.Text.unpackCStringLen# "id"# 2)))
       (persistent-2.14.6.1-c47d9d2aa2ef2e1c4644245518494c205109cfbb13254a36219ba31bb2a44ce9:Database.Persist.Types.Base.EntityDef
          (EntityNameHS (Data.Text.unpackCStringLen# "PersonMaybeAge"# 14))
          (EntityNameDB (Data.Text.unpackCStringLen# "PersonMaybeAge"# 14))
          (EntityIdField
             (FieldDef
                (FieldNameHS (Data.Text.unpackCStringLen# "Id"# 2))
                (FieldNameDB (Data.Text.unpackCStringLen# "id"# 2))
                (FTTypeCon
                   Nothing (Data.Text.unpackCStringLen# "PersonMaybeAgeId"# 16))
                SqlInt64 [] True NoReference (FieldCascade Nothing Nothing) Nothing
                Nothing True))
          [] [] [] [] [] containers-0.6.7:Data.Map.Internal.Tip False
          Nothing)
       [Database.Persist.Quasi.Internal.UnboundFieldDef
          (FieldNameHS (Data.Text.unpackCStringLen# "name"# 4))
          (FieldNameDB (Data.Text.unpackCStringLen# "name"# 4)) [] True
          (FTTypeCon Nothing (Data.Text.unpackCStringLen# "Text"# 4))
          (FieldCascade Nothing Nothing) Nothing Nothing,
        Database.Persist.Quasi.Internal.UnboundFieldDef
          (FieldNameHS (Data.Text.unpackCStringLen# "age"# 3))
          (FieldNameDB (Data.Text.unpackCStringLen# "age"# 3))
          [FieldAttrMaybe] True
          (FTTypeCon Nothing (Data.Text.unpackCStringLen# "Int"# 3))
          (FieldCascade Nothing Nothing) Nothing Nothing],
     Database.Persist.Quasi.Internal.UnboundEntityDef
       []
       (Database.Persist.Quasi.Internal.DefaultKey
          (FieldNameDB (Data.Text.unpackCStringLen# "id"# 2)))
       (persistent-2.14.6.1-c47d9d2aa2ef2e1c4644245518494c205109cfbb13254a36219ba31bb2a44ce9:Database.Persist.Types.Base.EntityDef
          (EntityNameHS (Data.Text.unpackCStringLen# "PersonMay"# 9))
          (EntityNameDB (Data.Text.unpackCStringLen# "PersonMay"# 9))
          (EntityIdField
             (FieldDef
                (FieldNameHS (Data.Text.unpackCStringLen# "Id"# 2))
                (FieldNameDB (Data.Text.unpackCStringLen# "id"# 2))
                (FTTypeCon Nothing (Data.Text.unpackCStringLen# "PersonMayId"# 11))
                SqlInt64 [] True NoReference (FieldCascade Nothing Nothing) Nothing
                Nothing True))
          [Data.Text.unpackCStringLen# "json"# 4] [] [] []
          [Data.Text.unpackCStringLen# "Show"# 4,
           Data.Text.unpackCStringLen# "Eq"# 2]
          containers-0.6.7:Data.Map.Internal.Tip False Nothing)
       [Database.Persist.Quasi.Internal.UnboundFieldDef
          (FieldNameHS (Data.Text.unpackCStringLen# "name"# 4))
          (FieldNameDB (Data.Text.unpackCStringLen# "name"# 4))
          [FieldAttrMaybe] True
          (FTTypeCon Nothing (Data.Text.unpackCStringLen# "Text"# 4))
          (FieldCascade Nothing Nothing) Nothing Nothing,
        Database.Persist.Quasi.Internal.UnboundFieldDef
          (FieldNameHS (Data.Text.unpackCStringLen# "color"# 5))
          (FieldNameDB (Data.Text.unpackCStringLen# "color"# 5))
          [FieldAttrMaybe] True
          (FTTypeCon Nothing (Data.Text.unpackCStringLen# "Text"# 4))
          (FieldCascade Nothing Nothing) Nothing Nothing],
     Database.Persist.Quasi.Internal.UnboundEntityDef
       []
       (Database.Persist.Quasi.Internal.DefaultKey
          (FieldNameDB (Data.Text.unpackCStringLen# "id"# 2)))
       (persistent-2.14.6.1-c47d9d2aa2ef2e1c4644245518494c205109cfbb13254a36219ba31bb2a44ce9:Database.Persist.Types.Base.EntityDef
          (EntityNameHS (Data.Text.unpackCStringLen# "Pet"# 3))
          (EntityNameDB (Data.Text.unpackCStringLen# "Pet"# 3))
          (EntityIdField
             (FieldDef
                (FieldNameHS (Data.Text.unpackCStringLen# "Id"# 2))
                (FieldNameDB (Data.Text.unpackCStringLen# "id"# 2))
                (FTTypeCon Nothing (Data.Text.unpackCStringLen# "PetId"# 5))
                SqlInt64 [] True NoReference (FieldCascade Nothing Nothing) Nothing
                Nothing True))
          [] [] [] [] [] containers-0.6.7:Data.Map.Internal.Tip False
          Nothing)
       [Database.Persist.Quasi.Internal.UnboundFieldDef
          (FieldNameHS (Data.Text.unpackCStringLen# "ownerId"# 7))
          (FieldNameDB (Data.Text.unpackCStringLen# "ownerId"# 7)) [] True
          (FTTypeCon Nothing (Data.Text.unpackCStringLen# "PersonId"# 8))
          (FieldCascade Nothing Nothing) Nothing Nothing,
        Database.Persist.Quasi.Internal.UnboundFieldDef
          (FieldNameHS (Data.Text.unpackCStringLen# "name"# 4))
          (FieldNameDB (Data.Text.unpackCStringLen# "name"# 4)) [] True
          (FTTypeCon Nothing (Data.Text.unpackCStringLen# "Text"# 4))
          (FieldCascade Nothing Nothing) Nothing Nothing,
        Database.Persist.Quasi.Internal.UnboundFieldDef
          (FieldNameHS (Data.Text.unpackCStringLen# "type"# 4))
          (FieldNameDB (Data.Text.unpackCStringLen# "type"# 4)) [] True
          (FTTypeCon Nothing (Data.Text.unpackCStringLen# "PetType"# 7))
          (FieldCascade Nothing Nothing) Nothing Nothing],
     Database.Persist.Quasi.Internal.UnboundEntityDef
       []
       (Database.Persist.Quasi.Internal.DefaultKey
          (FieldNameDB (Data.Text.unpackCStringLen# "id"# 2)))
       (persistent-2.14.6.1-c47d9d2aa2ef2e1c4644245518494c205109cfbb13254a36219ba31bb2a44ce9:Database.Persist.Types.Base.EntityDef
          (EntityNameHS (Data.Text.unpackCStringLen# "MaybeOwnedPet"# 13))
          (EntityNameDB (Data.Text.unpackCStringLen# "MaybeOwnedPet"# 13))
          (EntityIdField
             (FieldDef
                (FieldNameHS (Data.Text.unpackCStringLen# "Id"# 2))
                (FieldNameDB (Data.Text.unpackCStringLen# "id"# 2))
                (FTTypeCon
                   Nothing (Data.Text.unpackCStringLen# "MaybeOwnedPetId"# 15))
                SqlInt64 [] True NoReference (FieldCascade Nothing Nothing) Nothing
                Nothing True))
          [] [] [] [] [] containers-0.6.7:Data.Map.Internal.Tip False
          Nothing)
       [Database.Persist.Quasi.Internal.UnboundFieldDef
          (FieldNameHS (Data.Text.unpackCStringLen# "ownerId"# 7))
          (FieldNameDB (Data.Text.unpackCStringLen# "ownerId"# 7))
          [FieldAttrMaybe] True
          (FTTypeCon Nothing (Data.Text.unpackCStringLen# "PersonId"# 8))
          (FieldCascade Nothing Nothing) Nothing Nothing,
        Database.Persist.Quasi.Internal.UnboundFieldDef
          (FieldNameHS (Data.Text.unpackCStringLen# "name"# 4))
          (FieldNameDB (Data.Text.unpackCStringLen# "name"# 4)) [] True
          (FTTypeCon Nothing (Data.Text.unpackCStringLen# "Text"# 4))
          (FieldCascade Nothing Nothing) Nothing Nothing,
        Database.Persist.Quasi.Internal.UnboundFieldDef
          (FieldNameHS (Data.Text.unpackCStringLen# "type"# 4))
          (FieldNameDB (Data.Text.unpackCStringLen# "type"# 4)) [] True
          (FTTypeCon Nothing (Data.Text.unpackCStringLen# "PetType"# 7))
          (FieldCascade Nothing Nothing) Nothing Nothing],
     Database.Persist.Quasi.Internal.UnboundEntityDef
       []
       (Database.Persist.Quasi.Internal.DefaultKey
          (FieldNameDB (Data.Text.unpackCStringLen# "id"# 2)))
       (persistent-2.14.6.1-c47d9d2aa2ef2e1c4644245518494c205109cfbb13254a36219ba31bb2a44ce9:Database.Persist.Types.Base.EntityDef
          (EntityNameHS (Data.Text.unpackCStringLen# "NeedsPet"# 8))
          (EntityNameDB (Data.Text.unpackCStringLen# "NeedsPet"# 8))
          (EntityIdField
             (FieldDef
                (FieldNameHS (Data.Text.unpackCStringLen# "Id"# 2))
                (FieldNameDB (Data.Text.unpackCStringLen# "id"# 2))
                (FTTypeCon Nothing (Data.Text.unpackCStringLen# "NeedsPetId"# 10))
                SqlInt64 [] True NoReference (FieldCascade Nothing Nothing) Nothing
                Nothing True))
          [] [] [] [] [] containers-0.6.7:Data.Map.Internal.Tip False
          Nothing)
       [Database.Persist.Quasi.Internal.UnboundFieldDef
          (FieldNameHS (Data.Text.unpackCStringLen# "petKey"# 6))
          (FieldNameDB (Data.Text.unpackCStringLen# "petKey"# 6)) [] True
          (FTTypeCon Nothing (Data.Text.unpackCStringLen# "PetId"# 5))
          (FieldCascade Nothing Nothing) Nothing Nothing],
     Database.Persist.Quasi.Internal.UnboundEntityDef
       []
       (Database.Persist.Quasi.Internal.DefaultKey
          (FieldNameDB (Data.Text.unpackCStringLen# "id"# 2)))
       (persistent-2.14.6.1-c47d9d2aa2ef2e1c4644245518494c205109cfbb13254a36219ba31bb2a44ce9:Database.Persist.Types.Base.EntityDef
          (EntityNameHS (Data.Text.unpackCStringLen# "OutdoorPet"# 10))
          (EntityNameDB (Data.Text.unpackCStringLen# "OutdoorPet"# 10))
          (EntityIdField
             (FieldDef
                (FieldNameHS (Data.Text.unpackCStringLen# "Id"# 2))
                (FieldNameDB (Data.Text.unpackCStringLen# "id"# 2))
                (FTTypeCon
                   Nothing (Data.Text.unpackCStringLen# "OutdoorPetId"# 12))
                SqlInt64 [] True NoReference (FieldCascade Nothing Nothing) Nothing
                Nothing True))
          [] [] [] [] [] containers-0.6.7:Data.Map.Internal.Tip False
          Nothing)
       [Database.Persist.Quasi.Internal.UnboundFieldDef
          (FieldNameHS (Data.Text.unpackCStringLen# "ownerId"# 7))
          (FieldNameDB (Data.Text.unpackCStringLen# "ownerId"# 7)) [] True
          (FTTypeCon Nothing (Data.Text.unpackCStringLen# "PersonId"# 8))
          (FieldCascade Nothing Nothing) Nothing Nothing,
        Database.Persist.Quasi.Internal.UnboundFieldDef
          (FieldNameHS (Data.Text.unpackCStringLen# "collar"# 6))
          (FieldNameDB (Data.Text.unpackCStringLen# "collar"# 6)) [] True
          (FTTypeCon Nothing (Data.Text.unpackCStringLen# "PetCollar"# 9))
          (FieldCascade Nothing Nothing) Nothing Nothing,
        Database.Persist.Quasi.Internal.UnboundFieldDef
          (FieldNameHS (Data.Text.unpackCStringLen# "type"# 4))
          (FieldNameDB (Data.Text.unpackCStringLen# "type"# 4)) [] True
          (FTTypeCon Nothing (Data.Text.unpackCStringLen# "PetType"# 7))
          (FieldCascade Nothing Nothing) Nothing Nothing],
     Database.Persist.Quasi.Internal.UnboundEntityDef
       []
       (Database.Persist.Quasi.Internal.DefaultKey
          (FieldNameDB (Data.Text.unpackCStringLen# "id"# 2)))
       (persistent-2.14.6.1-c47d9d2aa2ef2e1c4644245518494c205109cfbb13254a36219ba31bb2a44ce9:Database.Persist.Types.Base.EntityDef
          (EntityNameHS (Data.Text.unpackCStringLen# "UserPT"# 6))
          (EntityNameDB (Data.Text.unpackCStringLen# "UserPT"# 6))
          (EntityIdField
             (FieldDef
                (FieldNameHS (Data.Text.unpackCStringLen# "Id"# 2))
                (FieldNameDB (Data.Text.unpackCStringLen# "id"# 2))
                (FTTypeCon Nothing (Data.Text.unpackCStringLen# "UserPTId"# 8))
                SqlInt64 [] True NoReference (FieldCascade Nothing Nothing) Nothing
                Nothing True))
          [] []
          [UniqueDef
             (ConstraintNameHS (Data.Text.unpackCStringLen# "UniqueUserPT"# 12))
             (ConstraintNameDB (Data.Text.unpackCStringLen# "UniqueUserPT"# 12))
             ((FieldNameHS (Data.Text.unpackCStringLen# "ident"# 5), 
               FieldNameDB (Data.Text.unpackCStringLen# "ident"# 5))
                NEL.:| [])
             []]
          [] [] containers-0.6.7:Data.Map.Internal.Tip False Nothing)
       [Database.Persist.Quasi.Internal.UnboundFieldDef
          (FieldNameHS (Data.Text.unpackCStringLen# "ident"# 5))
          (FieldNameDB (Data.Text.unpackCStringLen# "ident"# 5)) [] True
          (FTTypeCon Nothing (Data.Text.unpackCStringLen# "Text"# 4))
          (FieldCascade Nothing Nothing) Nothing Nothing,
        Database.Persist.Quasi.Internal.UnboundFieldDef
          (FieldNameHS (Data.Text.unpackCStringLen# "password"# 8))
          (FieldNameDB (Data.Text.unpackCStringLen# "password"# 8))
          [FieldAttrMaybe] True
          (FTTypeCon Nothing (Data.Text.unpackCStringLen# "Text"# 4))
          (FieldCascade Nothing Nothing) Nothing Nothing],
     Database.Persist.Quasi.Internal.UnboundEntityDef
       []
       (Database.Persist.Quasi.Internal.DefaultKey
          (FieldNameDB (Data.Text.unpackCStringLen# "id"# 2)))
       (persistent-2.14.6.1-c47d9d2aa2ef2e1c4644245518494c205109cfbb13254a36219ba31bb2a44ce9:Database.Persist.Types.Base.EntityDef
          (EntityNameHS (Data.Text.unpackCStringLen# "EmailPT"# 7))
          (EntityNameDB (Data.Text.unpackCStringLen# "EmailPT"# 7))
          (EntityIdField
             (FieldDef
                (FieldNameHS (Data.Text.unpackCStringLen# "Id"# 2))
                (FieldNameDB (Data.Text.unpackCStringLen# "id"# 2))
                (FTTypeCon Nothing (Data.Text.unpackCStringLen# "EmailPTId"# 9))
                SqlInt64 [] True NoReference (FieldCascade Nothing Nothing) Nothing
                Nothing True))
          [] []
          [UniqueDef
             (ConstraintNameHS
                (Data.Text.unpackCStringLen# "UniqueEmailPT"# 13))
             (ConstraintNameDB
                (Data.Text.unpackCStringLen# "UniqueEmailPT"# 13))
             ((FieldNameHS (Data.Text.unpackCStringLen# "email"# 5), 
               FieldNameDB (Data.Text.unpackCStringLen# "email"# 5))
                NEL.:| [])
             []]
          [] [] containers-0.6.7:Data.Map.Internal.Tip False Nothing)
       [Database.Persist.Quasi.Internal.UnboundFieldDef
          (FieldNameHS (Data.Text.unpackCStringLen# "email"# 5))
          (FieldNameDB (Data.Text.unpackCStringLen# "email"# 5)) [] True
          (FTTypeCon Nothing (Data.Text.unpackCStringLen# "Text"# 4))
          (FieldCascade Nothing Nothing) Nothing Nothing,
        Database.Persist.Quasi.Internal.UnboundFieldDef
          (FieldNameHS (Data.Text.unpackCStringLen# "user"# 4))
          (FieldNameDB (Data.Text.unpackCStringLen# "user"# 4))
          [FieldAttrMaybe] True
          (FTTypeCon Nothing (Data.Text.unpackCStringLen# "UserPTId"# 8))
          (FieldCascade Nothing Nothing) Nothing Nothing,
        Database.Persist.Quasi.Internal.UnboundFieldDef
          (FieldNameHS (Data.Text.unpackCStringLen# "verkey"# 6))
          (FieldNameDB (Data.Text.unpackCStringLen# "verkey"# 6))
          [FieldAttrMaybe] True
          (FTTypeCon Nothing (Data.Text.unpackCStringLen# "Text"# 4))
          (FieldCascade Nothing Nothing) Nothing Nothing],
     Database.Persist.Quasi.Internal.UnboundEntityDef
       []
       (Database.Persist.Quasi.Internal.DefaultKey
          (FieldNameDB (Data.Text.unpackCStringLen# "id"# 2)))
       (persistent-2.14.6.1-c47d9d2aa2ef2e1c4644245518494c205109cfbb13254a36219ba31bb2a44ce9:Database.Persist.Types.Base.EntityDef
          (EntityNameHS (Data.Text.unpackCStringLen# "Upsert"# 6))
          (EntityNameDB (Data.Text.unpackCStringLen# "Upsert"# 6))
          (EntityIdField
             (FieldDef
                (FieldNameHS (Data.Text.unpackCStringLen# "Id"# 2))
                (FieldNameDB (Data.Text.unpackCStringLen# "id"# 2))
                (FTTypeCon Nothing (Data.Text.unpackCStringLen# "UpsertId"# 8))
                SqlInt64 [] True NoReference (FieldCascade Nothing Nothing) Nothing
                Nothing True))
          [] []
          [UniqueDef
             (ConstraintNameHS (Data.Text.unpackCStringLen# "UniqueUpsert"# 12))
             (ConstraintNameDB (Data.Text.unpackCStringLen# "UniqueUpsert"# 12))
             ((FieldNameHS (Data.Text.unpackCStringLen# "email"# 5), 
               FieldNameDB (Data.Text.unpackCStringLen# "email"# 5))
                NEL.:| [])
             []]
          []
          [Data.Text.unpackCStringLen# "Eq"# 2,
           Data.Text.unpackCStringLen# "Show"# 4]
          containers-0.6.7:Data.Map.Internal.Tip False Nothing)
       [Database.Persist.Quasi.Internal.UnboundFieldDef
          (FieldNameHS (Data.Text.unpackCStringLen# "email"# 5))
          (FieldNameDB (Data.Text.unpackCStringLen# "email"# 5)) [] True
          (FTTypeCon Nothing (Data.Text.unpackCStringLen# "Text"# 4))
          (FieldCascade Nothing Nothing) Nothing Nothing,
        Database.Persist.Quasi.Internal.UnboundFieldDef
          (FieldNameHS (Data.Text.unpackCStringLen# "attr"# 4))
          (FieldNameDB (Data.Text.unpackCStringLen# "attr"# 4)) [] True
          (FTTypeCon Nothing (Data.Text.unpackCStringLen# "Text"# 4))
          (FieldCascade Nothing Nothing) Nothing Nothing,
        Database.Persist.Quasi.Internal.UnboundFieldDef
          (FieldNameHS (Data.Text.unpackCStringLen# "extra"# 5))
          (FieldNameDB (Data.Text.unpackCStringLen# "extra"# 5)) [] True
          (FTTypeCon Nothing (Data.Text.unpackCStringLen# "Text"# 4))
          (FieldCascade Nothing Nothing) Nothing Nothing,
        Database.Persist.Quasi.Internal.UnboundFieldDef
          (FieldNameHS (Data.Text.unpackCStringLen# "age"# 3))
          (FieldNameDB (Data.Text.unpackCStringLen# "age"# 3)) [] True
          (FTTypeCon Nothing (Data.Text.unpackCStringLen# "Int"# 3))
          (FieldCascade Nothing Nothing) Nothing Nothing],
     Database.Persist.Quasi.Internal.UnboundEntityDef
       []
       (Database.Persist.Quasi.Internal.DefaultKey
          (FieldNameDB (Data.Text.unpackCStringLen# "id"# 2)))
       (persistent-2.14.6.1-c47d9d2aa2ef2e1c4644245518494c205109cfbb13254a36219ba31bb2a44ce9:Database.Persist.Types.Base.EntityDef
          (EntityNameHS (Data.Text.unpackCStringLen# "UpsertBy"# 8))
          (EntityNameDB (Data.Text.unpackCStringLen# "UpsertBy"# 8))
          (EntityIdField
             (FieldDef
                (FieldNameHS (Data.Text.unpackCStringLen# "Id"# 2))
                (FieldNameDB (Data.Text.unpackCStringLen# "id"# 2))
                (FTTypeCon Nothing (Data.Text.unpackCStringLen# "UpsertById"# 10))
                SqlInt64 [] True NoReference (FieldCascade Nothing Nothing) Nothing
                Nothing True))
          [] []
          [UniqueDef
             (ConstraintNameHS
                (Data.Text.unpackCStringLen# "UniqueUpsertBy"# 14))
             (ConstraintNameDB
                (Data.Text.unpackCStringLen# "UniqueUpsertBy"# 14))
             ((FieldNameHS (Data.Text.unpackCStringLen# "email"# 5), 
               FieldNameDB (Data.Text.unpackCStringLen# "email"# 5))
                NEL.:| [])
             [],
           UniqueDef
             (ConstraintNameHS
                (Data.Text.unpackCStringLen# "UniqueUpsertByCity"# 18))
             (ConstraintNameDB
                (Data.Text.unpackCStringLen# "UniqueUpsertByCity"# 18))
             ((FieldNameHS (Data.Text.unpackCStringLen# "city"# 4), 
               FieldNameDB (Data.Text.unpackCStringLen# "city"# 4))
                NEL.:| [])
             []]
          []
          [Data.Text.unpackCStringLen# "Eq"# 2,
           Data.Text.unpackCStringLen# "Show"# 4]
          containers-0.6.7:Data.Map.Internal.Tip False Nothing)
       [Database.Persist.Quasi.Internal.UnboundFieldDef
          (FieldNameHS (Data.Text.unpackCStringLen# "email"# 5))
          (FieldNameDB (Data.Text.unpackCStringLen# "email"# 5)) [] True
          (FTTypeCon Nothing (Data.Text.unpackCStringLen# "Text"# 4))
          (FieldCascade Nothing Nothing) Nothing Nothing,
        Database.Persist.Quasi.Internal.UnboundFieldDef
          (FieldNameHS (Data.Text.unpackCStringLen# "city"# 4))
          (FieldNameDB (Data.Text.unpackCStringLen# "city"# 4)) [] True
          (FTTypeCon Nothing (Data.Text.unpackCStringLen# "Text"# 4))
          (FieldCascade Nothing Nothing) Nothing Nothing,
        Database.Persist.Quasi.Internal.UnboundFieldDef
          (FieldNameHS (Data.Text.unpackCStringLen# "attr"# 4))
          (FieldNameDB (Data.Text.unpackCStringLen# "attr"# 4)) [] True
          (FTTypeCon Nothing (Data.Text.unpackCStringLen# "Text"# 4))
          (FieldCascade Nothing Nothing) Nothing Nothing],
     Database.Persist.Quasi.Internal.UnboundEntityDef
       []
       (Database.Persist.Quasi.Internal.DefaultKey
          (FieldNameDB (Data.Text.unpackCStringLen# "id"# 2)))
       (persistent-2.14.6.1-c47d9d2aa2ef2e1c4644245518494c205109cfbb13254a36219ba31bb2a44ce9:Database.Persist.Types.Base.EntityDef
          (EntityNameHS (Data.Text.unpackCStringLen# "Strict"# 6))
          (EntityNameDB (Data.Text.unpackCStringLen# "Strict"# 6))
          (EntityIdField
             (FieldDef
                (FieldNameHS (Data.Text.unpackCStringLen# "Id"# 2))
                (FieldNameDB (Data.Text.unpackCStringLen# "id"# 2))
                (FTTypeCon Nothing (Data.Text.unpackCStringLen# "StrictId"# 8))
                SqlInt64 [] True NoReference (FieldCascade Nothing Nothing) Nothing
                Nothing True))
          [] [] [] [] [] containers-0.6.7:Data.Map.Internal.Tip False
          Nothing)
       [Database.Persist.Quasi.Internal.UnboundFieldDef
          (FieldNameHS (Data.Text.unpackCStringLen# "yes"# 3))
          (FieldNameDB (Data.Text.unpackCStringLen# "yes"# 3)) [] True
          (FTTypeCon Nothing (Data.Text.unpackCStringLen# "Int"# 3))
          (FieldCascade Nothing Nothing) Nothing Nothing,
        Database.Persist.Quasi.Internal.UnboundFieldDef
          (FieldNameHS (Data.Text.unpackCStringLen# "no"# 2))
          (FieldNameDB (Data.Text.unpackCStringLen# "no"# 2)) [] False
          (FTTypeCon Nothing (Data.Text.unpackCStringLen# "Int"# 3))
          (FieldCascade Nothing Nothing) Nothing Nothing,
        Database.Persist.Quasi.Internal.UnboundFieldDef
          (FieldNameHS (Data.Text.unpackCStringLen# "def"# 3))
          (FieldNameDB (Data.Text.unpackCStringLen# "def"# 3)) [] True
          (FTTypeCon Nothing (Data.Text.unpackCStringLen# "Int"# 3))
          (FieldCascade Nothing Nothing) Nothing Nothing]]
test/PersistentTestModels.hs:(31,1)-(113,2): Splicing declarations
    share
      [mkPersist sqlSettings {mpsGeneric = True},
       mkMigrate "testMigrate"]
      ([Database.Persist.Quasi.Internal.UnboundEntityDef
          []
          (Database.Persist.Quasi.Internal.DefaultKey
             (FieldNameDB (Data.Text.unpackCStringLen# "id"# 2)))
          (persistent-2.14.6.1-c47d9d2aa2ef2e1c4644245518494c205109cfbb13254a36219ba31bb2a44ce9:Database.Persist.Types.Base.EntityDef
             (EntityNameHS (Data.Text.unpackCStringLen# "Person"# 6))
             (EntityNameDB (Data.Text.unpackCStringLen# "Person"# 6))
             (EntityIdField
                (FieldDef
                   (FieldNameHS (Data.Text.unpackCStringLen# "Id"# 2))
                   (FieldNameDB (Data.Text.unpackCStringLen# "id"# 2))
                   (FTTypeCon Nothing (Data.Text.unpackCStringLen# "PersonId"# 8))
                   SqlInt64 [] True NoReference (FieldCascade Nothing Nothing) Nothing
                   Nothing True))
             [Data.Text.unpackCStringLen# "json"# 4] []
             [UniqueDef
                (ConstraintNameHS
                   (Data.Text.unpackCStringLen# "PersonNameKey"# 13))
                (ConstraintNameDB
                   (Data.Text.unpackCStringLen# "PersonNameKey"# 13))
                ((FieldNameHS (Data.Text.unpackCStringLen# "name"# 4), 
                  FieldNameDB (Data.Text.unpackCStringLen# "name"# 4))
                   NEL.:| [])
                []]
             []
             [Data.Text.unpackCStringLen# "Show"# 4,
              Data.Text.unpackCStringLen# "Eq"# 2]
             containers-0.6.7:Data.Map.Internal.Tip False Nothing)
          [Database.Persist.Quasi.Internal.UnboundFieldDef
             (FieldNameHS (Data.Text.unpackCStringLen# "name"# 4))
             (FieldNameDB (Data.Text.unpackCStringLen# "name"# 4)) [] True
             (FTTypeCon Nothing (Data.Text.unpackCStringLen# "Text"# 4))
             (FieldCascade Nothing Nothing) Nothing Nothing,
           Database.Persist.Quasi.Internal.UnboundFieldDef
             (FieldNameHS (Data.Text.unpackCStringLen# "age"# 3))
             (FieldNameDB (Data.Text.unpackCStringLen# "age"# 3))
             [FieldAttrOther
                (Data.Text.unpackCStringLen# "some ignored -- \" attribute"# 27)]
             True (FTTypeCon Nothing (Data.Text.unpackCStringLen# "Int"# 3))
             (FieldCascade Nothing Nothing) Nothing Nothing,
           Database.Persist.Quasi.Internal.UnboundFieldDef
             (FieldNameHS (Data.Text.unpackCStringLen# "color"# 5))
             (FieldNameDB (Data.Text.unpackCStringLen# "color"# 5))
             [FieldAttrMaybe] True
             (FTTypeCon Nothing (Data.Text.unpackCStringLen# "Text"# 4))
             (FieldCascade Nothing Nothing) Nothing Nothing],
        Database.Persist.Quasi.Internal.UnboundEntityDef
          []
          (Database.Persist.Quasi.Internal.DefaultKey
             (FieldNameDB (Data.Text.unpackCStringLen# "id"# 2)))
          (persistent-2.14.6.1-c47d9d2aa2ef2e1c4644245518494c205109cfbb13254a36219ba31bb2a44ce9:Database.Persist.Types.Base.EntityDef
             (EntityNameHS (Data.Text.unpackCStringLen# "Person1"# 7))
             (EntityNameDB (Data.Text.unpackCStringLen# "Person1"# 7))
             (EntityIdField
                (FieldDef
                   (FieldNameHS (Data.Text.unpackCStringLen# "Id"# 2))
                   (FieldNameDB (Data.Text.unpackCStringLen# "id"# 2))
                   (FTTypeCon Nothing (Data.Text.unpackCStringLen# "Person1Id"# 9))
                   SqlInt64 [] True NoReference (FieldCascade Nothing Nothing) Nothing
                   Nothing True))
             [] [] [] []
             [Data.Text.unpackCStringLen# "Show"# 4,
              Data.Text.unpackCStringLen# "Eq"# 2]
             containers-0.6.7:Data.Map.Internal.Tip False Nothing)
          [Database.Persist.Quasi.Internal.UnboundFieldDef
             (FieldNameHS (Data.Text.unpackCStringLen# "name"# 4))
             (FieldNameDB (Data.Text.unpackCStringLen# "name"# 4)) [] True
             (FTTypeCon Nothing (Data.Text.unpackCStringLen# "Text"# 4))
             (FieldCascade Nothing Nothing) Nothing Nothing,
           Database.Persist.Quasi.Internal.UnboundFieldDef
             (FieldNameHS (Data.Text.unpackCStringLen# "age"# 3))
             (FieldNameDB (Data.Text.unpackCStringLen# "age"# 3)) [] True
             (FTTypeCon Nothing (Data.Text.unpackCStringLen# "Int"# 3))
             (FieldCascade Nothing Nothing) Nothing Nothing],
        Database.Persist.Quasi.Internal.UnboundEntityDef
          []
          (Database.Persist.Quasi.Internal.DefaultKey
             (FieldNameDB (Data.Text.unpackCStringLen# "id"# 2)))
          (persistent-2.14.6.1-c47d9d2aa2ef2e1c4644245518494c205109cfbb13254a36219ba31bb2a44ce9:Database.Persist.Types.Base.EntityDef
             (EntityNameHS (Data.Text.unpackCStringLen# "PersonMaybeAge"# 14))
             (EntityNameDB (Data.Text.unpackCStringLen# "PersonMaybeAge"# 14))
             (EntityIdField
                (FieldDef
                   (FieldNameHS (Data.Text.unpackCStringLen# "Id"# 2))
                   (FieldNameDB (Data.Text.unpackCStringLen# "id"# 2))
                   (FTTypeCon
                      Nothing (Data.Text.unpackCStringLen# "PersonMaybeAgeId"# 16))
                   SqlInt64 [] True NoReference (FieldCascade Nothing Nothing) Nothing
                   Nothing True))
             [] [] [] [] [] containers-0.6.7:Data.Map.Internal.Tip False
             Nothing)
          [Database.Persist.Quasi.Internal.UnboundFieldDef
             (FieldNameHS (Data.Text.unpackCStringLen# "name"# 4))
             (FieldNameDB (Data.Text.unpackCStringLen# "name"# 4)) [] True
             (FTTypeCon Nothing (Data.Text.unpackCStringLen# "Text"# 4))
             (FieldCascade Nothing Nothing) Nothing Nothing,
           Database.Persist.Quasi.Internal.UnboundFieldDef
             (FieldNameHS (Data.Text.unpackCStringLen# "age"# 3))
             (FieldNameDB (Data.Text.unpackCStringLen# "age"# 3))
             [FieldAttrMaybe] True
             (FTTypeCon Nothing (Data.Text.unpackCStringLen# "Int"# 3))
             (FieldCascade Nothing Nothing) Nothing Nothing],
        Database.Persist.Quasi.Internal.UnboundEntityDef
          []
          (Database.Persist.Quasi.Internal.DefaultKey
             (FieldNameDB (Data.Text.unpackCStringLen# "id"# 2)))
          (persistent-2.14.6.1-c47d9d2aa2ef2e1c4644245518494c205109cfbb13254a36219ba31bb2a44ce9:Database.Persist.Types.Base.EntityDef
             (EntityNameHS (Data.Text.unpackCStringLen# "PersonMay"# 9))
             (EntityNameDB (Data.Text.unpackCStringLen# "PersonMay"# 9))
             (EntityIdField
                (FieldDef
                   (FieldNameHS (Data.Text.unpackCStringLen# "Id"# 2))
                   (FieldNameDB (Data.Text.unpackCStringLen# "id"# 2))
                   (FTTypeCon Nothing (Data.Text.unpackCStringLen# "PersonMayId"# 11))
                   SqlInt64 [] True NoReference (FieldCascade Nothing Nothing) Nothing
                   Nothing True))
             [Data.Text.unpackCStringLen# "json"# 4] [] [] []
             [Data.Text.unpackCStringLen# "Show"# 4,
              Data.Text.unpackCStringLen# "Eq"# 2]
             containers-0.6.7:Data.Map.Internal.Tip False Nothing)
          [Database.Persist.Quasi.Internal.UnboundFieldDef
             (FieldNameHS (Data.Text.unpackCStringLen# "name"# 4))
             (FieldNameDB (Data.Text.unpackCStringLen# "name"# 4))
             [FieldAttrMaybe] True
             (FTTypeCon Nothing (Data.Text.unpackCStringLen# "Text"# 4))
             (FieldCascade Nothing Nothing) Nothing Nothing,
           Database.Persist.Quasi.Internal.UnboundFieldDef
             (FieldNameHS (Data.Text.unpackCStringLen# "color"# 5))
             (FieldNameDB (Data.Text.unpackCStringLen# "color"# 5))
             [FieldAttrMaybe] True
             (FTTypeCon Nothing (Data.Text.unpackCStringLen# "Text"# 4))
             (FieldCascade Nothing Nothing) Nothing Nothing],
        Database.Persist.Quasi.Internal.UnboundEntityDef
          []
          (Database.Persist.Quasi.Internal.DefaultKey
             (FieldNameDB (Data.Text.unpackCStringLen# "id"# 2)))
          (persistent-2.14.6.1-c47d9d2aa2ef2e1c4644245518494c205109cfbb13254a36219ba31bb2a44ce9:Database.Persist.Types.Base.EntityDef
             (EntityNameHS (Data.Text.unpackCStringLen# "Pet"# 3))
             (EntityNameDB (Data.Text.unpackCStringLen# "Pet"# 3))
             (EntityIdField
                (FieldDef
                   (FieldNameHS (Data.Text.unpackCStringLen# "Id"# 2))
                   (FieldNameDB (Data.Text.unpackCStringLen# "id"# 2))
                   (FTTypeCon Nothing (Data.Text.unpackCStringLen# "PetId"# 5))
                   SqlInt64 [] True NoReference (FieldCascade Nothing Nothing) Nothing
                   Nothing True))
             [] [] [] [] [] containers-0.6.7:Data.Map.Internal.Tip False
             Nothing)
          [Database.Persist.Quasi.Internal.UnboundFieldDef
             (FieldNameHS (Data.Text.unpackCStringLen# "ownerId"# 7))
             (FieldNameDB (Data.Text.unpackCStringLen# "ownerId"# 7)) [] True
             (FTTypeCon Nothing (Data.Text.unpackCStringLen# "PersonId"# 8))
             (FieldCascade Nothing Nothing) Nothing Nothing,
           Database.Persist.Quasi.Internal.UnboundFieldDef
             (FieldNameHS (Data.Text.unpackCStringLen# "name"# 4))
             (FieldNameDB (Data.Text.unpackCStringLen# "name"# 4)) [] True
             (FTTypeCon Nothing (Data.Text.unpackCStringLen# "Text"# 4))
             (FieldCascade Nothing Nothing) Nothing Nothing,
           Database.Persist.Quasi.Internal.UnboundFieldDef
             (FieldNameHS (Data.Text.unpackCStringLen# "type"# 4))
             (FieldNameDB (Data.Text.unpackCStringLen# "type"# 4)) [] True
             (FTTypeCon Nothing (Data.Text.unpackCStringLen# "PetType"# 7))
             (FieldCascade Nothing Nothing) Nothing Nothing],
        Database.Persist.Quasi.Internal.UnboundEntityDef
          []
          (Database.Persist.Quasi.Internal.DefaultKey
             (FieldNameDB (Data.Text.unpackCStringLen# "id"# 2)))
          (persistent-2.14.6.1-c47d9d2aa2ef2e1c4644245518494c205109cfbb13254a36219ba31bb2a44ce9:Database.Persist.Types.Base.EntityDef
             (EntityNameHS (Data.Text.unpackCStringLen# "MaybeOwnedPet"# 13))
             (EntityNameDB (Data.Text.unpackCStringLen# "MaybeOwnedPet"# 13))
             (EntityIdField
                (FieldDef
                   (FieldNameHS (Data.Text.unpackCStringLen# "Id"# 2))
                   (FieldNameDB (Data.Text.unpackCStringLen# "id"# 2))
                   (FTTypeCon
                      Nothing (Data.Text.unpackCStringLen# "MaybeOwnedPetId"# 15))
                   SqlInt64 [] True NoReference (FieldCascade Nothing Nothing) Nothing
                   Nothing True))
             [] [] [] [] [] containers-0.6.7:Data.Map.Internal.Tip False
             Nothing)
          [Database.Persist.Quasi.Internal.UnboundFieldDef
             (FieldNameHS (Data.Text.unpackCStringLen# "ownerId"# 7))
             (FieldNameDB (Data.Text.unpackCStringLen# "ownerId"# 7))
             [FieldAttrMaybe] True
             (FTTypeCon Nothing (Data.Text.unpackCStringLen# "PersonId"# 8))
             (FieldCascade Nothing Nothing) Nothing Nothing,
           Database.Persist.Quasi.Internal.UnboundFieldDef
             (FieldNameHS (Data.Text.unpackCStringLen# "name"# 4))
             (FieldNameDB (Data.Text.unpackCStringLen# "name"# 4)) [] True
             (FTTypeCon Nothing (Data.Text.unpackCStringLen# "Text"# 4))
             (FieldCascade Nothing Nothing) Nothing Nothing,
           Database.Persist.Quasi.Internal.UnboundFieldDef
             (FieldNameHS (Data.Text.unpackCStringLen# "type"# 4))
             (FieldNameDB (Data.Text.unpackCStringLen# "type"# 4)) [] True
             (FTTypeCon Nothing (Data.Text.unpackCStringLen# "PetType"# 7))
             (FieldCascade Nothing Nothing) Nothing Nothing],
        Database.Persist.Quasi.Internal.UnboundEntityDef
          []
          (Database.Persist.Quasi.Internal.DefaultKey
             (FieldNameDB (Data.Text.unpackCStringLen# "id"# 2)))
          (persistent-2.14.6.1-c47d9d2aa2ef2e1c4644245518494c205109cfbb13254a36219ba31bb2a44ce9:Database.Persist.Types.Base.EntityDef
             (EntityNameHS (Data.Text.unpackCStringLen# "NeedsPet"# 8))
             (EntityNameDB (Data.Text.unpackCStringLen# "NeedsPet"# 8))
             (EntityIdField
                (FieldDef
                   (FieldNameHS (Data.Text.unpackCStringLen# "Id"# 2))
                   (FieldNameDB (Data.Text.unpackCStringLen# "id"# 2))
                   (FTTypeCon Nothing (Data.Text.unpackCStringLen# "NeedsPetId"# 10))
                   SqlInt64 [] True NoReference (FieldCascade Nothing Nothing) Nothing
                   Nothing True))
             [] [] [] [] [] containers-0.6.7:Data.Map.Internal.Tip False
             Nothing)
          [Database.Persist.Quasi.Internal.UnboundFieldDef
             (FieldNameHS (Data.Text.unpackCStringLen# "petKey"# 6))
             (FieldNameDB (Data.Text.unpackCStringLen# "petKey"# 6)) [] True
             (FTTypeCon Nothing (Data.Text.unpackCStringLen# "PetId"# 5))
             (FieldCascade Nothing Nothing) Nothing Nothing],
        Database.Persist.Quasi.Internal.UnboundEntityDef
          []
          (Database.Persist.Quasi.Internal.DefaultKey
             (FieldNameDB (Data.Text.unpackCStringLen# "id"# 2)))
          (persistent-2.14.6.1-c47d9d2aa2ef2e1c4644245518494c205109cfbb13254a36219ba31bb2a44ce9:Database.Persist.Types.Base.EntityDef
             (EntityNameHS (Data.Text.unpackCStringLen# "OutdoorPet"# 10))
             (EntityNameDB (Data.Text.unpackCStringLen# "OutdoorPet"# 10))
             (EntityIdField
                (FieldDef
                   (FieldNameHS (Data.Text.unpackCStringLen# "Id"# 2))
                   (FieldNameDB (Data.Text.unpackCStringLen# "id"# 2))
                   (FTTypeCon
                      Nothing (Data.Text.unpackCStringLen# "OutdoorPetId"# 12))
                   SqlInt64 [] True NoReference (FieldCascade Nothing Nothing) Nothing
                   Nothing True))
             [] [] [] [] [] containers-0.6.7:Data.Map.Internal.Tip False
             Nothing)
          [Database.Persist.Quasi.Internal.UnboundFieldDef
             (FieldNameHS (Data.Text.unpackCStringLen# "ownerId"# 7))
             (FieldNameDB (Data.Text.unpackCStringLen# "ownerId"# 7)) [] True
             (FTTypeCon Nothing (Data.Text.unpackCStringLen# "PersonId"# 8))
             (FieldCascade Nothing Nothing) Nothing Nothing,
           Database.Persist.Quasi.Internal.UnboundFieldDef
             (FieldNameHS (Data.Text.unpackCStringLen# "collar"# 6))
             (FieldNameDB (Data.Text.unpackCStringLen# "collar"# 6)) [] True
             (FTTypeCon Nothing (Data.Text.unpackCStringLen# "PetCollar"# 9))
             (FieldCascade Nothing Nothing) Nothing Nothing,
           Database.Persist.Quasi.Internal.UnboundFieldDef
             (FieldNameHS (Data.Text.unpackCStringLen# "type"# 4))
             (FieldNameDB (Data.Text.unpackCStringLen# "type"# 4)) [] True
             (FTTypeCon Nothing (Data.Text.unpackCStringLen# "PetType"# 7))
             (FieldCascade Nothing Nothing) Nothing Nothing],
        Database.Persist.Quasi.Internal.UnboundEntityDef
          []
          (Database.Persist.Quasi.Internal.DefaultKey
             (FieldNameDB (Data.Text.unpackCStringLen# "id"# 2)))
          (persistent-2.14.6.1-c47d9d2aa2ef2e1c4644245518494c205109cfbb13254a36219ba31bb2a44ce9:Database.Persist.Types.Base.EntityDef
             (EntityNameHS (Data.Text.unpackCStringLen# "UserPT"# 6))
             (EntityNameDB (Data.Text.unpackCStringLen# "UserPT"# 6))
             (EntityIdField
                (FieldDef
                   (FieldNameHS (Data.Text.unpackCStringLen# "Id"# 2))
                   (FieldNameDB (Data.Text.unpackCStringLen# "id"# 2))
                   (FTTypeCon Nothing (Data.Text.unpackCStringLen# "UserPTId"# 8))
                   SqlInt64 [] True NoReference (FieldCascade Nothing Nothing) Nothing
                   Nothing True))
             [] []
             [UniqueDef
                (ConstraintNameHS (Data.Text.unpackCStringLen# "UniqueUserPT"# 12))
                (ConstraintNameDB (Data.Text.unpackCStringLen# "UniqueUserPT"# 12))
                ((FieldNameHS (Data.Text.unpackCStringLen# "ident"# 5), 
                  FieldNameDB (Data.Text.unpackCStringLen# "ident"# 5))
                   NEL.:| [])
                []]
             [] [] containers-0.6.7:Data.Map.Internal.Tip False Nothing)
          [Database.Persist.Quasi.Internal.UnboundFieldDef
             (FieldNameHS (Data.Text.unpackCStringLen# "ident"# 5))
             (FieldNameDB (Data.Text.unpackCStringLen# "ident"# 5)) [] True
             (FTTypeCon Nothing (Data.Text.unpackCStringLen# "Text"# 4))
             (FieldCascade Nothing Nothing) Nothing Nothing,
           Database.Persist.Quasi.Internal.UnboundFieldDef
             (FieldNameHS (Data.Text.unpackCStringLen# "password"# 8))
             (FieldNameDB (Data.Text.unpackCStringLen# "password"# 8))
             [FieldAttrMaybe] True
             (FTTypeCon Nothing (Data.Text.unpackCStringLen# "Text"# 4))
             (FieldCascade Nothing Nothing) Nothing Nothing],
        Database.Persist.Quasi.Internal.UnboundEntityDef
          []
          (Database.Persist.Quasi.Internal.DefaultKey
             (FieldNameDB (Data.Text.unpackCStringLen# "id"# 2)))
          (persistent-2.14.6.1-c47d9d2aa2ef2e1c4644245518494c205109cfbb13254a36219ba31bb2a44ce9:Database.Persist.Types.Base.EntityDef
             (EntityNameHS (Data.Text.unpackCStringLen# "EmailPT"# 7))
             (EntityNameDB (Data.Text.unpackCStringLen# "EmailPT"# 7))
             (EntityIdField
                (FieldDef
                   (FieldNameHS (Data.Text.unpackCStringLen# "Id"# 2))
                   (FieldNameDB (Data.Text.unpackCStringLen# "id"# 2))
                   (FTTypeCon Nothing (Data.Text.unpackCStringLen# "EmailPTId"# 9))
                   SqlInt64 [] True NoReference (FieldCascade Nothing Nothing) Nothing
                   Nothing True))
             [] []
             [UniqueDef
                (ConstraintNameHS
                   (Data.Text.unpackCStringLen# "UniqueEmailPT"# 13))
                (ConstraintNameDB
                   (Data.Text.unpackCStringLen# "UniqueEmailPT"# 13))
                ((FieldNameHS (Data.Text.unpackCStringLen# "email"# 5), 
                  FieldNameDB (Data.Text.unpackCStringLen# "email"# 5))
                   NEL.:| [])
                []]
             [] [] containers-0.6.7:Data.Map.Internal.Tip False Nothing)
          [Database.Persist.Quasi.Internal.UnboundFieldDef
             (FieldNameHS (Data.Text.unpackCStringLen# "email"# 5))
             (FieldNameDB (Data.Text.unpackCStringLen# "email"# 5)) [] True
             (FTTypeCon Nothing (Data.Text.unpackCStringLen# "Text"# 4))
             (FieldCascade Nothing Nothing) Nothing Nothing,
           Database.Persist.Quasi.Internal.UnboundFieldDef
             (FieldNameHS (Data.Text.unpackCStringLen# "user"# 4))
             (FieldNameDB (Data.Text.unpackCStringLen# "user"# 4))
             [FieldAttrMaybe] True
             (FTTypeCon Nothing (Data.Text.unpackCStringLen# "UserPTId"# 8))
             (FieldCascade Nothing Nothing) Nothing Nothing,
           Database.Persist.Quasi.Internal.UnboundFieldDef
             (FieldNameHS (Data.Text.unpackCStringLen# "verkey"# 6))
             (FieldNameDB (Data.Text.unpackCStringLen# "verkey"# 6))
             [FieldAttrMaybe] True
             (FTTypeCon Nothing (Data.Text.unpackCStringLen# "Text"# 4))
             (FieldCascade Nothing Nothing) Nothing Nothing],
        Database.Persist.Quasi.Internal.UnboundEntityDef
          []
          (Database.Persist.Quasi.Internal.DefaultKey
             (FieldNameDB (Data.Text.unpackCStringLen# "id"# 2)))
          (persistent-2.14.6.1-c47d9d2aa2ef2e1c4644245518494c205109cfbb13254a36219ba31bb2a44ce9:Database.Persist.Types.Base.EntityDef
             (EntityNameHS (Data.Text.unpackCStringLen# "Upsert"# 6))
             (EntityNameDB (Data.Text.unpackCStringLen# "Upsert"# 6))
             (EntityIdField
                (FieldDef
                   (FieldNameHS (Data.Text.unpackCStringLen# "Id"# 2))
                   (FieldNameDB (Data.Text.unpackCStringLen# "id"# 2))
                   (FTTypeCon Nothing (Data.Text.unpackCStringLen# "UpsertId"# 8))
                   SqlInt64 [] True NoReference (FieldCascade Nothing Nothing) Nothing
                   Nothing True))
             [] []
             [UniqueDef
                (ConstraintNameHS (Data.Text.unpackCStringLen# "UniqueUpsert"# 12))
                (ConstraintNameDB (Data.Text.unpackCStringLen# "UniqueUpsert"# 12))
                ((FieldNameHS (Data.Text.unpackCStringLen# "email"# 5), 
                  FieldNameDB (Data.Text.unpackCStringLen# "email"# 5))
                   NEL.:| [])
                []]
             []
             [Data.Text.unpackCStringLen# "Eq"# 2,
              Data.Text.unpackCStringLen# "Show"# 4]
             containers-0.6.7:Data.Map.Internal.Tip False Nothing)
          [Database.Persist.Quasi.Internal.UnboundFieldDef
             (FieldNameHS (Data.Text.unpackCStringLen# "email"# 5))
             (FieldNameDB (Data.Text.unpackCStringLen# "email"# 5)) [] True
             (FTTypeCon Nothing (Data.Text.unpackCStringLen# "Text"# 4))
             (FieldCascade Nothing Nothing) Nothing Nothing,
           Database.Persist.Quasi.Internal.UnboundFieldDef
             (FieldNameHS (Data.Text.unpackCStringLen# "attr"# 4))
             (FieldNameDB (Data.Text.unpackCStringLen# "attr"# 4)) [] True
             (FTTypeCon Nothing (Data.Text.unpackCStringLen# "Text"# 4))
             (FieldCascade Nothing Nothing) Nothing Nothing,
           Database.Persist.Quasi.Internal.UnboundFieldDef
             (FieldNameHS (Data.Text.unpackCStringLen# "extra"# 5))
             (FieldNameDB (Data.Text.unpackCStringLen# "extra"# 5)) [] True
             (FTTypeCon Nothing (Data.Text.unpackCStringLen# "Text"# 4))
             (FieldCascade Nothing Nothing) Nothing Nothing,
           Database.Persist.Quasi.Internal.UnboundFieldDef
             (FieldNameHS (Data.Text.unpackCStringLen# "age"# 3))
             (FieldNameDB (Data.Text.unpackCStringLen# "age"# 3)) [] True
             (FTTypeCon Nothing (Data.Text.unpackCStringLen# "Int"# 3))
             (FieldCascade Nothing Nothing) Nothing Nothing],
        Database.Persist.Quasi.Internal.UnboundEntityDef
          []
          (Database.Persist.Quasi.Internal.DefaultKey
             (FieldNameDB (Data.Text.unpackCStringLen# "id"# 2)))
          (persistent-2.14.6.1-c47d9d2aa2ef2e1c4644245518494c205109cfbb13254a36219ba31bb2a44ce9:Database.Persist.Types.Base.EntityDef
             (EntityNameHS (Data.Text.unpackCStringLen# "UpsertBy"# 8))
             (EntityNameDB (Data.Text.unpackCStringLen# "UpsertBy"# 8))
             (EntityIdField
                (FieldDef
                   (FieldNameHS (Data.Text.unpackCStringLen# "Id"# 2))
                   (FieldNameDB (Data.Text.unpackCStringLen# "id"# 2))
                   (FTTypeCon Nothing (Data.Text.unpackCStringLen# "UpsertById"# 10))
                   SqlInt64 [] True NoReference (FieldCascade Nothing Nothing) Nothing
                   Nothing True))
             [] []
             [UniqueDef
                (ConstraintNameHS
                   (Data.Text.unpackCStringLen# "UniqueUpsertBy"# 14))
                (ConstraintNameDB
                   (Data.Text.unpackCStringLen# "UniqueUpsertBy"# 14))
                ((FieldNameHS (Data.Text.unpackCStringLen# "email"# 5), 
                  FieldNameDB (Data.Text.unpackCStringLen# "email"# 5))
                   NEL.:| [])
                [],
              UniqueDef
                (ConstraintNameHS
                   (Data.Text.unpackCStringLen# "UniqueUpsertByCity"# 18))
                (ConstraintNameDB
                   (Data.Text.unpackCStringLen# "UniqueUpsertByCity"# 18))
                ((FieldNameHS (Data.Text.unpackCStringLen# "city"# 4), 
                  FieldNameDB (Data.Text.unpackCStringLen# "city"# 4))
                   NEL.:| [])
                []]
             []
             [Data.Text.unpackCStringLen# "Eq"# 2,
              Data.Text.unpackCStringLen# "Show"# 4]
             containers-0.6.7:Data.Map.Internal.Tip False Nothing)
          [Database.Persist.Quasi.Internal.UnboundFieldDef
             (FieldNameHS (Data.Text.unpackCStringLen# "email"# 5))
             (FieldNameDB (Data.Text.unpackCStringLen# "email"# 5)) [] True
             (FTTypeCon Nothing (Data.Text.unpackCStringLen# "Text"# 4))
             (FieldCascade Nothing Nothing) Nothing Nothing,
           Database.Persist.Quasi.Internal.UnboundFieldDef
             (FieldNameHS (Data.Text.unpackCStringLen# "city"# 4))
             (FieldNameDB (Data.Text.unpackCStringLen# "city"# 4)) [] True
             (FTTypeCon Nothing (Data.Text.unpackCStringLen# "Text"# 4))
             (FieldCascade Nothing Nothing) Nothing Nothing,
           Database.Persist.Quasi.Internal.UnboundFieldDef
             (FieldNameHS (Data.Text.unpackCStringLen# "attr"# 4))
             (FieldNameDB (Data.Text.unpackCStringLen# "attr"# 4)) [] True
             (FTTypeCon Nothing (Data.Text.unpackCStringLen# "Text"# 4))
             (FieldCascade Nothing Nothing) Nothing Nothing],
        Database.Persist.Quasi.Internal.UnboundEntityDef
          []
          (Database.Persist.Quasi.Internal.DefaultKey
             (FieldNameDB (Data.Text.unpackCStringLen# "id"# 2)))
          (persistent-2.14.6.1-c47d9d2aa2ef2e1c4644245518494c205109cfbb13254a36219ba31bb2a44ce9:Database.Persist.Types.Base.EntityDef
             (EntityNameHS (Data.Text.unpackCStringLen# "Strict"# 6))
             (EntityNameDB (Data.Text.unpackCStringLen# "Strict"# 6))
             (EntityIdField
                (FieldDef
                   (FieldNameHS (Data.Text.unpackCStringLen# "Id"# 2))
                   (FieldNameDB (Data.Text.unpackCStringLen# "id"# 2))
                   (FTTypeCon Nothing (Data.Text.unpackCStringLen# "StrictId"# 8))
                   SqlInt64 [] True NoReference (FieldCascade Nothing Nothing) Nothing
                   Nothing True))
             [] [] [] [] [] containers-0.6.7:Data.Map.Internal.Tip False
             Nothing)
          [Database.Persist.Quasi.Internal.UnboundFieldDef
             (FieldNameHS (Data.Text.unpackCStringLen# "yes"# 3))
             (FieldNameDB (Data.Text.unpackCStringLen# "yes"# 3)) [] True
             (FTTypeCon Nothing (Data.Text.unpackCStringLen# "Int"# 3))
             (FieldCascade Nothing Nothing) Nothing Nothing,
           Database.Persist.Quasi.Internal.UnboundFieldDef
             (FieldNameHS (Data.Text.unpackCStringLen# "no"# 2))
             (FieldNameDB (Data.Text.unpackCStringLen# "no"# 2)) [] False
             (FTTypeCon Nothing (Data.Text.unpackCStringLen# "Int"# 3))
             (FieldCascade Nothing Nothing) Nothing Nothing,
           Database.Persist.Quasi.Internal.UnboundFieldDef
             (FieldNameHS (Data.Text.unpackCStringLen# "def"# 3))
             (FieldNameDB (Data.Text.unpackCStringLen# "def"# 3)) [] True
             (FTTypeCon Nothing (Data.Text.unpackCStringLen# "Int"# 3))
             (FieldCascade Nothing Nothing) Nothing Nothing]])
  ======>
    instance PersistStore backend =>
             PersistField (PersonGeneric backend) where
      toPersistValue = Database.Persist.TH.entityToPersistValueHelper
      fromPersistValue
        = Database.Persist.TH.entityFromPersistValueHelper
            ["name", "age", "color"]
    instance PersistStore backend =>
             PersistFieldSql (PersonGeneric backend) where
      sqlType _ = SqlString
    instance PersistStore backend =>
             PersistField (Person1Generic backend) where
      toPersistValue = Database.Persist.TH.entityToPersistValueHelper
      fromPersistValue
        = Database.Persist.TH.entityFromPersistValueHelper ["name", "age"]
    instance PersistStore backend =>
             PersistFieldSql (Person1Generic backend) where
      sqlType _ = SqlString
    instance PersistStore backend =>
             PersistField (PersonMaybeAgeGeneric backend) where
      toPersistValue = Database.Persist.TH.entityToPersistValueHelper
      fromPersistValue
        = Database.Persist.TH.entityFromPersistValueHelper ["name", "age"]
    instance PersistStore backend =>
             PersistFieldSql (PersonMaybeAgeGeneric backend) where
      sqlType _ = SqlString
    instance PersistStore backend =>
             PersistField (PersonMayGeneric backend) where
      toPersistValue = Database.Persist.TH.entityToPersistValueHelper
      fromPersistValue
        = Database.Persist.TH.entityFromPersistValueHelper
            ["name", "color"]
    instance PersistStore backend =>
             PersistFieldSql (PersonMayGeneric backend) where
      sqlType _ = SqlString
    instance PersistStore backend =>
             PersistField (PetGeneric backend) where
      toPersistValue = Database.Persist.TH.entityToPersistValueHelper
      fromPersistValue
        = Database.Persist.TH.entityFromPersistValueHelper
            ["ownerId", "name", "type"]
    instance PersistStore backend =>
             PersistFieldSql (PetGeneric backend) where
      sqlType _ = SqlString
    instance PersistStore backend =>
             PersistField (MaybeOwnedPetGeneric backend) where
      toPersistValue = Database.Persist.TH.entityToPersistValueHelper
      fromPersistValue
        = Database.Persist.TH.entityFromPersistValueHelper
            ["ownerId", "name", "type"]
    instance PersistStore backend =>
             PersistFieldSql (MaybeOwnedPetGeneric backend) where
      sqlType _ = SqlString
    instance PersistStore backend =>
             PersistField (NeedsPetGeneric backend) where
      toPersistValue = Database.Persist.TH.entityToPersistValueHelper
      fromPersistValue
        = Database.Persist.TH.entityFromPersistValueHelper ["petKey"]
    instance PersistStore backend =>
             PersistFieldSql (NeedsPetGeneric backend) where
      sqlType _ = SqlString
    instance PersistStore backend =>
             PersistField (OutdoorPetGeneric backend) where
      toPersistValue = Database.Persist.TH.entityToPersistValueHelper
      fromPersistValue
        = Database.Persist.TH.entityFromPersistValueHelper
            ["ownerId", "collar", "type"]
    instance PersistStore backend =>
             PersistFieldSql (OutdoorPetGeneric backend) where
      sqlType _ = SqlString
    instance PersistStore backend =>
             PersistField (UserPTGeneric backend) where
      toPersistValue = Database.Persist.TH.entityToPersistValueHelper
      fromPersistValue
        = Database.Persist.TH.entityFromPersistValueHelper
            ["ident", "password"]
    instance PersistStore backend =>
             PersistFieldSql (UserPTGeneric backend) where
      sqlType _ = SqlString
    instance PersistStore backend =>
             PersistField (EmailPTGeneric backend) where
      toPersistValue = Database.Persist.TH.entityToPersistValueHelper
      fromPersistValue
        = Database.Persist.TH.entityFromPersistValueHelper
            ["email", "user", "verkey"]
    instance PersistStore backend =>
             PersistFieldSql (EmailPTGeneric backend) where
      sqlType _ = SqlString
    instance PersistStore backend =>
             PersistField (UpsertGeneric backend) where
      toPersistValue = Database.Persist.TH.entityToPersistValueHelper
      fromPersistValue
        = Database.Persist.TH.entityFromPersistValueHelper
            ["email", "attr", "extra", "age"]
    instance PersistStore backend =>
             PersistFieldSql (UpsertGeneric backend) where
      sqlType _ = SqlString
    instance PersistStore backend =>
             PersistField (UpsertByGeneric backend) where
      toPersistValue = Database.Persist.TH.entityToPersistValueHelper
      fromPersistValue
        = Database.Persist.TH.entityFromPersistValueHelper
            ["email", "city", "attr"]
    instance PersistStore backend =>
             PersistFieldSql (UpsertByGeneric backend) where
      sqlType _ = SqlString
    instance PersistStore backend =>
             PersistField (StrictGeneric backend) where
      toPersistValue = Database.Persist.TH.entityToPersistValueHelper
      fromPersistValue
        = Database.Persist.TH.entityFromPersistValueHelper
            ["yes", "no", "def"]
    instance PersistStore backend =>
             PersistFieldSql (StrictGeneric backend) where
      sqlType _ = SqlString
    type Person = PersonGeneric SqlBackend
    data PersonGeneric backend
      = Person {personName :: !Text,
                personAge :: !Int,
                personColor :: !(Maybe Text)}
      deriving stock (Show, Eq)
    type PersonId = Key Person
    instance PersistStore backend =>
             PersistEntity (PersonGeneric backend) where
      type PersistEntityBackend (PersonGeneric backend) = backend
      data Unique (PersonGeneric backend) = PersonNameKey Text
      newtype Key (PersonGeneric backend)
        = PersonKey {unPersonKey :: (BackendKey backend)}
      data EntityField (PersonGeneric backend) typ
        = (typ ~ Key (PersonGeneric backend)) => PersonId |
          (typ ~ Text) => PersonName |
          (typ ~ Int) => PersonAge |
          (typ ~ Maybe Text) => PersonColor
      keyToValues
        = ((: [])
             . (toPersistValue . (\ PersonKey {unPersonKey = x} -> x)))
      keyFromValues
        = (fmap PersonKey
             . (fromPersistValue . Database.Persist.TH.headNote))
      keyFromRecordM = Nothing
      tabulateEntityA fromField_ahoP
        = ((Entity <$> fromField_ahoP PersonId)
             <*>
               (((pure Person <*> fromField_ahoP PersonName)
                   <*> fromField_ahoP PersonAge)
                  <*> fromField_ahoP PersonColor))
      entityDef _
        = persistent-2.14.6.1-c47d9d2aa2ef2e1c4644245518494c205109cfbb13254a36219ba31bb2a44ce9:Database.Persist.Types.Base.EntityDef
            (EntityNameHS (Data.Text.unpackCStringLen# "Person"# 6))
            (EntityNameDB (Data.Text.unpackCStringLen# "Person"# 6))
            (EntityIdField
               (FieldDef
                  (FieldNameHS (Data.Text.unpackCStringLen# "Id"# 2))
                  (FieldNameDB (Data.Text.unpackCStringLen# "id"# 2))
                  (FTTypeCon Nothing (Data.Text.unpackCStringLen# "PersonId"# 8))
                  SqlInt64 [] True NoReference (FieldCascade Nothing Nothing) Nothing
                  Nothing True))
            [Data.Text.unpackCStringLen# "json"# 4] []
            [UniqueDef
               (ConstraintNameHS
                  (Data.Text.unpackCStringLen# "PersonNameKey"# 13))
               (ConstraintNameDB
                  (Data.Text.unpackCStringLen# "PersonNameKey"# 13))
               ((FieldNameHS (Data.Text.unpackCStringLen# "name"# 4), 
                 FieldNameDB (Data.Text.unpackCStringLen# "name"# 4))
                  NEL.:| [])
               []]
            []
            [Data.Text.unpackCStringLen# "Show"# 4,
             Data.Text.unpackCStringLen# "Eq"# 2]
            containers-0.6.7:Data.Map.Internal.Tip False Nothing
            {persistent-2.14.6.1-c47d9d2aa2ef2e1c4644245518494c205109cfbb13254a36219ba31bb2a44ce9:Database.Persist.Types.Base.entityFields = [FieldDef
                                                                                                                                                {fieldHaskell = FieldNameHS
                                                                                                                                                                  (Data.Text.unpackCStringLen#
                                                                                                                                                                     "name"#
                                                                                                                                                                     4),
                                                                                                                                                 fieldDB = FieldNameDB
                                                                                                                                                             (Data.Text.unpackCStringLen#
                                                                                                                                                                "name"#
                                                                                                                                                                4),
                                                                                                                                                 fieldType = FTTypeCon
                                                                                                                                                               Nothing
                                                                                                                                                               (Data.Text.unpackCStringLen#
                                                                                                                                                                  "Text"#
                                                                                                                                                                  4),
                                                                                                                                                 fieldSqlType = sqlType
                                                                                                                                                                  (Proxy ::
                                                                                                                                                                     Proxy Text),
                                                                                                                                                 fieldAttrs = [],
                                                                                                                                                 fieldStrict = True,
                                                                                                                                                 fieldReference = NoReference,
                                                                                                                                                 fieldCascade = FieldCascade
                                                                                                                                                                  Nothing
                                                                                                                                                                  Nothing,
                                                                                                                                                 fieldComments = Nothing,
                                                                                                                                                 fieldGenerated = Nothing,
                                                                                                                                                 fieldIsImplicitIdColumn = False},
                                                                                                                                              FieldDef
                                                                                                                                                {fieldHaskell = FieldNameHS
                                                                                                                                                                  (Data.Text.unpackCStringLen#
                                                                                                                                                                     "age"#
                                                                                                                                                                     3),
                                                                                                                                                 fieldDB = FieldNameDB
                                                                                                                                                             (Data.Text.unpackCStringLen#
                                                                                                                                                                "age"#
                                                                                                                                                                3),
                                                                                                                                                 fieldType = FTTypeCon
                                                                                                                                                               Nothing
                                                                                                                                                               (Data.Text.unpackCStringLen#
                                                                                                                                                                  "Int"#
                                                                                                                                                                  3),
                                                                                                                                                 fieldSqlType = sqlType
                                                                                                                                                                  (Proxy ::
                                                                                                                                                                     Proxy Int),
                                                                                                                                                 fieldAttrs = [FieldAttrOther
                                                                                                                                                                 (Data.Text.unpackCStringLen#
                                                                                                                                                                    "some ignored -- \" attribute"#
                                                                                                                                                                    27)],
                                                                                                                                                 fieldStrict = True,
                                                                                                                                                 fieldReference = NoReference,
                                                                                                                                                 fieldCascade = FieldCascade
                                                                                                                                                                  Nothing
                                                                                                                                                                  Nothing,
                                                                                                                                                 fieldComments = Nothing,
                                                                                                                                                 fieldGenerated = Nothing,
                                                                                                                                                 fieldIsImplicitIdColumn = False},
                                                                                                                                              FieldDef
                                                                                                                                                {fieldHaskell = FieldNameHS
                                                                                                                                                                  (Data.Text.unpackCStringLen#
                                                                                                                                                                     "color"#
                                                                                                                                                                     5),
                                                                                                                                                 fieldDB = FieldNameDB
                                                                                                                                                             (Data.Text.unpackCStringLen#
                                                                                                                                                                "color"#
                                                                                                                                                                5),
                                                                                                                                                 fieldType = FTTypeCon
                                                                                                                                                               Nothing
                                                                                                                                                               (Data.Text.unpackCStringLen#
                                                                                                                                                                  "Text"#
                                                                                                                                                                  4),
                                                                                                                                                 fieldSqlType = sqlType
                                                                                                                                                                  (Proxy ::
                                                                                                                                                                     Proxy Text),
                                                                                                                                                 fieldAttrs = [FieldAttrMaybe],
                                                                                                                                                 fieldStrict = True,
                                                                                                                                                 fieldReference = NoReference,
                                                                                                                                                 fieldCascade = FieldCascade
                                                                                                                                                                  Nothing
                                                                                                                                                                  Nothing,
                                                                                                                                                 fieldComments = Nothing,
                                                                                                                                                 fieldGenerated = Nothing,
                                                                                                                                                 fieldIsImplicitIdColumn = False}],
             persistent-2.14.6.1-c47d9d2aa2ef2e1c4644245518494c205109cfbb13254a36219ba31bb2a44ce9:Database.Persist.Types.Base.entityId = EntityIdField
                                                                                                                                           (FieldDef
                                                                                                                                              (FieldNameHS
                                                                                                                                                 (Data.Text.unpackCStringLen#
                                                                                                                                                    "Id"#
                                                                                                                                                    2))
                                                                                                                                              (FieldNameDB
                                                                                                                                                 (Data.Text.unpackCStringLen#
                                                                                                                                                    "id"#
                                                                                                                                                    2))
                                                                                                                                              (FTTypeCon
                                                                                                                                                 Nothing
                                                                                                                                                 (Data.Text.unpackCStringLen#
                                                                                                                                                    "PersonId"#
                                                                                                                                                    8))
                                                                                                                                              SqlInt64
                                                                                                                                              []
                                                                                                                                              True
                                                                                                                                              NoReference
                                                                                                                                              (FieldCascade
                                                                                                                                                 Nothing
                                                                                                                                                 Nothing)
                                                                                                                                              Nothing
                                                                                                                                              Nothing
                                                                                                                                              True),
             persistent-2.14.6.1-c47d9d2aa2ef2e1c4644245518494c205109cfbb13254a36219ba31bb2a44ce9:Database.Persist.Types.Base.entityForeigns = []}
      toPersistFields (Person x_ahop x_ahoq x_ahor)
        = [toPersistValue x_ahop, toPersistValue x_ahoq,
           toPersistValue x_ahor]
      fromPersistValues [x1_ahot, x2_ahou, x3_ahov]
        = Person
            <$>
              (Database.Persist.TH.mapLeft
                 (fieldError
                    (Data.Text.unpackCStringLen# "Person"# 6)
                    (Data.Text.unpackCStringLen# "name"# 4))
                 . fromPersistValue)
                x1_ahot
            <*>
              (Database.Persist.TH.mapLeft
                 (fieldError
                    (Data.Text.unpackCStringLen# "Person"# 6)
                    (Data.Text.unpackCStringLen# "age"# 3))
                 . fromPersistValue)
                x2_ahou
            <*>
              (Database.Persist.TH.mapLeft
                 (fieldError
                    (Data.Text.unpackCStringLen# "Person"# 6)
                    (Data.Text.unpackCStringLen# "color"# 5))
                 . fromPersistValue)
                x3_ahov
      fromPersistValues x_ahos
        = (Left
             $ mappend
                 (Data.Text.unpackCStringLen#
                    "Person: fromPersistValues failed on: "# 37)
                 (Data.Text.Internal.pack $ show x_ahos))
      persistUniqueToFieldNames PersonNameKey {}
        = ((FieldNameHS (Data.Text.unpackCStringLen# "name"# 4), 
            FieldNameDB (Data.Text.unpackCStringLen# "name"# 4))
             NEL.:| [])
      persistUniqueToValues (PersonNameKey x_ahow)
        = [toPersistValue x_ahow]
      persistUniqueKeys (Person _name_ahox _age_ahoy _color_ahoz)
        = [PersonNameKey _name_ahox]
      persistFieldDef PersonId
        = Database.Persist.TH.stripIdFieldImpl
            (EntityIdField
               (FieldDef
                  (FieldNameHS (Data.Text.unpackCStringLen# "Id"# 2))
                  (FieldNameDB (Data.Text.unpackCStringLen# "id"# 2))
                  (FTTypeCon Nothing (Data.Text.unpackCStringLen# "PersonId"# 8))
                  SqlInt64 [] True NoReference (FieldCascade Nothing Nothing) Nothing
                  Nothing True))
      persistFieldDef PersonName
        = Database.Persist.TH.lookupEntityField
            (Proxy :: Proxy Person)
            (FieldNameHS (Data.Text.unpackCStringLen# "name"# 4))
      persistFieldDef PersonAge
        = Database.Persist.TH.lookupEntityField
            (Proxy :: Proxy Person)
            (FieldNameHS (Data.Text.unpackCStringLen# "age"# 3))
      persistFieldDef PersonColor
        = Database.Persist.TH.lookupEntityField
            (Proxy :: Proxy Person)
            (FieldNameHS (Data.Text.unpackCStringLen# "color"# 5))
      persistIdField = PersonId
      fieldLens PersonId
        = lensPTH
            entityKey
            (\ (Entity _ value_ahoB) key_ahoC -> Entity key_ahoC value_ahoB)
      fieldLens PersonName
        = lensPTH
            ((\ Person {personName = x} -> x) . entityVal)
            (\ (Entity key_ahoD value_ahoE) x_ahoF
               -> Entity
                    key_ahoD
                    (case value_ahoE of
                       Person {personAge = personAge_ahoH, personColor = personColor_ahoI}
                         -> Person
                              {personName = x_ahoF, personAge = personAge,
                               personColor = personColor}))
      fieldLens PersonAge
        = lensPTH
            ((\ Person {personAge = x} -> x) . entityVal)
            (\ (Entity key_ahoD value_ahoE) x_ahoF
               -> Entity
                    key_ahoD
                    (case value_ahoE of
                       Person {personName = personName_ahoJ,
                               personColor = personColor_ahoL}
                         -> Person
                              {personName = personName, personAge = x_ahoF,
                               personColor = personColor}))
      fieldLens PersonColor
        = lensPTH
            ((\ Person {personColor = x} -> x) . entityVal)
            (\ (Entity key_ahoD value_ahoE) x_ahoF
               -> Entity
                    key_ahoD
                    (case value_ahoE of
                       Person {personName = personName_ahoM, personAge = personAge_ahoN}
                         -> Person
                              {personName = personName, personAge = personAge,
                               personColor = x_ahoF}))
    deriving stock instance Show (BackendKey backend) =>
                            Show (Key (PersonGeneric backend))
    deriving stock instance Read (BackendKey backend) =>
                            Read (Key (PersonGeneric backend))
    deriving newtype instance Eq (BackendKey backend) =>
                              Eq (Key (PersonGeneric backend))
    deriving newtype instance Ord (BackendKey backend) =>
                              Ord (Key (PersonGeneric backend))
    deriving newtype instance http-api-data-0.5.1-9e95a908ed3727e594a803f338744828f2965c2ab9a810da829995663ccd113c:Web.Internal.HttpApiData.ToHttpApiData (BackendKey backend) =>
                              http-api-data-0.5.1-9e95a908ed3727e594a803f338744828f2965c2ab9a810da829995663ccd113c:Web.Internal.HttpApiData.ToHttpApiData (Key (PersonGeneric backend))
    deriving newtype instance http-api-data-0.5.1-9e95a908ed3727e594a803f338744828f2965c2ab9a810da829995663ccd113c:Web.Internal.HttpApiData.FromHttpApiData (BackendKey backend) =>
                              http-api-data-0.5.1-9e95a908ed3727e594a803f338744828f2965c2ab9a810da829995663ccd113c:Web.Internal.HttpApiData.FromHttpApiData (Key (PersonGeneric backend))
    deriving newtype instance path-pieces-0.2.1-a11970791e27aa8ded0ee90bf431eca3a0c53a348d5d7c5b2fc5ab86a425eac8:Web.PathPieces.PathPiece (BackendKey backend) =>
                              path-pieces-0.2.1-a11970791e27aa8ded0ee90bf431eca3a0c53a348d5d7c5b2fc5ab86a425eac8:Web.PathPieces.PathPiece (Key (PersonGeneric backend))
    deriving newtype instance PersistField (BackendKey backend) =>
                              PersistField (Key (PersonGeneric backend))
    deriving newtype instance PersistFieldSql (BackendKey backend) =>
                              PersistFieldSql (Key (PersonGeneric backend))
    deriving newtype instance ToJSON (BackendKey backend) =>
                              ToJSON (Key (PersonGeneric backend))
    deriving newtype instance FromJSON (BackendKey backend) =>
                              FromJSON (Key (PersonGeneric backend))
    instance PersistStore backend =>
             ToBackendKey backend (PersonGeneric backend) where
      toBackendKey = \ PersonKey {unPersonKey = x} -> x
      fromBackendKey = PersonKey
    type Person1 = Person1Generic SqlBackend
    data Person1Generic backend
      = Person1 {person1Name :: !Text, person1Age :: !Int}
      deriving stock (Show, Eq)
    type Person1Id = Key Person1
    instance PersistStore backend =>
             PersistEntity (Person1Generic backend) where
      type PersistEntityBackend (Person1Generic backend) = backend
      data Unique (Person1Generic backend)
      newtype Key (Person1Generic backend)
        = Person1Key {unPerson1Key :: (BackendKey backend)}
      data EntityField (Person1Generic backend) typ
        = (typ ~ Key (Person1Generic backend)) => Person1Id |
          (typ ~ Text) => Person1Name |
          (typ ~ Int) => Person1Age
      keyToValues
        = ((: [])
             . (toPersistValue . (\ Person1Key {unPerson1Key = x} -> x)))
      keyFromValues
        = (fmap Person1Key
             . (fromPersistValue . Database.Persist.TH.headNote))
      keyFromRecordM = Nothing
      tabulateEntityA fromField_ahp7
        = ((Entity <$> fromField_ahp7 Person1Id)
             <*>
               ((pure Person1 <*> fromField_ahp7 Person1Name)
                  <*> fromField_ahp7 Person1Age))
      entityDef _
        = persistent-2.14.6.1-c47d9d2aa2ef2e1c4644245518494c205109cfbb13254a36219ba31bb2a44ce9:Database.Persist.Types.Base.EntityDef
            (EntityNameHS (Data.Text.unpackCStringLen# "Person1"# 7))
            (EntityNameDB (Data.Text.unpackCStringLen# "Person1"# 7))
            (EntityIdField
               (FieldDef
                  (FieldNameHS (Data.Text.unpackCStringLen# "Id"# 2))
                  (FieldNameDB (Data.Text.unpackCStringLen# "id"# 2))
                  (FTTypeCon Nothing (Data.Text.unpackCStringLen# "Person1Id"# 9))
                  SqlInt64 [] True NoReference (FieldCascade Nothing Nothing) Nothing
                  Nothing True))
            [] [] [] []
            [Data.Text.unpackCStringLen# "Show"# 4,
             Data.Text.unpackCStringLen# "Eq"# 2]
            containers-0.6.7:Data.Map.Internal.Tip False Nothing
            {persistent-2.14.6.1-c47d9d2aa2ef2e1c4644245518494c205109cfbb13254a36219ba31bb2a44ce9:Database.Persist.Types.Base.entityFields = [FieldDef
                                                                                                                                                {fieldHaskell = FieldNameHS
                                                                                                                                                                  (Data.Text.unpackCStringLen#
                                                                                                                                                                     "name"#
                                                                                                                                                                     4),
                                                                                                                                                 fieldDB = FieldNameDB
                                                                                                                                                             (Data.Text.unpackCStringLen#
                                                                                                                                                                "name"#
                                                                                                                                                                4),
                                                                                                                                                 fieldType = FTTypeCon
                                                                                                                                                               Nothing
                                                                                                                                                               (Data.Text.unpackCStringLen#
                                                                                                                                                                  "Text"#
                                                                                                                                                                  4),
                                                                                                                                                 fieldSqlType = sqlType
                                                                                                                                                                  (Proxy ::
                                                                                                                                                                     Proxy Text),
                                                                                                                                                 fieldAttrs = [],
                                                                                                                                                 fieldStrict = True,
                                                                                                                                                 fieldReference = NoReference,
                                                                                                                                                 fieldCascade = FieldCascade
                                                                                                                                                                  Nothing
                                                                                                                                                                  Nothing,
                                                                                                                                                 fieldComments = Nothing,
                                                                                                                                                 fieldGenerated = Nothing,
                                                                                                                                                 fieldIsImplicitIdColumn = False},
                                                                                                                                              FieldDef
                                                                                                                                                {fieldHaskell = FieldNameHS
                                                                                                                                                                  (Data.Text.unpackCStringLen#
                                                                                                                                                                     "age"#
                                                                                                                                                                     3),
                                                                                                                                                 fieldDB = FieldNameDB
                                                                                                                                                             (Data.Text.unpackCStringLen#
                                                                                                                                                                "age"#
                                                                                                                                                                3),
                                                                                                                                                 fieldType = FTTypeCon
                                                                                                                                                               Nothing
                                                                                                                                                               (Data.Text.unpackCStringLen#
                                                                                                                                                                  "Int"#
                                                                                                                                                                  3),
                                                                                                                                                 fieldSqlType = sqlType
                                                                                                                                                                  (Proxy ::
                                                                                                                                                                     Proxy Int),
                                                                                                                                                 fieldAttrs = [],
                                                                                                                                                 fieldStrict = True,
                                                                                                                                                 fieldReference = NoReference,
                                                                                                                                                 fieldCascade = FieldCascade
                                                                                                                                                                  Nothing
                                                                                                                                                                  Nothing,
                                                                                                                                                 fieldComments = Nothing,
                                                                                                                                                 fieldGenerated = Nothing,
                                                                                                                                                 fieldIsImplicitIdColumn = False}],
             persistent-2.14.6.1-c47d9d2aa2ef2e1c4644245518494c205109cfbb13254a36219ba31bb2a44ce9:Database.Persist.Types.Base.entityId = EntityIdField
                                                                                                                                           (FieldDef
                                                                                                                                              (FieldNameHS
                                                                                                                                                 (Data.Text.unpackCStringLen#
                                                                                                                                                    "Id"#
                                                                                                                                                    2))
                                                                                                                                              (FieldNameDB
                                                                                                                                                 (Data.Text.unpackCStringLen#
                                                                                                                                                    "id"#
                                                                                                                                                    2))
                                                                                                                                              (FTTypeCon
                                                                                                                                                 Nothing
                                                                                                                                                 (Data.Text.unpackCStringLen#
                                                                                                                                                    "Person1Id"#
                                                                                                                                                    9))
                                                                                                                                              SqlInt64
                                                                                                                                              []
                                                                                                                                              True
                                                                                                                                              NoReference
                                                                                                                                              (FieldCascade
                                                                                                                                                 Nothing
                                                                                                                                                 Nothing)
                                                                                                                                              Nothing
                                                                                                                                              Nothing
                                                                                                                                              True),
             persistent-2.14.6.1-c47d9d2aa2ef2e1c4644245518494c205109cfbb13254a36219ba31bb2a44ce9:Database.Persist.Types.Base.entityForeigns = []}
      toPersistFields (Person1 x_ahoQ x_ahoR)
        = [toPersistValue x_ahoQ, toPersistValue x_ahoR]
      fromPersistValues [x1_ahoT, x2_ahoU]
        = Person1
            <$>
              (Database.Persist.TH.mapLeft
                 (fieldError
                    (Data.Text.unpackCStringLen# "Person1"# 7)
                    (Data.Text.unpackCStringLen# "name"# 4))
                 . fromPersistValue)
                x1_ahoT
            <*>
              (Database.Persist.TH.mapLeft
                 (fieldError
                    (Data.Text.unpackCStringLen# "Person1"# 7)
                    (Data.Text.unpackCStringLen# "age"# 3))
                 . fromPersistValue)
                x2_ahoU
      fromPersistValues x_ahoS
        = (Left
             $ mappend
                 (Data.Text.unpackCStringLen#
                    "Person1: fromPersistValues failed on: "# 38)
                 (Data.Text.Internal.pack $ show x_ahoS))
      persistUniqueToFieldNames _
        = error "Degenerate case, should never happen"
      persistUniqueToValues _
        = error "Degenerate case, should never happen"
      persistUniqueKeys (Person1 _name_ahoV _age_ahoW) = []
      persistFieldDef Person1Id
        = Database.Persist.TH.stripIdFieldImpl
            (EntityIdField
               (FieldDef
                  (FieldNameHS (Data.Text.unpackCStringLen# "Id"# 2))
                  (FieldNameDB (Data.Text.unpackCStringLen# "id"# 2))
                  (FTTypeCon Nothing (Data.Text.unpackCStringLen# "Person1Id"# 9))
                  SqlInt64 [] True NoReference (FieldCascade Nothing Nothing) Nothing
                  Nothing True))
      persistFieldDef Person1Name
        = Database.Persist.TH.lookupEntityField
            (Proxy :: Proxy Person1)
            (FieldNameHS (Data.Text.unpackCStringLen# "name"# 4))
      persistFieldDef Person1Age
        = Database.Persist.TH.lookupEntityField
            (Proxy :: Proxy Person1)
            (FieldNameHS (Data.Text.unpackCStringLen# "age"# 3))
      persistIdField = Person1Id
      fieldLens Person1Id
        = lensPTH
            entityKey
            (\ (Entity _ value_ahoY) key_ahoZ -> Entity key_ahoZ value_ahoY)
      fieldLens Person1Name
        = lensPTH
            ((\ Person1 {person1Name = x} -> x) . entityVal)
            (\ (Entity key_ahp0 value_ahp1) x_ahp2
               -> Entity
                    key_ahp0
                    (case value_ahp1 of
                       Person1 {person1Age = person1Age_ahp4}
                         -> Person1 {person1Name = x_ahp2, person1Age = person1Age}))
      fieldLens Person1Age
        = lensPTH
            ((\ Person1 {person1Age = x} -> x) . entityVal)
            (\ (Entity key_ahp0 value_ahp1) x_ahp2
               -> Entity
                    key_ahp0
                    (case value_ahp1 of
                       Person1 {person1Name = person1Name_ahp5}
                         -> Person1 {person1Name = person1Name, person1Age = x_ahp2}))
    deriving stock instance Show (BackendKey backend) =>
                            Show (Key (Person1Generic backend))
    deriving stock instance Read (BackendKey backend) =>
                            Read (Key (Person1Generic backend))
    deriving newtype instance Eq (BackendKey backend) =>
                              Eq (Key (Person1Generic backend))
    deriving newtype instance Ord (BackendKey backend) =>
                              Ord (Key (Person1Generic backend))
    deriving newtype instance http-api-data-0.5.1-9e95a908ed3727e594a803f338744828f2965c2ab9a810da829995663ccd113c:Web.Internal.HttpApiData.ToHttpApiData (BackendKey backend) =>
                              http-api-data-0.5.1-9e95a908ed3727e594a803f338744828f2965c2ab9a810da829995663ccd113c:Web.Internal.HttpApiData.ToHttpApiData (Key (Person1Generic backend))
    deriving newtype instance http-api-data-0.5.1-9e95a908ed3727e594a803f338744828f2965c2ab9a810da829995663ccd113c:Web.Internal.HttpApiData.FromHttpApiData (BackendKey backend) =>
                              http-api-data-0.5.1-9e95a908ed3727e594a803f338744828f2965c2ab9a810da829995663ccd113c:Web.Internal.HttpApiData.FromHttpApiData (Key (Person1Generic backend))
    deriving newtype instance path-pieces-0.2.1-a11970791e27aa8ded0ee90bf431eca3a0c53a348d5d7c5b2fc5ab86a425eac8:Web.PathPieces.PathPiece (BackendKey backend) =>
                              path-pieces-0.2.1-a11970791e27aa8ded0ee90bf431eca3a0c53a348d5d7c5b2fc5ab86a425eac8:Web.PathPieces.PathPiece (Key (Person1Generic backend))
    deriving newtype instance PersistField (BackendKey backend) =>
                              PersistField (Key (Person1Generic backend))
    deriving newtype instance PersistFieldSql (BackendKey backend) =>
                              PersistFieldSql (Key (Person1Generic backend))
    deriving newtype instance ToJSON (BackendKey backend) =>
                              ToJSON (Key (Person1Generic backend))
    deriving newtype instance FromJSON (BackendKey backend) =>
                              FromJSON (Key (Person1Generic backend))
    instance PersistStore backend =>
             ToBackendKey backend (Person1Generic backend) where
      toBackendKey = \ Person1Key {unPerson1Key = x} -> x
      fromBackendKey = Person1Key
    type PersonMaybeAge = PersonMaybeAgeGeneric SqlBackend
    data PersonMaybeAgeGeneric backend
      = PersonMaybeAge {personMaybeAgeName :: !Text,
                        personMaybeAgeAge :: !(Maybe Int)}
    type PersonMaybeAgeId = Key PersonMaybeAge
    instance PersistStore backend =>
             PersistEntity (PersonMaybeAgeGeneric backend) where
      type PersistEntityBackend (PersonMaybeAgeGeneric backend) = backend
      data Unique (PersonMaybeAgeGeneric backend)
      newtype Key (PersonMaybeAgeGeneric backend)
        = PersonMaybeAgeKey {unPersonMaybeAgeKey :: (BackendKey backend)}
      data EntityField (PersonMaybeAgeGeneric backend) typ
        = (typ ~ Key (PersonMaybeAgeGeneric backend)) => PersonMaybeAgeId |
          (typ ~ Text) => PersonMaybeAgeName |
          (typ ~ Maybe Int) => PersonMaybeAgeAge
      keyToValues
        = ((: [])
             . (toPersistValue
                  . (\ PersonMaybeAgeKey {unPersonMaybeAgeKey = x} -> x)))
      keyFromValues
        = (fmap PersonMaybeAgeKey
             . (fromPersistValue . Database.Persist.TH.headNote))
      keyFromRecordM = Nothing
      tabulateEntityA fromField_ahpp
        = ((Entity <$> fromField_ahpp PersonMaybeAgeId)
             <*>
               ((pure PersonMaybeAge <*> fromField_ahpp PersonMaybeAgeName)
                  <*> fromField_ahpp PersonMaybeAgeAge))
      entityDef _
        = persistent-2.14.6.1-c47d9d2aa2ef2e1c4644245518494c205109cfbb13254a36219ba31bb2a44ce9:Database.Persist.Types.Base.EntityDef
            (EntityNameHS (Data.Text.unpackCStringLen# "PersonMaybeAge"# 14))
            (EntityNameDB (Data.Text.unpackCStringLen# "PersonMaybeAge"# 14))
            (EntityIdField
               (FieldDef
                  (FieldNameHS (Data.Text.unpackCStringLen# "Id"# 2))
                  (FieldNameDB (Data.Text.unpackCStringLen# "id"# 2))
                  (FTTypeCon
                     Nothing (Data.Text.unpackCStringLen# "PersonMaybeAgeId"# 16))
                  SqlInt64 [] True NoReference (FieldCascade Nothing Nothing) Nothing
                  Nothing True))
            [] [] [] [] [] containers-0.6.7:Data.Map.Internal.Tip False Nothing
            {persistent-2.14.6.1-c47d9d2aa2ef2e1c4644245518494c205109cfbb13254a36219ba31bb2a44ce9:Database.Persist.Types.Base.entityFields = [FieldDef
                                                                                                                                                {fieldHaskell = FieldNameHS
                                                                                                                                                                  (Data.Text.unpackCStringLen#
                                                                                                                                                                     "name"#
                                                                                                                                                                     4),
                                                                                                                                                 fieldDB = FieldNameDB
                                                                                                                                                             (Data.Text.unpackCStringLen#
                                                                                                                                                                "name"#
                                                                                                                                                                4),
                                                                                                                                                 fieldType = FTTypeCon
                                                                                                                                                               Nothing
                                                                                                                                                               (Data.Text.unpackCStringLen#
                                                                                                                                                                  "Text"#
                                                                                                                                                                  4),
                                                                                                                                                 fieldSqlType = sqlType
                                                                                                                                                                  (Proxy ::
                                                                                                                                                                     Proxy Text),
                                                                                                                                                 fieldAttrs = [],
                                                                                                                                                 fieldStrict = True,
                                                                                                                                                 fieldReference = NoReference,
                                                                                                                                                 fieldCascade = FieldCascade
                                                                                                                                                                  Nothing
                                                                                                                                                                  Nothing,
                                                                                                                                                 fieldComments = Nothing,
                                                                                                                                                 fieldGenerated = Nothing,
                                                                                                                                                 fieldIsImplicitIdColumn = False},
                                                                                                                                              FieldDef
                                                                                                                                                {fieldHaskell = FieldNameHS
                                                                                                                                                                  (Data.Text.unpackCStringLen#
                                                                                                                                                                     "age"#
                                                                                                                                                                     3),
                                                                                                                                                 fieldDB = FieldNameDB
                                                                                                                                                             (Data.Text.unpackCStringLen#
                                                                                                                                                                "age"#
                                                                                                                                                                3),
                                                                                                                                                 fieldType = FTTypeCon
                                                                                                                                                               Nothing
                                                                                                                                                               (Data.Text.unpackCStringLen#
                                                                                                                                                                  "Int"#
                                                                                                                                                                  3),
                                                                                                                                                 fieldSqlType = sqlType
                                                                                                                                                                  (Proxy ::
                                                                                                                                                                     Proxy Int),
                                                                                                                                                 fieldAttrs = [FieldAttrMaybe],
                                                                                                                                                 fieldStrict = True,
                                                                                                                                                 fieldReference = NoReference,
                                                                                                                                                 fieldCascade = FieldCascade
                                                                                                                                                                  Nothing
                                                                                                                                                                  Nothing,
                                                                                                                                                 fieldComments = Nothing,
                                                                                                                                                 fieldGenerated = Nothing,
                                                                                                                                                 fieldIsImplicitIdColumn = False}],
             persistent-2.14.6.1-c47d9d2aa2ef2e1c4644245518494c205109cfbb13254a36219ba31bb2a44ce9:Database.Persist.Types.Base.entityId = EntityIdField
                                                                                                                                           (FieldDef
                                                                                                                                              (FieldNameHS
                                                                                                                                                 (Data.Text.unpackCStringLen#
                                                                                                                                                    "Id"#
                                                                                                                                                    2))
                                                                                                                                              (FieldNameDB
                                                                                                                                                 (Data.Text.unpackCStringLen#
                                                                                                                                                    "id"#
                                                                                                                                                    2))
                                                                                                                                              (FTTypeCon
                                                                                                                                                 Nothing
                                                                                                                                                 (Data.Text.unpackCStringLen#
                                                                                                                                                    "PersonMaybeAgeId"#
                                                                                                                                                    16))
                                                                                                                                              SqlInt64
                                                                                                                                              []
                                                                                                                                              True
                                                                                                                                              NoReference
                                                                                                                                              (FieldCascade
                                                                                                                                                 Nothing
                                                                                                                                                 Nothing)
                                                                                                                                              Nothing
                                                                                                                                              Nothing
                                                                                                                                              True),
             persistent-2.14.6.1-c47d9d2aa2ef2e1c4644245518494c205109cfbb13254a36219ba31bb2a44ce9:Database.Persist.Types.Base.entityForeigns = []}
      toPersistFields (PersonMaybeAge x_ahp8 x_ahp9)
        = [toPersistValue x_ahp8, toPersistValue x_ahp9]
      fromPersistValues [x1_ahpb, x2_ahpc]
        = PersonMaybeAge
            <$>
              (Database.Persist.TH.mapLeft
                 (fieldError
                    (Data.Text.unpackCStringLen# "PersonMaybeAge"# 14)
                    (Data.Text.unpackCStringLen# "name"# 4))
                 . fromPersistValue)
                x1_ahpb
            <*>
              (Database.Persist.TH.mapLeft
                 (fieldError
                    (Data.Text.unpackCStringLen# "PersonMaybeAge"# 14)
                    (Data.Text.unpackCStringLen# "age"# 3))
                 . fromPersistValue)
                x2_ahpc
      fromPersistValues x_ahpa
        = (Left
             $ mappend
                 (Data.Text.unpackCStringLen#
                    "PersonMaybeAge: fromPersistValues failed on: "# 45)
                 (Data.Text.Internal.pack $ show x_ahpa))
      persistUniqueToFieldNames _
        = error "Degenerate case, should never happen"
      persistUniqueToValues _
        = error "Degenerate case, should never happen"
      persistUniqueKeys (PersonMaybeAge _name_ahpd _age_ahpe) = []
      persistFieldDef PersonMaybeAgeId
        = Database.Persist.TH.stripIdFieldImpl
            (EntityIdField
               (FieldDef
                  (FieldNameHS (Data.Text.unpackCStringLen# "Id"# 2))
                  (FieldNameDB (Data.Text.unpackCStringLen# "id"# 2))
                  (FTTypeCon
                     Nothing (Data.Text.unpackCStringLen# "PersonMaybeAgeId"# 16))
                  SqlInt64 [] True NoReference (FieldCascade Nothing Nothing) Nothing
                  Nothing True))
      persistFieldDef PersonMaybeAgeName
        = Database.Persist.TH.lookupEntityField
            (Proxy :: Proxy PersonMaybeAge)
            (FieldNameHS (Data.Text.unpackCStringLen# "name"# 4))
      persistFieldDef PersonMaybeAgeAge
        = Database.Persist.TH.lookupEntityField
            (Proxy :: Proxy PersonMaybeAge)
            (FieldNameHS (Data.Text.unpackCStringLen# "age"# 3))
      persistIdField = PersonMaybeAgeId
      fieldLens PersonMaybeAgeId
        = lensPTH
            entityKey
            (\ (Entity _ value_ahpg) key_ahph -> Entity key_ahph value_ahpg)
      fieldLens PersonMaybeAgeName
        = lensPTH
            ((\ PersonMaybeAge {personMaybeAgeName = x} -> x) . entityVal)
            (\ (Entity key_ahpi value_ahpj) x_ahpk
               -> Entity
                    key_ahpi
                    (case value_ahpj of
                       PersonMaybeAge {personMaybeAgeAge = personMaybeAgeAge_ahpm}
                         -> PersonMaybeAge
                              {personMaybeAgeName = x_ahpk,
                               personMaybeAgeAge = personMaybeAgeAge}))
      fieldLens PersonMaybeAgeAge
        = lensPTH
            ((\ PersonMaybeAge {personMaybeAgeAge = x} -> x) . entityVal)
            (\ (Entity key_ahpi value_ahpj) x_ahpk
               -> Entity
                    key_ahpi
                    (case value_ahpj of
                       PersonMaybeAge {personMaybeAgeName = personMaybeAgeName_ahpn}
                         -> PersonMaybeAge
                              {personMaybeAgeName = personMaybeAgeName,
                               personMaybeAgeAge = x_ahpk}))
    deriving stock instance Show (BackendKey backend) =>
                            Show (Key (PersonMaybeAgeGeneric backend))
    deriving stock instance Read (BackendKey backend) =>
                            Read (Key (PersonMaybeAgeGeneric backend))
    deriving newtype instance Eq (BackendKey backend) =>
                              Eq (Key (PersonMaybeAgeGeneric backend))
    deriving newtype instance Ord (BackendKey backend) =>
                              Ord (Key (PersonMaybeAgeGeneric backend))
    deriving newtype instance http-api-data-0.5.1-9e95a908ed3727e594a803f338744828f2965c2ab9a810da829995663ccd113c:Web.Internal.HttpApiData.ToHttpApiData (BackendKey backend) =>
                              http-api-data-0.5.1-9e95a908ed3727e594a803f338744828f2965c2ab9a810da829995663ccd113c:Web.Internal.HttpApiData.ToHttpApiData (Key (PersonMaybeAgeGeneric backend))
    deriving newtype instance http-api-data-0.5.1-9e95a908ed3727e594a803f338744828f2965c2ab9a810da829995663ccd113c:Web.Internal.HttpApiData.FromHttpApiData (BackendKey backend) =>
                              http-api-data-0.5.1-9e95a908ed3727e594a803f338744828f2965c2ab9a810da829995663ccd113c:Web.Internal.HttpApiData.FromHttpApiData (Key (PersonMaybeAgeGeneric backend))
    deriving newtype instance path-pieces-0.2.1-a11970791e27aa8ded0ee90bf431eca3a0c53a348d5d7c5b2fc5ab86a425eac8:Web.PathPieces.PathPiece (BackendKey backend) =>
                              path-pieces-0.2.1-a11970791e27aa8ded0ee90bf431eca3a0c53a348d5d7c5b2fc5ab86a425eac8:Web.PathPieces.PathPiece (Key (PersonMaybeAgeGeneric backend))
    deriving newtype instance PersistField (BackendKey backend) =>
                              PersistField (Key (PersonMaybeAgeGeneric backend))
    deriving newtype instance PersistFieldSql (BackendKey backend) =>
                              PersistFieldSql (Key (PersonMaybeAgeGeneric backend))
    deriving newtype instance ToJSON (BackendKey backend) =>
                              ToJSON (Key (PersonMaybeAgeGeneric backend))
    deriving newtype instance FromJSON (BackendKey backend) =>
                              FromJSON (Key (PersonMaybeAgeGeneric backend))
    instance PersistStore backend =>
             ToBackendKey backend (PersonMaybeAgeGeneric backend) where
      toBackendKey = \ PersonMaybeAgeKey {unPersonMaybeAgeKey = x} -> x
      fromBackendKey = PersonMaybeAgeKey
    type PersonMay = PersonMayGeneric SqlBackend
    data PersonMayGeneric backend
      = PersonMay {personMayName :: !(Maybe Text),
                   personMayColor :: !(Maybe Text)}
      deriving stock (Show, Eq)
    type PersonMayId = Key PersonMay
    instance PersistStore backend =>
             PersistEntity (PersonMayGeneric backend) where
      type PersistEntityBackend (PersonMayGeneric backend) = backend
      data Unique (PersonMayGeneric backend)
      newtype Key (PersonMayGeneric backend)
        = PersonMayKey {unPersonMayKey :: (BackendKey backend)}
      data EntityField (PersonMayGeneric backend) typ
        = (typ ~ Key (PersonMayGeneric backend)) => PersonMayId |
          (typ ~ Maybe Text) => PersonMayName |
          (typ ~ Maybe Text) => PersonMayColor
      keyToValues
        = ((: [])
             . (toPersistValue . (\ PersonMayKey {unPersonMayKey = x} -> x)))
      keyFromValues
        = (fmap PersonMayKey
             . (fromPersistValue . Database.Persist.TH.headNote))
      keyFromRecordM = Nothing
      tabulateEntityA fromField_ahpH
        = ((Entity <$> fromField_ahpH PersonMayId)
             <*>
               ((pure PersonMay <*> fromField_ahpH PersonMayName)
                  <*> fromField_ahpH PersonMayColor))
      entityDef _
        = persistent-2.14.6.1-c47d9d2aa2ef2e1c4644245518494c205109cfbb13254a36219ba31bb2a44ce9:Database.Persist.Types.Base.EntityDef
            (EntityNameHS (Data.Text.unpackCStringLen# "PersonMay"# 9))
            (EntityNameDB (Data.Text.unpackCStringLen# "PersonMay"# 9))
            (EntityIdField
               (FieldDef
                  (FieldNameHS (Data.Text.unpackCStringLen# "Id"# 2))
                  (FieldNameDB (Data.Text.unpackCStringLen# "id"# 2))
                  (FTTypeCon Nothing (Data.Text.unpackCStringLen# "PersonMayId"# 11))
                  SqlInt64 [] True NoReference (FieldCascade Nothing Nothing) Nothing
                  Nothing True))
            [Data.Text.unpackCStringLen# "json"# 4] [] [] []
            [Data.Text.unpackCStringLen# "Show"# 4,
             Data.Text.unpackCStringLen# "Eq"# 2]
            containers-0.6.7:Data.Map.Internal.Tip False Nothing
            {persistent-2.14.6.1-c47d9d2aa2ef2e1c4644245518494c205109cfbb13254a36219ba31bb2a44ce9:Database.Persist.Types.Base.entityFields = [FieldDef
                                                                                                                                                {fieldHaskell = FieldNameHS
                                                                                                                                                                  (Data.Text.unpackCStringLen#
                                                                                                                                                                     "name"#
                                                                                                                                                                     4),
                                                                                                                                                 fieldDB = FieldNameDB
                                                                                                                                                             (Data.Text.unpackCStringLen#
                                                                                                                                                                "name"#
                                                                                                                                                                4),
                                                                                                                                                 fieldType = FTTypeCon
                                                                                                                                                               Nothing
                                                                                                                                                               (Data.Text.unpackCStringLen#
                                                                                                                                                                  "Text"#
                                                                                                                                                                  4),
                                                                                                                                                 fieldSqlType = sqlType
                                                                                                                                                                  (Proxy ::
                                                                                                                                                                     Proxy Text),
                                                                                                                                                 fieldAttrs = [FieldAttrMaybe],
                                                                                                                                                 fieldStrict = True,
                                                                                                                                                 fieldReference = NoReference,
                                                                                                                                                 fieldCascade = FieldCascade
                                                                                                                                                                  Nothing
                                                                                                                                                                  Nothing,
                                                                                                                                                 fieldComments = Nothing,
                                                                                                                                                 fieldGenerated = Nothing,
                                                                                                                                                 fieldIsImplicitIdColumn = False},
                                                                                                                                              FieldDef
                                                                                                                                                {fieldHaskell = FieldNameHS
                                                                                                                                                                  (Data.Text.unpackCStringLen#
                                                                                                                                                                     "color"#
                                                                                                                                                                     5),
                                                                                                                                                 fieldDB = FieldNameDB
                                                                                                                                                             (Data.Text.unpackCStringLen#
                                                                                                                                                                "color"#
                                                                                                                                                                5),
                                                                                                                                                 fieldType = FTTypeCon
                                                                                                                                                               Nothing
                                                                                                                                                               (Data.Text.unpackCStringLen#
                                                                                                                                                                  "Text"#
                                                                                                                                                                  4),
                                                                                                                                                 fieldSqlType = sqlType
                                                                                                                                                                  (Proxy ::
                                                                                                                                                                     Proxy Text),
                                                                                                                                                 fieldAttrs = [FieldAttrMaybe],
                                                                                                                                                 fieldStrict = True,
                                                                                                                                                 fieldReference = NoReference,
                                                                                                                                                 fieldCascade = FieldCascade
                                                                                                                                                                  Nothing
                                                                                                                                                                  Nothing,
                                                                                                                                                 fieldComments = Nothing,
                                                                                                                                                 fieldGenerated = Nothing,
                                                                                                                                                 fieldIsImplicitIdColumn = False}],
             persistent-2.14.6.1-c47d9d2aa2ef2e1c4644245518494c205109cfbb13254a36219ba31bb2a44ce9:Database.Persist.Types.Base.entityId = EntityIdField
                                                                                                                                           (FieldDef
                                                                                                                                              (FieldNameHS
                                                                                                                                                 (Data.Text.unpackCStringLen#
                                                                                                                                                    "Id"#
                                                                                                                                                    2))
                                                                                                                                              (FieldNameDB
                                                                                                                                                 (Data.Text.unpackCStringLen#
                                                                                                                                                    "id"#
                                                                                                                                                    2))
                                                                                                                                              (FTTypeCon
                                                                                                                                                 Nothing
                                                                                                                                                 (Data.Text.unpackCStringLen#
                                                                                                                                                    "PersonMayId"#
                                                                                                                                                    11))
                                                                                                                                              SqlInt64
                                                                                                                                              []
                                                                                                                                              True
                                                                                                                                              NoReference
                                                                                                                                              (FieldCascade
                                                                                                                                                 Nothing
                                                                                                                                                 Nothing)
                                                                                                                                              Nothing
                                                                                                                                              Nothing
                                                                                                                                              True),
             persistent-2.14.6.1-c47d9d2aa2ef2e1c4644245518494c205109cfbb13254a36219ba31bb2a44ce9:Database.Persist.Types.Base.entityForeigns = []}
      toPersistFields (PersonMay x_ahpq x_ahpr)
        = [toPersistValue x_ahpq, toPersistValue x_ahpr]
      fromPersistValues [x1_ahpt, x2_ahpu]
        = PersonMay
            <$>
              (Database.Persist.TH.mapLeft
                 (fieldError
                    (Data.Text.unpackCStringLen# "PersonMay"# 9)
                    (Data.Text.unpackCStringLen# "name"# 4))
                 . fromPersistValue)
                x1_ahpt
            <*>
              (Database.Persist.TH.mapLeft
                 (fieldError
                    (Data.Text.unpackCStringLen# "PersonMay"# 9)
                    (Data.Text.unpackCStringLen# "color"# 5))
                 . fromPersistValue)
                x2_ahpu
      fromPersistValues x_ahps
        = (Left
             $ mappend
                 (Data.Text.unpackCStringLen#
                    "PersonMay: fromPersistValues failed on: "# 40)
                 (Data.Text.Internal.pack $ show x_ahps))
      persistUniqueToFieldNames _
        = error "Degenerate case, should never happen"
      persistUniqueToValues _
        = error "Degenerate case, should never happen"
      persistUniqueKeys (PersonMay _name_ahpv _color_ahpw) = []
      persistFieldDef PersonMayId
        = Database.Persist.TH.stripIdFieldImpl
            (EntityIdField
               (FieldDef
                  (FieldNameHS (Data.Text.unpackCStringLen# "Id"# 2))
                  (FieldNameDB (Data.Text.unpackCStringLen# "id"# 2))
                  (FTTypeCon Nothing (Data.Text.unpackCStringLen# "PersonMayId"# 11))
                  SqlInt64 [] True NoReference (FieldCascade Nothing Nothing) Nothing
                  Nothing True))
      persistFieldDef PersonMayName
        = Database.Persist.TH.lookupEntityField
            (Proxy :: Proxy PersonMay)
            (FieldNameHS (Data.Text.unpackCStringLen# "name"# 4))
      persistFieldDef PersonMayColor
        = Database.Persist.TH.lookupEntityField
            (Proxy :: Proxy PersonMay)
            (FieldNameHS (Data.Text.unpackCStringLen# "color"# 5))
      persistIdField = PersonMayId
      fieldLens PersonMayId
        = lensPTH
            entityKey
            (\ (Entity _ value_ahpy) key_ahpz -> Entity key_ahpz value_ahpy)
      fieldLens PersonMayName
        = lensPTH
            ((\ PersonMay {personMayName = x} -> x) . entityVal)
            (\ (Entity key_ahpA value_ahpB) x_ahpC
               -> Entity
                    key_ahpA
                    (case value_ahpB of
                       PersonMay {personMayColor = personMayColor_ahpE}
                         -> PersonMay
                              {personMayName = x_ahpC, personMayColor = personMayColor}))
      fieldLens PersonMayColor
        = lensPTH
            ((\ PersonMay {personMayColor = x} -> x) . entityVal)
            (\ (Entity key_ahpA value_ahpB) x_ahpC
               -> Entity
                    key_ahpA
                    (case value_ahpB of
                       PersonMay {personMayName = personMayName_ahpF}
                         -> PersonMay
                              {personMayName = personMayName, personMayColor = x_ahpC}))
    deriving stock instance Show (BackendKey backend) =>
                            Show (Key (PersonMayGeneric backend))
    deriving stock instance Read (BackendKey backend) =>
                            Read (Key (PersonMayGeneric backend))
    deriving newtype instance Eq (BackendKey backend) =>
                              Eq (Key (PersonMayGeneric backend))
    deriving newtype instance Ord (BackendKey backend) =>
                              Ord (Key (PersonMayGeneric backend))
    deriving newtype instance http-api-data-0.5.1-9e95a908ed3727e594a803f338744828f2965c2ab9a810da829995663ccd113c:Web.Internal.HttpApiData.ToHttpApiData (BackendKey backend) =>
                              http-api-data-0.5.1-9e95a908ed3727e594a803f338744828f2965c2ab9a810da829995663ccd113c:Web.Internal.HttpApiData.ToHttpApiData (Key (PersonMayGeneric backend))
    deriving newtype instance http-api-data-0.5.1-9e95a908ed3727e594a803f338744828f2965c2ab9a810da829995663ccd113c:Web.Internal.HttpApiData.FromHttpApiData (BackendKey backend) =>
                              http-api-data-0.5.1-9e95a908ed3727e594a803f338744828f2965c2ab9a810da829995663ccd113c:Web.Internal.HttpApiData.FromHttpApiData (Key (PersonMayGeneric backend))
    deriving newtype instance path-pieces-0.2.1-a11970791e27aa8ded0ee90bf431eca3a0c53a348d5d7c5b2fc5ab86a425eac8:Web.PathPieces.PathPiece (BackendKey backend) =>
                              path-pieces-0.2.1-a11970791e27aa8ded0ee90bf431eca3a0c53a348d5d7c5b2fc5ab86a425eac8:Web.PathPieces.PathPiece (Key (PersonMayGeneric backend))
    deriving newtype instance PersistField (BackendKey backend) =>
                              PersistField (Key (PersonMayGeneric backend))
    deriving newtype instance PersistFieldSql (BackendKey backend) =>
                              PersistFieldSql (Key (PersonMayGeneric backend))
    deriving newtype instance ToJSON (BackendKey backend) =>
                              ToJSON (Key (PersonMayGeneric backend))
    deriving newtype instance FromJSON (BackendKey backend) =>
                              FromJSON (Key (PersonMayGeneric backend))
    instance PersistStore backend =>
             ToBackendKey backend (PersonMayGeneric backend) where
      toBackendKey = \ PersonMayKey {unPersonMayKey = x} -> x
      fromBackendKey = PersonMayKey
    type Pet = PetGeneric SqlBackend
    data PetGeneric backend
      = Pet {petOwnerId :: !(Key (PersonGeneric backend)),
             petName :: !Text,
             petType :: !PetType}
    type PetId = Key Pet
    instance PersistStore backend =>
             PersistEntity (PetGeneric backend) where
      type PersistEntityBackend (PetGeneric backend) = backend
      data Unique (PetGeneric backend)
      newtype Key (PetGeneric backend)
        = PetKey {unPetKey :: (BackendKey backend)}
      data EntityField (PetGeneric backend) typ
        = (typ ~ Key (PetGeneric backend)) => PetId |
          (typ ~ Key (PersonGeneric backend)) => PetOwnerId |
          (typ ~ Text) => PetName |
          (typ ~ PetType) => PetType
      keyToValues
        = ((: []) . (toPersistValue . (\ PetKey {unPetKey = x} -> x)))
      keyFromValues
        = (fmap PetKey . (fromPersistValue . Database.Persist.TH.headNote))
      keyFromRecordM = Nothing
      tabulateEntityA fromField_ahq7
        = ((Entity <$> fromField_ahq7 PetId)
             <*>
               (((pure Pet <*> fromField_ahq7 PetOwnerId)
                   <*> fromField_ahq7 PetName)
                  <*> fromField_ahq7 PetType))
      entityDef _
        = persistent-2.14.6.1-c47d9d2aa2ef2e1c4644245518494c205109cfbb13254a36219ba31bb2a44ce9:Database.Persist.Types.Base.EntityDef
            (EntityNameHS (Data.Text.unpackCStringLen# "Pet"# 3))
            (EntityNameDB (Data.Text.unpackCStringLen# "Pet"# 3))
            (EntityIdField
               (FieldDef
                  (FieldNameHS (Data.Text.unpackCStringLen# "Id"# 2))
                  (FieldNameDB (Data.Text.unpackCStringLen# "id"# 2))
                  (FTTypeCon Nothing (Data.Text.unpackCStringLen# "PetId"# 5))
                  SqlInt64 [] True NoReference (FieldCascade Nothing Nothing) Nothing
                  Nothing True))
            [] [] [] [] [] containers-0.6.7:Data.Map.Internal.Tip False Nothing
            {persistent-2.14.6.1-c47d9d2aa2ef2e1c4644245518494c205109cfbb13254a36219ba31bb2a44ce9:Database.Persist.Types.Base.entityFields = [FieldDef
                                                                                                                                                {fieldHaskell = FieldNameHS
                                                                                                                                                                  (Data.Text.unpackCStringLen#
                                                                                                                                                                     "ownerId"#
                                                                                                                                                                     7),
                                                                                                                                                 fieldDB = FieldNameDB
                                                                                                                                                             (Data.Text.unpackCStringLen#
                                                                                                                                                                "ownerId"#
                                                                                                                                                                7),
                                                                                                                                                 fieldType = FTTypeCon
                                                                                                                                                               Nothing
                                                                                                                                                               (Data.Text.unpackCStringLen#
                                                                                                                                                                  "PersonId"#
                                                                                                                                                                  8),
                                                                                                                                                 fieldSqlType = sqlType
                                                                                                                                                                  (Proxy ::
                                                                                                                                                                     Proxy PersonId),
                                                                                                                                                 fieldAttrs = [],
                                                                                                                                                 fieldStrict = True,
                                                                                                                                                 fieldReference = ForeignRef
                                                                                                                                                                    (EntityNameHS
                                                                                                                                                                       (Data.Text.unpackCStringLen#
                                                                                                                                                                          "Person"#
                                                                                                                                                                          6)),
                                                                                                                                                 fieldCascade = FieldCascade
                                                                                                                                                                  Nothing
                                                                                                                                                                  Nothing,
                                                                                                                                                 fieldComments = Nothing,
                                                                                                                                                 fieldGenerated = Nothing,
                                                                                                                                                 fieldIsImplicitIdColumn = False},
                                                                                                                                              FieldDef
                                                                                                                                                {fieldHaskell = FieldNameHS
                                                                                                                                                                  (Data.Text.unpackCStringLen#
                                                                                                                                                                     "name"#
                                                                                                                                                                     4),
                                                                                                                                                 fieldDB = FieldNameDB
                                                                                                                                                             (Data.Text.unpackCStringLen#
                                                                                                                                                                "name"#
                                                                                                                                                                4),
                                                                                                                                                 fieldType = FTTypeCon
                                                                                                                                                               Nothing
                                                                                                                                                               (Data.Text.unpackCStringLen#
                                                                                                                                                                  "Text"#
                                                                                                                                                                  4),
                                                                                                                                                 fieldSqlType = sqlType
                                                                                                                                                                  (Proxy ::
                                                                                                                                                                     Proxy Text),
                                                                                                                                                 fieldAttrs = [],
                                                                                                                                                 fieldStrict = True,
                                                                                                                                                 fieldReference = NoReference,
                                                                                                                                                 fieldCascade = FieldCascade
                                                                                                                                                                  Nothing
                                                                                                                                                                  Nothing,
                                                                                                                                                 fieldComments = Nothing,
                                                                                                                                                 fieldGenerated = Nothing,
                                                                                                                                                 fieldIsImplicitIdColumn = False},
                                                                                                                                              FieldDef
                                                                                                                                                {fieldHaskell = FieldNameHS
                                                                                                                                                                  (Data.Text.unpackCStringLen#
                                                                                                                                                                     "type"#
                                                                                                                                                                     4),
                                                                                                                                                 fieldDB = FieldNameDB
                                                                                                                                                             (Data.Text.unpackCStringLen#
                                                                                                                                                                "type"#
                                                                                                                                                                4),
                                                                                                                                                 fieldType = FTTypeCon
                                                                                                                                                               Nothing
                                                                                                                                                               (Data.Text.unpackCStringLen#
                                                                                                                                                                  "PetType"#
                                                                                                                                                                  7),
                                                                                                                                                 fieldSqlType = sqlType
                                                                                                                                                                  (Proxy ::
                                                                                                                                                                     Proxy PetType),
                                                                                                                                                 fieldAttrs = [],
                                                                                                                                                 fieldStrict = True,
                                                                                                                                                 fieldReference = NoReference,
                                                                                                                                                 fieldCascade = FieldCascade
                                                                                                                                                                  Nothing
                                                                                                                                                                  Nothing,
                                                                                                                                                 fieldComments = Nothing,
                                                                                                                                                 fieldGenerated = Nothing,
                                                                                                                                                 fieldIsImplicitIdColumn = False}],
             persistent-2.14.6.1-c47d9d2aa2ef2e1c4644245518494c205109cfbb13254a36219ba31bb2a44ce9:Database.Persist.Types.Base.entityId = EntityIdField
                                                                                                                                           (FieldDef
                                                                                                                                              (FieldNameHS
                                                                                                                                                 (Data.Text.unpackCStringLen#
                                                                                                                                                    "Id"#
                                                                                                                                                    2))
                                                                                                                                              (FieldNameDB
                                                                                                                                                 (Data.Text.unpackCStringLen#
                                                                                                                                                    "id"#
                                                                                                                                                    2))
                                                                                                                                              (FTTypeCon
                                                                                                                                                 Nothing
                                                                                                                                                 (Data.Text.unpackCStringLen#
                                                                                                                                                    "PetId"#
                                                                                                                                                    5))
                                                                                                                                              SqlInt64
                                                                                                                                              []
                                                                                                                                              True
                                                                                                                                              NoReference
                                                                                                                                              (FieldCascade
                                                                                                                                                 Nothing
                                                                                                                                                 Nothing)
                                                                                                                                              Nothing
                                                                                                                                              Nothing
                                                                                                                                              True),
             persistent-2.14.6.1-c47d9d2aa2ef2e1c4644245518494c205109cfbb13254a36219ba31bb2a44ce9:Database.Persist.Types.Base.entityForeigns = []}
      toPersistFields (Pet x_ahpI x_ahpJ x_ahpK)
        = [toPersistValue x_ahpI, toPersistValue x_ahpJ,
           toPersistValue x_ahpK]
      fromPersistValues [x1_ahpM, x2_ahpN, x3_ahpO]
        = Pet
            <$>
              (Database.Persist.TH.mapLeft
                 (fieldError
                    (Data.Text.unpackCStringLen# "Pet"# 3)
                    (Data.Text.unpackCStringLen# "ownerId"# 7))
                 . fromPersistValue)
                x1_ahpM
            <*>
              (Database.Persist.TH.mapLeft
                 (fieldError
                    (Data.Text.unpackCStringLen# "Pet"# 3)
                    (Data.Text.unpackCStringLen# "name"# 4))
                 . fromPersistValue)
                x2_ahpN
            <*>
              (Database.Persist.TH.mapLeft
                 (fieldError
                    (Data.Text.unpackCStringLen# "Pet"# 3)
                    (Data.Text.unpackCStringLen# "type"# 4))
                 . fromPersistValue)
                x3_ahpO
      fromPersistValues x_ahpL
        = (Left
             $ mappend
                 (Data.Text.unpackCStringLen#
                    "Pet: fromPersistValues failed on: "# 34)
                 (Data.Text.Internal.pack $ show x_ahpL))
      persistUniqueToFieldNames _
        = error "Degenerate case, should never happen"
      persistUniqueToValues _
        = error "Degenerate case, should never happen"
      persistUniqueKeys (Pet _ownerId_ahpP _name_ahpQ _type_ahpR) = []
      persistFieldDef PetId
        = Database.Persist.TH.stripIdFieldImpl
            (EntityIdField
               (FieldDef
                  (FieldNameHS (Data.Text.unpackCStringLen# "Id"# 2))
                  (FieldNameDB (Data.Text.unpackCStringLen# "id"# 2))
                  (FTTypeCon Nothing (Data.Text.unpackCStringLen# "PetId"# 5))
                  SqlInt64 [] True NoReference (FieldCascade Nothing Nothing) Nothing
                  Nothing True))
      persistFieldDef PetOwnerId
        = Database.Persist.TH.lookupEntityField
            (Proxy :: Proxy Pet)
            (FieldNameHS (Data.Text.unpackCStringLen# "ownerId"# 7))
      persistFieldDef PetName
        = Database.Persist.TH.lookupEntityField
            (Proxy :: Proxy Pet)
            (FieldNameHS (Data.Text.unpackCStringLen# "name"# 4))
      persistFieldDef PetType
        = Database.Persist.TH.lookupEntityField
            (Proxy :: Proxy Pet)
            (FieldNameHS (Data.Text.unpackCStringLen# "type"# 4))
      persistIdField = PetId
      fieldLens PetId
        = lensPTH
            entityKey
            (\ (Entity _ value_ahpT) key_ahpU -> Entity key_ahpU value_ahpT)
      fieldLens PetOwnerId
        = lensPTH
            ((\ Pet {petOwnerId = x} -> x) . entityVal)
            (\ (Entity key_ahpV value_ahpW) x_ahpX
               -> Entity
                    key_ahpV
                    (case value_ahpW of
                       Pet {petName = petName_ahpZ, petType = petType_ahq0}
                         -> Pet
                              {petOwnerId = x_ahpX, petName = petName, petType = petType}))
      fieldLens PetName
        = lensPTH
            ((\ Pet {petName = x} -> x) . entityVal)
            (\ (Entity key_ahpV value_ahpW) x_ahpX
               -> Entity
                    key_ahpV
                    (case value_ahpW of
                       Pet {petOwnerId = petOwnerId_ahq1, petType = petType_ahq3}
                         -> Pet
                              {petOwnerId = petOwnerId, petName = x_ahpX, petType = petType}))
      fieldLens PetType
        = lensPTH
            ((\ Pet {petType = x} -> x) . entityVal)
            (\ (Entity key_ahpV value_ahpW) x_ahpX
               -> Entity
                    key_ahpV
                    (case value_ahpW of
                       Pet {petOwnerId = petOwnerId_ahq4, petName = petName_ahq5}
                         -> Pet
                              {petOwnerId = petOwnerId, petName = petName, petType = x_ahpX}))
    deriving stock instance Show (BackendKey backend) =>
                            Show (Key (PetGeneric backend))
    deriving stock instance Read (BackendKey backend) =>
                            Read (Key (PetGeneric backend))
    deriving newtype instance Eq (BackendKey backend) =>
                              Eq (Key (PetGeneric backend))
    deriving newtype instance Ord (BackendKey backend) =>
                              Ord (Key (PetGeneric backend))
    deriving newtype instance http-api-data-0.5.1-9e95a908ed3727e594a803f338744828f2965c2ab9a810da829995663ccd113c:Web.Internal.HttpApiData.ToHttpApiData (BackendKey backend) =>
                              http-api-data-0.5.1-9e95a908ed3727e594a803f338744828f2965c2ab9a810da829995663ccd113c:Web.Internal.HttpApiData.ToHttpApiData (Key (PetGeneric backend))
    deriving newtype instance http-api-data-0.5.1-9e95a908ed3727e594a803f338744828f2965c2ab9a810da829995663ccd113c:Web.Internal.HttpApiData.FromHttpApiData (BackendKey backend) =>
                              http-api-data-0.5.1-9e95a908ed3727e594a803f338744828f2965c2ab9a810da829995663ccd113c:Web.Internal.HttpApiData.FromHttpApiData (Key (PetGeneric backend))
    deriving newtype instance path-pieces-0.2.1-a11970791e27aa8ded0ee90bf431eca3a0c53a348d5d7c5b2fc5ab86a425eac8:Web.PathPieces.PathPiece (BackendKey backend) =>
                              path-pieces-0.2.1-a11970791e27aa8ded0ee90bf431eca3a0c53a348d5d7c5b2fc5ab86a425eac8:Web.PathPieces.PathPiece (Key (PetGeneric backend))
    deriving newtype instance PersistField (BackendKey backend) =>
                              PersistField (Key (PetGeneric backend))
    deriving newtype instance PersistFieldSql (BackendKey backend) =>
                              PersistFieldSql (Key (PetGeneric backend))
    deriving newtype instance ToJSON (BackendKey backend) =>
                              ToJSON (Key (PetGeneric backend))
    deriving newtype instance FromJSON (BackendKey backend) =>
                              FromJSON (Key (PetGeneric backend))
    instance PersistStore backend =>
             ToBackendKey backend (PetGeneric backend) where
      toBackendKey = \ PetKey {unPetKey = x} -> x
      fromBackendKey = PetKey
    type MaybeOwnedPet = MaybeOwnedPetGeneric SqlBackend
    data MaybeOwnedPetGeneric backend
      = MaybeOwnedPet {maybeOwnedPetOwnerId :: !(Maybe (Key (PersonGeneric backend))),
                       maybeOwnedPetName :: !Text,
                       maybeOwnedPetType :: !PetType}
    type MaybeOwnedPetId = Key MaybeOwnedPet
    instance PersistStore backend =>
             PersistEntity (MaybeOwnedPetGeneric backend) where
      type PersistEntityBackend (MaybeOwnedPetGeneric backend) = backend
      data Unique (MaybeOwnedPetGeneric backend)
      newtype Key (MaybeOwnedPetGeneric backend)
        = MaybeOwnedPetKey {unMaybeOwnedPetKey :: (BackendKey backend)}
      data EntityField (MaybeOwnedPetGeneric backend) typ
        = (typ ~ Key (MaybeOwnedPetGeneric backend)) => MaybeOwnedPetId |
          (typ ~ Maybe (Key (PersonGeneric backend))) =>
          MaybeOwnedPetOwnerId |
          (typ ~ Text) => MaybeOwnedPetName |
          (typ ~ PetType) => MaybeOwnedPetType
      keyToValues
        = ((: [])
             . (toPersistValue
                  . (\ MaybeOwnedPetKey {unMaybeOwnedPetKey = x} -> x)))
      keyFromValues
        = (fmap MaybeOwnedPetKey
             . (fromPersistValue . Database.Persist.TH.headNote))
      keyFromRecordM = Nothing
      tabulateEntityA fromField_ahqx
        = ((Entity <$> fromField_ahqx MaybeOwnedPetId)
             <*>
               (((pure MaybeOwnedPet <*> fromField_ahqx MaybeOwnedPetOwnerId)
                   <*> fromField_ahqx MaybeOwnedPetName)
                  <*> fromField_ahqx MaybeOwnedPetType))
      entityDef _
        = persistent-2.14.6.1-c47d9d2aa2ef2e1c4644245518494c205109cfbb13254a36219ba31bb2a44ce9:Database.Persist.Types.Base.EntityDef
            (EntityNameHS (Data.Text.unpackCStringLen# "MaybeOwnedPet"# 13))
            (EntityNameDB (Data.Text.unpackCStringLen# "MaybeOwnedPet"# 13))
            (EntityIdField
               (FieldDef
                  (FieldNameHS (Data.Text.unpackCStringLen# "Id"# 2))
                  (FieldNameDB (Data.Text.unpackCStringLen# "id"# 2))
                  (FTTypeCon
                     Nothing (Data.Text.unpackCStringLen# "MaybeOwnedPetId"# 15))
                  SqlInt64 [] True NoReference (FieldCascade Nothing Nothing) Nothing
                  Nothing True))
            [] [] [] [] [] containers-0.6.7:Data.Map.Internal.Tip False Nothing
            {persistent-2.14.6.1-c47d9d2aa2ef2e1c4644245518494c205109cfbb13254a36219ba31bb2a44ce9:Database.Persist.Types.Base.entityFields = [FieldDef
                                                                                                                                                {fieldHaskell = FieldNameHS
                                                                                                                                                                  (Data.Text.unpackCStringLen#
                                                                                                                                                                     "ownerId"#
                                                                                                                                                                     7),
                                                                                                                                                 fieldDB = FieldNameDB
                                                                                                                                                             (Data.Text.unpackCStringLen#
                                                                                                                                                                "ownerId"#
                                                                                                                                                                7),
                                                                                                                                                 fieldType = FTTypeCon
                                                                                                                                                               Nothing
                                                                                                                                                               (Data.Text.unpackCStringLen#
                                                                                                                                                                  "PersonId"#
                                                                                                                                                                  8),
                                                                                                                                                 fieldSqlType = sqlType
                                                                                                                                                                  (Proxy ::
                                                                                                                                                                     Proxy PersonId),
                                                                                                                                                 fieldAttrs = [FieldAttrMaybe],
                                                                                                                                                 fieldStrict = True,
                                                                                                                                                 fieldReference = ForeignRef
                                                                                                                                                                    (EntityNameHS
                                                                                                                                                                       (Data.Text.unpackCStringLen#
                                                                                                                                                                          "Person"#
                                                                                                                                                                          6)),
                                                                                                                                                 fieldCascade = FieldCascade
                                                                                                                                                                  Nothing
                                                                                                                                                                  Nothing,
                                                                                                                                                 fieldComments = Nothing,
                                                                                                                                                 fieldGenerated = Nothing,
                                                                                                                                                 fieldIsImplicitIdColumn = False},
                                                                                                                                              FieldDef
                                                                                                                                                {fieldHaskell = FieldNameHS
                                                                                                                                                                  (Data.Text.unpackCStringLen#
                                                                                                                                                                     "name"#
                                                                                                                                                                     4),
                                                                                                                                                 fieldDB = FieldNameDB
                                                                                                                                                             (Data.Text.unpackCStringLen#
                                                                                                                                                                "name"#
                                                                                                                                                                4),
                                                                                                                                                 fieldType = FTTypeCon
                                                                                                                                                               Nothing
                                                                                                                                                               (Data.Text.unpackCStringLen#
                                                                                                                                                                  "Text"#
                                                                                                                                                                  4),
                                                                                                                                                 fieldSqlType = sqlType
                                                                                                                                                                  (Proxy ::
                                                                                                                                                                     Proxy Text),
                                                                                                                                                 fieldAttrs = [],
                                                                                                                                                 fieldStrict = True,
                                                                                                                                                 fieldReference = NoReference,
                                                                                                                                                 fieldCascade = FieldCascade
                                                                                                                                                                  Nothing
                                                                                                                                                                  Nothing,
                                                                                                                                                 fieldComments = Nothing,
                                                                                                                                                 fieldGenerated = Nothing,
                                                                                                                                                 fieldIsImplicitIdColumn = False},
                                                                                                                                              FieldDef
                                                                                                                                                {fieldHaskell = FieldNameHS
                                                                                                                                                                  (Data.Text.unpackCStringLen#
                                                                                                                                                                     "type"#
                                                                                                                                                                     4),
                                                                                                                                                 fieldDB = FieldNameDB
                                                                                                                                                             (Data.Text.unpackCStringLen#
                                                                                                                                                                "type"#
                                                                                                                                                                4),
                                                                                                                                                 fieldType = FTTypeCon
                                                                                                                                                               Nothing
                                                                                                                                                               (Data.Text.unpackCStringLen#
                                                                                                                                                                  "PetType"#
                                                                                                                                                                  7),
                                                                                                                                                 fieldSqlType = sqlType
                                                                                                                                                                  (Proxy ::
                                                                                                                                                                     Proxy PetType),
                                                                                                                                                 fieldAttrs = [],
                                                                                                                                                 fieldStrict = True,
                                                                                                                                                 fieldReference = NoReference,
                                                                                                                                                 fieldCascade = FieldCascade
                                                                                                                                                                  Nothing
                                                                                                                                                                  Nothing,
                                                                                                                                                 fieldComments = Nothing,
                                                                                                                                                 fieldGenerated = Nothing,
                                                                                                                                                 fieldIsImplicitIdColumn = False}],
             persistent-2.14.6.1-c47d9d2aa2ef2e1c4644245518494c205109cfbb13254a36219ba31bb2a44ce9:Database.Persist.Types.Base.entityId = EntityIdField
                                                                                                                                           (FieldDef
                                                                                                                                              (FieldNameHS
                                                                                                                                                 (Data.Text.unpackCStringLen#
                                                                                                                                                    "Id"#
                                                                                                                                                    2))
                                                                                                                                              (FieldNameDB
                                                                                                                                                 (Data.Text.unpackCStringLen#
                                                                                                                                                    "id"#
                                                                                                                                                    2))
                                                                                                                                              (FTTypeCon
                                                                                                                                                 Nothing
                                                                                                                                                 (Data.Text.unpackCStringLen#
                                                                                                                                                    "MaybeOwnedPetId"#
                                                                                                                                                    15))
                                                                                                                                              SqlInt64
                                                                                                                                              []
                                                                                                                                              True
                                                                                                                                              NoReference
                                                                                                                                              (FieldCascade
                                                                                                                                                 Nothing
                                                                                                                                                 Nothing)
                                                                                                                                              Nothing
                                                                                                                                              Nothing
                                                                                                                                              True),
             persistent-2.14.6.1-c47d9d2aa2ef2e1c4644245518494c205109cfbb13254a36219ba31bb2a44ce9:Database.Persist.Types.Base.entityForeigns = []}
      toPersistFields (MaybeOwnedPet x_ahq8 x_ahq9 x_ahqa)
        = [toPersistValue x_ahq8, toPersistValue x_ahq9,
           toPersistValue x_ahqa]
      fromPersistValues [x1_ahqc, x2_ahqd, x3_ahqe]
        = MaybeOwnedPet
            <$>
              (Database.Persist.TH.mapLeft
                 (fieldError
                    (Data.Text.unpackCStringLen# "MaybeOwnedPet"# 13)
                    (Data.Text.unpackCStringLen# "ownerId"# 7))
                 . fromPersistValue)
                x1_ahqc
            <*>
              (Database.Persist.TH.mapLeft
                 (fieldError
                    (Data.Text.unpackCStringLen# "MaybeOwnedPet"# 13)
                    (Data.Text.unpackCStringLen# "name"# 4))
                 . fromPersistValue)
                x2_ahqd
            <*>
              (Database.Persist.TH.mapLeft
                 (fieldError
                    (Data.Text.unpackCStringLen# "MaybeOwnedPet"# 13)
                    (Data.Text.unpackCStringLen# "type"# 4))
                 . fromPersistValue)
                x3_ahqe
      fromPersistValues x_ahqb
        = (Left
             $ mappend
                 (Data.Text.unpackCStringLen#
                    "MaybeOwnedPet: fromPersistValues failed on: "# 44)
                 (Data.Text.Internal.pack $ show x_ahqb))
      persistUniqueToFieldNames _
        = error "Degenerate case, should never happen"
      persistUniqueToValues _
        = error "Degenerate case, should never happen"
      persistUniqueKeys
        (MaybeOwnedPet _ownerId_ahqf _name_ahqg _type_ahqh)
        = []
      persistFieldDef MaybeOwnedPetId
        = Database.Persist.TH.stripIdFieldImpl
            (EntityIdField
               (FieldDef
                  (FieldNameHS (Data.Text.unpackCStringLen# "Id"# 2))
                  (FieldNameDB (Data.Text.unpackCStringLen# "id"# 2))
                  (FTTypeCon
                     Nothing (Data.Text.unpackCStringLen# "MaybeOwnedPetId"# 15))
                  SqlInt64 [] True NoReference (FieldCascade Nothing Nothing) Nothing
                  Nothing True))
      persistFieldDef MaybeOwnedPetOwnerId
        = Database.Persist.TH.lookupEntityField
            (Proxy :: Proxy MaybeOwnedPet)
            (FieldNameHS (Data.Text.unpackCStringLen# "ownerId"# 7))
      persistFieldDef MaybeOwnedPetName
        = Database.Persist.TH.lookupEntityField
            (Proxy :: Proxy MaybeOwnedPet)
            (FieldNameHS (Data.Text.unpackCStringLen# "name"# 4))
      persistFieldDef MaybeOwnedPetType
        = Database.Persist.TH.lookupEntityField
            (Proxy :: Proxy MaybeOwnedPet)
            (FieldNameHS (Data.Text.unpackCStringLen# "type"# 4))
      persistIdField = MaybeOwnedPetId
      fieldLens MaybeOwnedPetId
        = lensPTH
            entityKey
            (\ (Entity _ value_ahqj) key_ahqk -> Entity key_ahqk value_ahqj)
      fieldLens MaybeOwnedPetOwnerId
        = lensPTH
            ((\ MaybeOwnedPet {maybeOwnedPetOwnerId = x} -> x) . entityVal)
            (\ (Entity key_ahql value_ahqm) x_ahqn
               -> Entity
                    key_ahql
                    (case value_ahqm of
                       MaybeOwnedPet {maybeOwnedPetName = maybeOwnedPetName_ahqp,
                                      maybeOwnedPetType = maybeOwnedPetType_ahqq}
                         -> MaybeOwnedPet
                              {maybeOwnedPetOwnerId = x_ahqn,
                               maybeOwnedPetName = maybeOwnedPetName,
                               maybeOwnedPetType = maybeOwnedPetType}))
      fieldLens MaybeOwnedPetName
        = lensPTH
            ((\ MaybeOwnedPet {maybeOwnedPetName = x} -> x) . entityVal)
            (\ (Entity key_ahql value_ahqm) x_ahqn
               -> Entity
                    key_ahql
                    (case value_ahqm of
                       MaybeOwnedPet {maybeOwnedPetOwnerId = maybeOwnedPetOwnerId_ahqr,
                                      maybeOwnedPetType = maybeOwnedPetType_ahqt}
                         -> MaybeOwnedPet
                              {maybeOwnedPetOwnerId = maybeOwnedPetOwnerId,
                               maybeOwnedPetName = x_ahqn,
                               maybeOwnedPetType = maybeOwnedPetType}))
      fieldLens MaybeOwnedPetType
        = lensPTH
            ((\ MaybeOwnedPet {maybeOwnedPetType = x} -> x) . entityVal)
            (\ (Entity key_ahql value_ahqm) x_ahqn
               -> Entity
                    key_ahql
                    (case value_ahqm of
                       MaybeOwnedPet {maybeOwnedPetOwnerId = maybeOwnedPetOwnerId_ahqu,
                                      maybeOwnedPetName = maybeOwnedPetName_ahqv}
                         -> MaybeOwnedPet
                              {maybeOwnedPetOwnerId = maybeOwnedPetOwnerId,
                               maybeOwnedPetName = maybeOwnedPetName,
                               maybeOwnedPetType = x_ahqn}))
    deriving stock instance Show (BackendKey backend) =>
                            Show (Key (MaybeOwnedPetGeneric backend))
    deriving stock instance Read (BackendKey backend) =>
                            Read (Key (MaybeOwnedPetGeneric backend))
    deriving newtype instance Eq (BackendKey backend) =>
                              Eq (Key (MaybeOwnedPetGeneric backend))
    deriving newtype instance Ord (BackendKey backend) =>
                              Ord (Key (MaybeOwnedPetGeneric backend))
    deriving newtype instance http-api-data-0.5.1-9e95a908ed3727e594a803f338744828f2965c2ab9a810da829995663ccd113c:Web.Internal.HttpApiData.ToHttpApiData (BackendKey backend) =>
                              http-api-data-0.5.1-9e95a908ed3727e594a803f338744828f2965c2ab9a810da829995663ccd113c:Web.Internal.HttpApiData.ToHttpApiData (Key (MaybeOwnedPetGeneric backend))
    deriving newtype instance http-api-data-0.5.1-9e95a908ed3727e594a803f338744828f2965c2ab9a810da829995663ccd113c:Web.Internal.HttpApiData.FromHttpApiData (BackendKey backend) =>
                              http-api-data-0.5.1-9e95a908ed3727e594a803f338744828f2965c2ab9a810da829995663ccd113c:Web.Internal.HttpApiData.FromHttpApiData (Key (MaybeOwnedPetGeneric backend))
    deriving newtype instance path-pieces-0.2.1-a11970791e27aa8ded0ee90bf431eca3a0c53a348d5d7c5b2fc5ab86a425eac8:Web.PathPieces.PathPiece (BackendKey backend) =>
                              path-pieces-0.2.1-a11970791e27aa8ded0ee90bf431eca3a0c53a348d5d7c5b2fc5ab86a425eac8:Web.PathPieces.PathPiece (Key (MaybeOwnedPetGeneric backend))
    deriving newtype instance PersistField (BackendKey backend) =>
                              PersistField (Key (MaybeOwnedPetGeneric backend))
    deriving newtype instance PersistFieldSql (BackendKey backend) =>
                              PersistFieldSql (Key (MaybeOwnedPetGeneric backend))
    deriving newtype instance ToJSON (BackendKey backend) =>
                              ToJSON (Key (MaybeOwnedPetGeneric backend))
    deriving newtype instance FromJSON (BackendKey backend) =>
                              FromJSON (Key (MaybeOwnedPetGeneric backend))
    instance PersistStore backend =>
             ToBackendKey backend (MaybeOwnedPetGeneric backend) where
      toBackendKey = \ MaybeOwnedPetKey {unMaybeOwnedPetKey = x} -> x
      fromBackendKey = MaybeOwnedPetKey
    type NeedsPet = NeedsPetGeneric SqlBackend
    data NeedsPetGeneric backend
      = NeedsPet {needsPetPetKey :: !(Key (PetGeneric backend))}
    type NeedsPetId = Key NeedsPet
    instance PersistStore backend =>
             PersistEntity (NeedsPetGeneric backend) where
      type PersistEntityBackend (NeedsPetGeneric backend) = backend
      data Unique (NeedsPetGeneric backend)
      newtype Key (NeedsPetGeneric backend)
        = NeedsPetKey {unNeedsPetKey :: (BackendKey backend)}
      data EntityField (NeedsPetGeneric backend) typ
        = (typ ~ Key (NeedsPetGeneric backend)) => NeedsPetId |
          (typ ~ Key (PetGeneric backend)) => NeedsPetPetKey
      keyToValues
        = ((: [])
             . (toPersistValue . (\ NeedsPetKey {unNeedsPetKey = x} -> x)))
      keyFromValues
        = (fmap NeedsPetKey
             . (fromPersistValue . Database.Persist.TH.headNote))
      keyFromRecordM = Nothing
      tabulateEntityA fromField_ahqJ
        = ((Entity <$> fromField_ahqJ NeedsPetId)
             <*> (pure NeedsPet <*> fromField_ahqJ NeedsPetPetKey))
      entityDef _
        = persistent-2.14.6.1-c47d9d2aa2ef2e1c4644245518494c205109cfbb13254a36219ba31bb2a44ce9:Database.Persist.Types.Base.EntityDef
            (EntityNameHS (Data.Text.unpackCStringLen# "NeedsPet"# 8))
            (EntityNameDB (Data.Text.unpackCStringLen# "NeedsPet"# 8))
            (EntityIdField
               (FieldDef
                  (FieldNameHS (Data.Text.unpackCStringLen# "Id"# 2))
                  (FieldNameDB (Data.Text.unpackCStringLen# "id"# 2))
                  (FTTypeCon Nothing (Data.Text.unpackCStringLen# "NeedsPetId"# 10))
                  SqlInt64 [] True NoReference (FieldCascade Nothing Nothing) Nothing
                  Nothing True))
            [] [] [] [] [] containers-0.6.7:Data.Map.Internal.Tip False Nothing
            {persistent-2.14.6.1-c47d9d2aa2ef2e1c4644245518494c205109cfbb13254a36219ba31bb2a44ce9:Database.Persist.Types.Base.entityFields = [FieldDef
                                                                                                                                                {fieldHaskell = FieldNameHS
                                                                                                                                                                  (Data.Text.unpackCStringLen#
                                                                                                                                                                     "petKey"#
                                                                                                                                                                     6),
                                                                                                                                                 fieldDB = FieldNameDB
                                                                                                                                                             (Data.Text.unpackCStringLen#
                                                                                                                                                                "petKey"#
                                                                                                                                                                6),
                                                                                                                                                 fieldType = FTTypeCon
                                                                                                                                                               Nothing
                                                                                                                                                               (Data.Text.unpackCStringLen#
                                                                                                                                                                  "PetId"#
                                                                                                                                                                  5),
                                                                                                                                                 fieldSqlType = sqlType
                                                                                                                                                                  (Proxy ::
                                                                                                                                                                     Proxy PetId),
                                                                                                                                                 fieldAttrs = [],
                                                                                                                                                 fieldStrict = True,
                                                                                                                                                 fieldReference = ForeignRef
                                                                                                                                                                    (EntityNameHS
                                                                                                                                                                       (Data.Text.unpackCStringLen#
                                                                                                                                                                          "Pet"#
                                                                                                                                                                          3)),
                                                                                                                                                 fieldCascade = FieldCascade
                                                                                                                                                                  Nothing
                                                                                                                                                                  Nothing,
                                                                                                                                                 fieldComments = Nothing,
                                                                                                                                                 fieldGenerated = Nothing,
                                                                                                                                                 fieldIsImplicitIdColumn = False}],
             persistent-2.14.6.1-c47d9d2aa2ef2e1c4644245518494c205109cfbb13254a36219ba31bb2a44ce9:Database.Persist.Types.Base.entityId = EntityIdField
                                                                                                                                           (FieldDef
                                                                                                                                              (FieldNameHS
                                                                                                                                                 (Data.Text.unpackCStringLen#
                                                                                                                                                    "Id"#
                                                                                                                                                    2))
                                                                                                                                              (FieldNameDB
                                                                                                                                                 (Data.Text.unpackCStringLen#
                                                                                                                                                    "id"#
                                                                                                                                                    2))
                                                                                                                                              (FTTypeCon
                                                                                                                                                 Nothing
                                                                                                                                                 (Data.Text.unpackCStringLen#
                                                                                                                                                    "NeedsPetId"#
                                                                                                                                                    10))
                                                                                                                                              SqlInt64
                                                                                                                                              []
                                                                                                                                              True
                                                                                                                                              NoReference
                                                                                                                                              (FieldCascade
                                                                                                                                                 Nothing
                                                                                                                                                 Nothing)
                                                                                                                                              Nothing
                                                                                                                                              Nothing
                                                                                                                                              True),
             persistent-2.14.6.1-c47d9d2aa2ef2e1c4644245518494c205109cfbb13254a36219ba31bb2a44ce9:Database.Persist.Types.Base.entityForeigns = []}
      toPersistFields (NeedsPet x_ahqy) = [toPersistValue x_ahqy]
      fromPersistValues [x1_ahqA]
        = NeedsPet
            <$>
              (Database.Persist.TH.mapLeft
                 (fieldError
                    (Data.Text.unpackCStringLen# "NeedsPet"# 8)
                    (Data.Text.unpackCStringLen# "petKey"# 6))
                 . fromPersistValue)
                x1_ahqA
      fromPersistValues x_ahqz
        = (Left
             $ mappend
                 (Data.Text.unpackCStringLen#
                    "NeedsPet: fromPersistValues failed on: "# 39)
                 (Data.Text.Internal.pack $ show x_ahqz))
      persistUniqueToFieldNames _
        = error "Degenerate case, should never happen"
      persistUniqueToValues _
        = error "Degenerate case, should never happen"
      persistUniqueKeys (NeedsPet _petKey_ahqB) = []
      persistFieldDef NeedsPetId
        = Database.Persist.TH.stripIdFieldImpl
            (EntityIdField
               (FieldDef
                  (FieldNameHS (Data.Text.unpackCStringLen# "Id"# 2))
                  (FieldNameDB (Data.Text.unpackCStringLen# "id"# 2))
                  (FTTypeCon Nothing (Data.Text.unpackCStringLen# "NeedsPetId"# 10))
                  SqlInt64 [] True NoReference (FieldCascade Nothing Nothing) Nothing
                  Nothing True))
      persistFieldDef NeedsPetPetKey
        = Database.Persist.TH.lookupEntityField
            (Proxy :: Proxy NeedsPet)
            (FieldNameHS (Data.Text.unpackCStringLen# "petKey"# 6))
      persistIdField = NeedsPetId
      fieldLens NeedsPetId
        = lensPTH
            entityKey
            (\ (Entity _ value_ahqD) key_ahqE -> Entity key_ahqE value_ahqD)
      fieldLens NeedsPetPetKey
        = lensPTH
            ((\ NeedsPet {needsPetPetKey = x} -> x) . entityVal)
            (\ (Entity key_ahqF value_ahqG) x_ahqH
               -> Entity
                    key_ahqF
                    (case value_ahqG of
                       NeedsPet {} -> NeedsPet {needsPetPetKey = x_ahqH}))
    deriving stock instance Show (BackendKey backend) =>
                            Show (Key (NeedsPetGeneric backend))
    deriving stock instance Read (BackendKey backend) =>
                            Read (Key (NeedsPetGeneric backend))
    deriving newtype instance Eq (BackendKey backend) =>
                              Eq (Key (NeedsPetGeneric backend))
    deriving newtype instance Ord (BackendKey backend) =>
                              Ord (Key (NeedsPetGeneric backend))
    deriving newtype instance http-api-data-0.5.1-9e95a908ed3727e594a803f338744828f2965c2ab9a810da829995663ccd113c:Web.Internal.HttpApiData.ToHttpApiData (BackendKey backend) =>
                              http-api-data-0.5.1-9e95a908ed3727e594a803f338744828f2965c2ab9a810da829995663ccd113c:Web.Internal.HttpApiData.ToHttpApiData (Key (NeedsPetGeneric backend))
    deriving newtype instance http-api-data-0.5.1-9e95a908ed3727e594a803f338744828f2965c2ab9a810da829995663ccd113c:Web.Internal.HttpApiData.FromHttpApiData (BackendKey backend) =>
                              http-api-data-0.5.1-9e95a908ed3727e594a803f338744828f2965c2ab9a810da829995663ccd113c:Web.Internal.HttpApiData.FromHttpApiData (Key (NeedsPetGeneric backend))
    deriving newtype instance path-pieces-0.2.1-a11970791e27aa8ded0ee90bf431eca3a0c53a348d5d7c5b2fc5ab86a425eac8:Web.PathPieces.PathPiece (BackendKey backend) =>
                              path-pieces-0.2.1-a11970791e27aa8ded0ee90bf431eca3a0c53a348d5d7c5b2fc5ab86a425eac8:Web.PathPieces.PathPiece (Key (NeedsPetGeneric backend))
    deriving newtype instance PersistField (BackendKey backend) =>
                              PersistField (Key (NeedsPetGeneric backend))
    deriving newtype instance PersistFieldSql (BackendKey backend) =>
                              PersistFieldSql (Key (NeedsPetGeneric backend))
    deriving newtype instance ToJSON (BackendKey backend) =>
                              ToJSON (Key (NeedsPetGeneric backend))
    deriving newtype instance FromJSON (BackendKey backend) =>
                              FromJSON (Key (NeedsPetGeneric backend))
    instance PersistStore backend =>
             ToBackendKey backend (NeedsPetGeneric backend) where
      toBackendKey = \ NeedsPetKey {unNeedsPetKey = x} -> x
      fromBackendKey = NeedsPetKey
    type OutdoorPet = OutdoorPetGeneric SqlBackend
    data OutdoorPetGeneric backend
      = OutdoorPet {outdoorPetOwnerId :: !(Key (PersonGeneric backend)),
                    outdoorPetCollar :: !PetCollar,
                    outdoorPetType :: !PetType}
    type OutdoorPetId = Key OutdoorPet
    instance PersistStore backend =>
             PersistEntity (OutdoorPetGeneric backend) where
      type PersistEntityBackend (OutdoorPetGeneric backend) = backend
      data Unique (OutdoorPetGeneric backend)
      newtype Key (OutdoorPetGeneric backend)
        = OutdoorPetKey {unOutdoorPetKey :: (BackendKey backend)}
      data EntityField (OutdoorPetGeneric backend) typ
        = (typ ~ Key (OutdoorPetGeneric backend)) => OutdoorPetId |
          (typ ~ Key (PersonGeneric backend)) => OutdoorPetOwnerId |
          (typ ~ PetCollar) => OutdoorPetCollar |
          (typ ~ PetType) => OutdoorPetType
      keyToValues
        = ((: [])
             . (toPersistValue . (\ OutdoorPetKey {unOutdoorPetKey = x} -> x)))
      keyFromValues
        = (fmap OutdoorPetKey
             . (fromPersistValue . Database.Persist.TH.headNote))
      keyFromRecordM = Nothing
      tabulateEntityA fromField_ahr9
        = ((Entity <$> fromField_ahr9 OutdoorPetId)
             <*>
               (((pure OutdoorPet <*> fromField_ahr9 OutdoorPetOwnerId)
                   <*> fromField_ahr9 OutdoorPetCollar)
                  <*> fromField_ahr9 OutdoorPetType))
      entityDef _
        = persistent-2.14.6.1-c47d9d2aa2ef2e1c4644245518494c205109cfbb13254a36219ba31bb2a44ce9:Database.Persist.Types.Base.EntityDef
            (EntityNameHS (Data.Text.unpackCStringLen# "OutdoorPet"# 10))
            (EntityNameDB (Data.Text.unpackCStringLen# "OutdoorPet"# 10))
            (EntityIdField
               (FieldDef
                  (FieldNameHS (Data.Text.unpackCStringLen# "Id"# 2))
                  (FieldNameDB (Data.Text.unpackCStringLen# "id"# 2))
                  (FTTypeCon
                     Nothing (Data.Text.unpackCStringLen# "OutdoorPetId"# 12))
                  SqlInt64 [] True NoReference (FieldCascade Nothing Nothing) Nothing
                  Nothing True))
            [] [] [] [] [] containers-0.6.7:Data.Map.Internal.Tip False Nothing
            {persistent-2.14.6.1-c47d9d2aa2ef2e1c4644245518494c205109cfbb13254a36219ba31bb2a44ce9:Database.Persist.Types.Base.entityFields = [FieldDef
                                                                                                                                                {fieldHaskell = FieldNameHS
                                                                                                                                                                  (Data.Text.unpackCStringLen#
                                                                                                                                                                     "ownerId"#
                                                                                                                                                                     7),
                                                                                                                                                 fieldDB = FieldNameDB
                                                                                                                                                             (Data.Text.unpackCStringLen#
                                                                                                                                                                "ownerId"#
                                                                                                                                                                7),
                                                                                                                                                 fieldType = FTTypeCon
                                                                                                                                                               Nothing
                                                                                                                                                               (Data.Text.unpackCStringLen#
                                                                                                                                                                  "PersonId"#
                                                                                                                                                                  8),
                                                                                                                                                 fieldSqlType = sqlType
                                                                                                                                                                  (Proxy ::
                                                                                                                                                                     Proxy PersonId),
                                                                                                                                                 fieldAttrs = [],
                                                                                                                                                 fieldStrict = True,
                                                                                                                                                 fieldReference = ForeignRef
                                                                                                                                                                    (EntityNameHS
                                                                                                                                                                       (Data.Text.unpackCStringLen#
                                                                                                                                                                          "Person"#
                                                                                                                                                                          6)),
                                                                                                                                                 fieldCascade = FieldCascade
                                                                                                                                                                  Nothing
                                                                                                                                                                  Nothing,
                                                                                                                                                 fieldComments = Nothing,
                                                                                                                                                 fieldGenerated = Nothing,
                                                                                                                                                 fieldIsImplicitIdColumn = False},
                                                                                                                                              FieldDef
                                                                                                                                                {fieldHaskell = FieldNameHS
                                                                                                                                                                  (Data.Text.unpackCStringLen#
                                                                                                                                                                     "collar"#
                                                                                                                                                                     6),
                                                                                                                                                 fieldDB = FieldNameDB
                                                                                                                                                             (Data.Text.unpackCStringLen#
                                                                                                                                                                "collar"#
                                                                                                                                                                6),
                                                                                                                                                 fieldType = FTTypeCon
                                                                                                                                                               Nothing
                                                                                                                                                               (Data.Text.unpackCStringLen#
                                                                                                                                                                  "PetCollar"#
                                                                                                                                                                  9),
                                                                                                                                                 fieldSqlType = sqlType
                                                                                                                                                                  (Proxy ::
                                                                                                                                                                     Proxy PetCollar),
                                                                                                                                                 fieldAttrs = [],
                                                                                                                                                 fieldStrict = True,
                                                                                                                                                 fieldReference = NoReference,
                                                                                                                                                 fieldCascade = FieldCascade
                                                                                                                                                                  Nothing
                                                                                                                                                                  Nothing,
                                                                                                                                                 fieldComments = Nothing,
                                                                                                                                                 fieldGenerated = Nothing,
                                                                                                                                                 fieldIsImplicitIdColumn = False},
                                                                                                                                              FieldDef
                                                                                                                                                {fieldHaskell = FieldNameHS
                                                                                                                                                                  (Data.Text.unpackCStringLen#
                                                                                                                                                                     "type"#
                                                                                                                                                                     4),
                                                                                                                                                 fieldDB = FieldNameDB
                                                                                                                                                             (Data.Text.unpackCStringLen#
                                                                                                                                                                "type"#
                                                                                                                                                                4),
                                                                                                                                                 fieldType = FTTypeCon
                                                                                                                                                               Nothing
                                                                                                                                                               (Data.Text.unpackCStringLen#
                                                                                                                                                                  "PetType"#
                                                                                                                                                                  7),
                                                                                                                                                 fieldSqlType = sqlType
                                                                                                                                                                  (Proxy ::
                                                                                                                                                                     Proxy PetType),
                                                                                                                                                 fieldAttrs = [],
                                                                                                                                                 fieldStrict = True,
                                                                                                                                                 fieldReference = NoReference,
                                                                                                                                                 fieldCascade = FieldCascade
                                                                                                                                                                  Nothing
                                                                                                                                                                  Nothing,
                                                                                                                                                 fieldComments = Nothing,
                                                                                                                                                 fieldGenerated = Nothing,
                                                                                                                                                 fieldIsImplicitIdColumn = False}],
             persistent-2.14.6.1-c47d9d2aa2ef2e1c4644245518494c205109cfbb13254a36219ba31bb2a44ce9:Database.Persist.Types.Base.entityId = EntityIdField
                                                                                                                                           (FieldDef
                                                                                                                                              (FieldNameHS
                                                                                                                                                 (Data.Text.unpackCStringLen#
                                                                                                                                                    "Id"#
                                                                                                                                                    2))
                                                                                                                                              (FieldNameDB
                                                                                                                                                 (Data.Text.unpackCStringLen#
                                                                                                                                                    "id"#
                                                                                                                                                    2))
                                                                                                                                              (FTTypeCon
                                                                                                                                                 Nothing
                                                                                                                                                 (Data.Text.unpackCStringLen#
                                                                                                                                                    "OutdoorPetId"#
                                                                                                                                                    12))
                                                                                                                                              SqlInt64
                                                                                                                                              []
                                                                                                                                              True
                                                                                                                                              NoReference
                                                                                                                                              (FieldCascade
                                                                                                                                                 Nothing
                                                                                                                                                 Nothing)
                                                                                                                                              Nothing
                                                                                                                                              Nothing
                                                                                                                                              True),
             persistent-2.14.6.1-c47d9d2aa2ef2e1c4644245518494c205109cfbb13254a36219ba31bb2a44ce9:Database.Persist.Types.Base.entityForeigns = []}
      toPersistFields (OutdoorPet x_ahqK x_ahqL x_ahqM)
        = [toPersistValue x_ahqK, toPersistValue x_ahqL,
           toPersistValue x_ahqM]
      fromPersistValues [x1_ahqO, x2_ahqP, x3_ahqQ]
        = OutdoorPet
            <$>
              (Database.Persist.TH.mapLeft
                 (fieldError
                    (Data.Text.unpackCStringLen# "OutdoorPet"# 10)
                    (Data.Text.unpackCStringLen# "ownerId"# 7))
                 . fromPersistValue)
                x1_ahqO
            <*>
              (Database.Persist.TH.mapLeft
                 (fieldError
                    (Data.Text.unpackCStringLen# "OutdoorPet"# 10)
                    (Data.Text.unpackCStringLen# "collar"# 6))
                 . fromPersistValue)
                x2_ahqP
            <*>
              (Database.Persist.TH.mapLeft
                 (fieldError
                    (Data.Text.unpackCStringLen# "OutdoorPet"# 10)
                    (Data.Text.unpackCStringLen# "type"# 4))
                 . fromPersistValue)
                x3_ahqQ
      fromPersistValues x_ahqN
        = (Left
             $ mappend
                 (Data.Text.unpackCStringLen#
                    "OutdoorPet: fromPersistValues failed on: "# 41)
                 (Data.Text.Internal.pack $ show x_ahqN))
      persistUniqueToFieldNames _
        = error "Degenerate case, should never happen"
      persistUniqueToValues _
        = error "Degenerate case, should never happen"
      persistUniqueKeys
        (OutdoorPet _ownerId_ahqR _collar_ahqS _type_ahqT)
        = []
      persistFieldDef OutdoorPetId
        = Database.Persist.TH.stripIdFieldImpl
            (EntityIdField
               (FieldDef
                  (FieldNameHS (Data.Text.unpackCStringLen# "Id"# 2))
                  (FieldNameDB (Data.Text.unpackCStringLen# "id"# 2))
                  (FTTypeCon
                     Nothing (Data.Text.unpackCStringLen# "OutdoorPetId"# 12))
                  SqlInt64 [] True NoReference (FieldCascade Nothing Nothing) Nothing
                  Nothing True))
      persistFieldDef OutdoorPetOwnerId
        = Database.Persist.TH.lookupEntityField
            (Proxy :: Proxy OutdoorPet)
            (FieldNameHS (Data.Text.unpackCStringLen# "ownerId"# 7))
      persistFieldDef OutdoorPetCollar
        = Database.Persist.TH.lookupEntityField
            (Proxy :: Proxy OutdoorPet)
            (FieldNameHS (Data.Text.unpackCStringLen# "collar"# 6))
      persistFieldDef OutdoorPetType
        = Database.Persist.TH.lookupEntityField
            (Proxy :: Proxy OutdoorPet)
            (FieldNameHS (Data.Text.unpackCStringLen# "type"# 4))
      persistIdField = OutdoorPetId
      fieldLens OutdoorPetId
        = lensPTH
            entityKey
            (\ (Entity _ value_ahqV) key_ahqW -> Entity key_ahqW value_ahqV)
      fieldLens OutdoorPetOwnerId
        = lensPTH
            ((\ OutdoorPet {outdoorPetOwnerId = x} -> x) . entityVal)
            (\ (Entity key_ahqX value_ahqY) x_ahqZ
               -> Entity
                    key_ahqX
                    (case value_ahqY of
                       OutdoorPet {outdoorPetCollar = outdoorPetCollar_ahr1,
                                   outdoorPetType = outdoorPetType_ahr2}
                         -> OutdoorPet
                              {outdoorPetOwnerId = x_ahqZ, outdoorPetCollar = outdoorPetCollar,
                               outdoorPetType = outdoorPetType}))
      fieldLens OutdoorPetCollar
        = lensPTH
            ((\ OutdoorPet {outdoorPetCollar = x} -> x) . entityVal)
            (\ (Entity key_ahqX value_ahqY) x_ahqZ
               -> Entity
                    key_ahqX
                    (case value_ahqY of
                       OutdoorPet {outdoorPetOwnerId = outdoorPetOwnerId_ahr3,
                                   outdoorPetType = outdoorPetType_ahr5}
                         -> OutdoorPet
                              {outdoorPetOwnerId = outdoorPetOwnerId, outdoorPetCollar = x_ahqZ,
                               outdoorPetType = outdoorPetType}))
      fieldLens OutdoorPetType
        = lensPTH
            ((\ OutdoorPet {outdoorPetType = x} -> x) . entityVal)
            (\ (Entity key_ahqX value_ahqY) x_ahqZ
               -> Entity
                    key_ahqX
                    (case value_ahqY of
                       OutdoorPet {outdoorPetOwnerId = outdoorPetOwnerId_ahr6,
                                   outdoorPetCollar = outdoorPetCollar_ahr7}
                         -> OutdoorPet
                              {outdoorPetOwnerId = outdoorPetOwnerId,
                               outdoorPetCollar = outdoorPetCollar, outdoorPetType = x_ahqZ}))
    deriving stock instance Show (BackendKey backend) =>
                            Show (Key (OutdoorPetGeneric backend))
    deriving stock instance Read (BackendKey backend) =>
                            Read (Key (OutdoorPetGeneric backend))
    deriving newtype instance Eq (BackendKey backend) =>
                              Eq (Key (OutdoorPetGeneric backend))
    deriving newtype instance Ord (BackendKey backend) =>
                              Ord (Key (OutdoorPetGeneric backend))
    deriving newtype instance http-api-data-0.5.1-9e95a908ed3727e594a803f338744828f2965c2ab9a810da829995663ccd113c:Web.Internal.HttpApiData.ToHttpApiData (BackendKey backend) =>
                              http-api-data-0.5.1-9e95a908ed3727e594a803f338744828f2965c2ab9a810da829995663ccd113c:Web.Internal.HttpApiData.ToHttpApiData (Key (OutdoorPetGeneric backend))
    deriving newtype instance http-api-data-0.5.1-9e95a908ed3727e594a803f338744828f2965c2ab9a810da829995663ccd113c:Web.Internal.HttpApiData.FromHttpApiData (BackendKey backend) =>
                              http-api-data-0.5.1-9e95a908ed3727e594a803f338744828f2965c2ab9a810da829995663ccd113c:Web.Internal.HttpApiData.FromHttpApiData (Key (OutdoorPetGeneric backend))
    deriving newtype instance path-pieces-0.2.1-a11970791e27aa8ded0ee90bf431eca3a0c53a348d5d7c5b2fc5ab86a425eac8:Web.PathPieces.PathPiece (BackendKey backend) =>
                              path-pieces-0.2.1-a11970791e27aa8ded0ee90bf431eca3a0c53a348d5d7c5b2fc5ab86a425eac8:Web.PathPieces.PathPiece (Key (OutdoorPetGeneric backend))
    deriving newtype instance PersistField (BackendKey backend) =>
                              PersistField (Key (OutdoorPetGeneric backend))
    deriving newtype instance PersistFieldSql (BackendKey backend) =>
                              PersistFieldSql (Key (OutdoorPetGeneric backend))
    deriving newtype instance ToJSON (BackendKey backend) =>
                              ToJSON (Key (OutdoorPetGeneric backend))
    deriving newtype instance FromJSON (BackendKey backend) =>
                              FromJSON (Key (OutdoorPetGeneric backend))
    instance PersistStore backend =>
             ToBackendKey backend (OutdoorPetGeneric backend) where
      toBackendKey = \ OutdoorPetKey {unOutdoorPetKey = x} -> x
      fromBackendKey = OutdoorPetKey
    type UserPT = UserPTGeneric SqlBackend
    data UserPTGeneric backend
      = UserPT {userPTIdent :: !Text, userPTPassword :: !(Maybe Text)}
    type UserPTId = Key UserPT
    instance PersistStore backend =>
             PersistEntity (UserPTGeneric backend) where
      type PersistEntityBackend (UserPTGeneric backend) = backend
      data Unique (UserPTGeneric backend) = UniqueUserPT Text
      newtype Key (UserPTGeneric backend)
        = UserPTKey {unUserPTKey :: (BackendKey backend)}
      data EntityField (UserPTGeneric backend) typ
        = (typ ~ Key (UserPTGeneric backend)) => UserPTId |
          (typ ~ Text) => UserPTIdent |
          (typ ~ Maybe Text) => UserPTPassword
      keyToValues
        = ((: [])
             . (toPersistValue . (\ UserPTKey {unUserPTKey = x} -> x)))
      keyFromValues
        = (fmap UserPTKey
             . (fromPersistValue . Database.Persist.TH.headNote))
      keyFromRecordM = Nothing
      tabulateEntityA fromField_ahrs
        = ((Entity <$> fromField_ahrs UserPTId)
             <*>
               ((pure UserPT <*> fromField_ahrs UserPTIdent)
                  <*> fromField_ahrs UserPTPassword))
      entityDef _
        = persistent-2.14.6.1-c47d9d2aa2ef2e1c4644245518494c205109cfbb13254a36219ba31bb2a44ce9:Database.Persist.Types.Base.EntityDef
            (EntityNameHS (Data.Text.unpackCStringLen# "UserPT"# 6))
            (EntityNameDB (Data.Text.unpackCStringLen# "UserPT"# 6))
            (EntityIdField
               (FieldDef
                  (FieldNameHS (Data.Text.unpackCStringLen# "Id"# 2))
                  (FieldNameDB (Data.Text.unpackCStringLen# "id"# 2))
                  (FTTypeCon Nothing (Data.Text.unpackCStringLen# "UserPTId"# 8))
                  SqlInt64 [] True NoReference (FieldCascade Nothing Nothing) Nothing
                  Nothing True))
            [] []
            [UniqueDef
               (ConstraintNameHS (Data.Text.unpackCStringLen# "UniqueUserPT"# 12))
               (ConstraintNameDB (Data.Text.unpackCStringLen# "UniqueUserPT"# 12))
               ((FieldNameHS (Data.Text.unpackCStringLen# "ident"# 5), 
                 FieldNameDB (Data.Text.unpackCStringLen# "ident"# 5))
                  NEL.:| [])
               []]
            [] [] containers-0.6.7:Data.Map.Internal.Tip False Nothing
            {persistent-2.14.6.1-c47d9d2aa2ef2e1c4644245518494c205109cfbb13254a36219ba31bb2a44ce9:Database.Persist.Types.Base.entityFields = [FieldDef
                                                                                                                                                {fieldHaskell = FieldNameHS
                                                                                                                                                                  (Data.Text.unpackCStringLen#
                                                                                                                                                                     "ident"#
                                                                                                                                                                     5),
                                                                                                                                                 fieldDB = FieldNameDB
                                                                                                                                                             (Data.Text.unpackCStringLen#
                                                                                                                                                                "ident"#
                                                                                                                                                                5),
                                                                                                                                                 fieldType = FTTypeCon
                                                                                                                                                               Nothing
                                                                                                                                                               (Data.Text.unpackCStringLen#
                                                                                                                                                                  "Text"#
                                                                                                                                                                  4),
                                                                                                                                                 fieldSqlType = sqlType
                                                                                                                                                                  (Proxy ::
                                                                                                                                                                     Proxy Text),
                                                                                                                                                 fieldAttrs = [],
                                                                                                                                                 fieldStrict = True,
                                                                                                                                                 fieldReference = NoReference,
                                                                                                                                                 fieldCascade = FieldCascade
                                                                                                                                                                  Nothing
                                                                                                                                                                  Nothing,
                                                                                                                                                 fieldComments = Nothing,
                                                                                                                                                 fieldGenerated = Nothing,
                                                                                                                                                 fieldIsImplicitIdColumn = False},
                                                                                                                                              FieldDef
                                                                                                                                                {fieldHaskell = FieldNameHS
                                                                                                                                                                  (Data.Text.unpackCStringLen#
                                                                                                                                                                     "password"#
                                                                                                                                                                     8),
                                                                                                                                                 fieldDB = FieldNameDB
                                                                                                                                                             (Data.Text.unpackCStringLen#
                                                                                                                                                                "password"#
                                                                                                                                                                8),
                                                                                                                                                 fieldType = FTTypeCon
                                                                                                                                                               Nothing
                                                                                                                                                               (Data.Text.unpackCStringLen#
                                                                                                                                                                  "Text"#
                                                                                                                                                                  4),
                                                                                                                                                 fieldSqlType = sqlType
                                                                                                                                                                  (Proxy ::
                                                                                                                                                                     Proxy Text),
                                                                                                                                                 fieldAttrs = [FieldAttrMaybe],
                                                                                                                                                 fieldStrict = True,
                                                                                                                                                 fieldReference = NoReference,
                                                                                                                                                 fieldCascade = FieldCascade
                                                                                                                                                                  Nothing
                                                                                                                                                                  Nothing,
                                                                                                                                                 fieldComments = Nothing,
                                                                                                                                                 fieldGenerated = Nothing,
                                                                                                                                                 fieldIsImplicitIdColumn = False}],
             persistent-2.14.6.1-c47d9d2aa2ef2e1c4644245518494c205109cfbb13254a36219ba31bb2a44ce9:Database.Persist.Types.Base.entityId = EntityIdField
                                                                                                                                           (FieldDef
                                                                                                                                              (FieldNameHS
                                                                                                                                                 (Data.Text.unpackCStringLen#
                                                                                                                                                    "Id"#
                                                                                                                                                    2))
                                                                                                                                              (FieldNameDB
                                                                                                                                                 (Data.Text.unpackCStringLen#
                                                                                                                                                    "id"#
                                                                                                                                                    2))
                                                                                                                                              (FTTypeCon
                                                                                                                                                 Nothing
                                                                                                                                                 (Data.Text.unpackCStringLen#
                                                                                                                                                    "UserPTId"#
                                                                                                                                                    8))
                                                                                                                                              SqlInt64
                                                                                                                                              []
                                                                                                                                              True
                                                                                                                                              NoReference
                                                                                                                                              (FieldCascade
                                                                                                                                                 Nothing
                                                                                                                                                 Nothing)
                                                                                                                                              Nothing
                                                                                                                                              Nothing
                                                                                                                                              True),
             persistent-2.14.6.1-c47d9d2aa2ef2e1c4644245518494c205109cfbb13254a36219ba31bb2a44ce9:Database.Persist.Types.Base.entityForeigns = []}
      toPersistFields (UserPT x_ahra x_ahrb)
        = [toPersistValue x_ahra, toPersistValue x_ahrb]
      fromPersistValues [x1_ahrd, x2_ahre]
        = UserPT
            <$>
              (Database.Persist.TH.mapLeft
                 (fieldError
                    (Data.Text.unpackCStringLen# "UserPT"# 6)
                    (Data.Text.unpackCStringLen# "ident"# 5))
                 . fromPersistValue)
                x1_ahrd
            <*>
              (Database.Persist.TH.mapLeft
                 (fieldError
                    (Data.Text.unpackCStringLen# "UserPT"# 6)
                    (Data.Text.unpackCStringLen# "password"# 8))
                 . fromPersistValue)
                x2_ahre
      fromPersistValues x_ahrc
        = (Left
             $ mappend
                 (Data.Text.unpackCStringLen#
                    "UserPT: fromPersistValues failed on: "# 37)
                 (Data.Text.Internal.pack $ show x_ahrc))
      persistUniqueToFieldNames UniqueUserPT {}
        = ((FieldNameHS (Data.Text.unpackCStringLen# "ident"# 5), 
            FieldNameDB (Data.Text.unpackCStringLen# "ident"# 5))
             NEL.:| [])
      persistUniqueToValues (UniqueUserPT x_ahrf)
        = [toPersistValue x_ahrf]
      persistUniqueKeys (UserPT _ident_ahrg _password_ahrh)
        = [UniqueUserPT _ident_ahrg]
      persistFieldDef UserPTId
        = Database.Persist.TH.stripIdFieldImpl
            (EntityIdField
               (FieldDef
                  (FieldNameHS (Data.Text.unpackCStringLen# "Id"# 2))
                  (FieldNameDB (Data.Text.unpackCStringLen# "id"# 2))
                  (FTTypeCon Nothing (Data.Text.unpackCStringLen# "UserPTId"# 8))
                  SqlInt64 [] True NoReference (FieldCascade Nothing Nothing) Nothing
                  Nothing True))
      persistFieldDef UserPTIdent
        = Database.Persist.TH.lookupEntityField
            (Proxy :: Proxy UserPT)
            (FieldNameHS (Data.Text.unpackCStringLen# "ident"# 5))
      persistFieldDef UserPTPassword
        = Database.Persist.TH.lookupEntityField
            (Proxy :: Proxy UserPT)
            (FieldNameHS (Data.Text.unpackCStringLen# "password"# 8))
      persistIdField = UserPTId
      fieldLens UserPTId
        = lensPTH
            entityKey
            (\ (Entity _ value_ahrj) key_ahrk -> Entity key_ahrk value_ahrj)
      fieldLens UserPTIdent
        = lensPTH
            ((\ UserPT {userPTIdent = x} -> x) . entityVal)
            (\ (Entity key_ahrl value_ahrm) x_ahrn
               -> Entity
                    key_ahrl
                    (case value_ahrm of
                       UserPT {userPTPassword = userPTPassword_ahrp}
                         -> UserPT {userPTIdent = x_ahrn, userPTPassword = userPTPassword}))
      fieldLens UserPTPassword
        = lensPTH
            ((\ UserPT {userPTPassword = x} -> x) . entityVal)
            (\ (Entity key_ahrl value_ahrm) x_ahrn
               -> Entity
                    key_ahrl
                    (case value_ahrm of
                       UserPT {userPTIdent = userPTIdent_ahrq}
                         -> UserPT {userPTIdent = userPTIdent, userPTPassword = x_ahrn}))
    deriving stock instance Show (BackendKey backend) =>
                            Show (Key (UserPTGeneric backend))
    deriving stock instance Read (BackendKey backend) =>
                            Read (Key (UserPTGeneric backend))
    deriving newtype instance Eq (BackendKey backend) =>
                              Eq (Key (UserPTGeneric backend))
    deriving newtype instance Ord (BackendKey backend) =>
                              Ord (Key (UserPTGeneric backend))
    deriving newtype instance http-api-data-0.5.1-9e95a908ed3727e594a803f338744828f2965c2ab9a810da829995663ccd113c:Web.Internal.HttpApiData.ToHttpApiData (BackendKey backend) =>
                              http-api-data-0.5.1-9e95a908ed3727e594a803f338744828f2965c2ab9a810da829995663ccd113c:Web.Internal.HttpApiData.ToHttpApiData (Key (UserPTGeneric backend))
    deriving newtype instance http-api-data-0.5.1-9e95a908ed3727e594a803f338744828f2965c2ab9a810da829995663ccd113c:Web.Internal.HttpApiData.FromHttpApiData (BackendKey backend) =>
                              http-api-data-0.5.1-9e95a908ed3727e594a803f338744828f2965c2ab9a810da829995663ccd113c:Web.Internal.HttpApiData.FromHttpApiData (Key (UserPTGeneric backend))
    deriving newtype instance path-pieces-0.2.1-a11970791e27aa8ded0ee90bf431eca3a0c53a348d5d7c5b2fc5ab86a425eac8:Web.PathPieces.PathPiece (BackendKey backend) =>
                              path-pieces-0.2.1-a11970791e27aa8ded0ee90bf431eca3a0c53a348d5d7c5b2fc5ab86a425eac8:Web.PathPieces.PathPiece (Key (UserPTGeneric backend))
    deriving newtype instance PersistField (BackendKey backend) =>
                              PersistField (Key (UserPTGeneric backend))
    deriving newtype instance PersistFieldSql (BackendKey backend) =>
                              PersistFieldSql (Key (UserPTGeneric backend))
    deriving newtype instance ToJSON (BackendKey backend) =>
                              ToJSON (Key (UserPTGeneric backend))
    deriving newtype instance FromJSON (BackendKey backend) =>
                              FromJSON (Key (UserPTGeneric backend))
    instance PersistStore backend =>
             ToBackendKey backend (UserPTGeneric backend) where
      toBackendKey = \ UserPTKey {unUserPTKey = x} -> x
      fromBackendKey = UserPTKey
    type EmailPT = EmailPTGeneric SqlBackend
    data EmailPTGeneric backend
      = EmailPT {emailPTEmail :: !Text,
                 emailPTUser :: !(Maybe (Key (UserPTGeneric backend))),
                 emailPTVerkey :: !(Maybe Text)}
    type EmailPTId = Key EmailPT
    instance PersistStore backend =>
             PersistEntity (EmailPTGeneric backend) where
      type PersistEntityBackend (EmailPTGeneric backend) = backend
      data Unique (EmailPTGeneric backend) = UniqueEmailPT Text
      newtype Key (EmailPTGeneric backend)
        = EmailPTKey {unEmailPTKey :: (BackendKey backend)}
      data EntityField (EmailPTGeneric backend) typ
        = (typ ~ Key (EmailPTGeneric backend)) => EmailPTId |
          (typ ~ Text) => EmailPTEmail |
          (typ ~ Maybe (Key (UserPTGeneric backend))) => EmailPTUser |
          (typ ~ Maybe Text) => EmailPTVerkey
      keyToValues
        = ((: [])
             . (toPersistValue . (\ EmailPTKey {unEmailPTKey = x} -> x)))
      keyFromValues
        = (fmap EmailPTKey
             . (fromPersistValue . Database.Persist.TH.headNote))
      keyFromRecordM = Nothing
      tabulateEntityA fromField_ahrT
        = ((Entity <$> fromField_ahrT EmailPTId)
             <*>
               (((pure EmailPT <*> fromField_ahrT EmailPTEmail)
                   <*> fromField_ahrT EmailPTUser)
                  <*> fromField_ahrT EmailPTVerkey))
      entityDef _
        = persistent-2.14.6.1-c47d9d2aa2ef2e1c4644245518494c205109cfbb13254a36219ba31bb2a44ce9:Database.Persist.Types.Base.EntityDef
            (EntityNameHS (Data.Text.unpackCStringLen# "EmailPT"# 7))
            (EntityNameDB (Data.Text.unpackCStringLen# "EmailPT"# 7))
            (EntityIdField
               (FieldDef
                  (FieldNameHS (Data.Text.unpackCStringLen# "Id"# 2))
                  (FieldNameDB (Data.Text.unpackCStringLen# "id"# 2))
                  (FTTypeCon Nothing (Data.Text.unpackCStringLen# "EmailPTId"# 9))
                  SqlInt64 [] True NoReference (FieldCascade Nothing Nothing) Nothing
                  Nothing True))
            [] []
            [UniqueDef
               (ConstraintNameHS
                  (Data.Text.unpackCStringLen# "UniqueEmailPT"# 13))
               (ConstraintNameDB
                  (Data.Text.unpackCStringLen# "UniqueEmailPT"# 13))
               ((FieldNameHS (Data.Text.unpackCStringLen# "email"# 5), 
                 FieldNameDB (Data.Text.unpackCStringLen# "email"# 5))
                  NEL.:| [])
               []]
            [] [] containers-0.6.7:Data.Map.Internal.Tip False Nothing
            {persistent-2.14.6.1-c47d9d2aa2ef2e1c4644245518494c205109cfbb13254a36219ba31bb2a44ce9:Database.Persist.Types.Base.entityFields = [FieldDef
                                                                                                                                                {fieldHaskell = FieldNameHS
                                                                                                                                                                  (Data.Text.unpackCStringLen#
                                                                                                                                                                     "email"#
                                                                                                                                                                     5),
                                                                                                                                                 fieldDB = FieldNameDB
                                                                                                                                                             (Data.Text.unpackCStringLen#
                                                                                                                                                                "email"#
                                                                                                                                                                5),
                                                                                                                                                 fieldType = FTTypeCon
                                                                                                                                                               Nothing
                                                                                                                                                               (Data.Text.unpackCStringLen#
                                                                                                                                                                  "Text"#
                                                                                                                                                                  4),
                                                                                                                                                 fieldSqlType = sqlType
                                                                                                                                                                  (Proxy ::
                                                                                                                                                                     Proxy Text),
                                                                                                                                                 fieldAttrs = [],
                                                                                                                                                 fieldStrict = True,
                                                                                                                                                 fieldReference = NoReference,
                                                                                                                                                 fieldCascade = FieldCascade
                                                                                                                                                                  Nothing
                                                                                                                                                                  Nothing,
                                                                                                                                                 fieldComments = Nothing,
                                                                                                                                                 fieldGenerated = Nothing,
                                                                                                                                                 fieldIsImplicitIdColumn = False},
                                                                                                                                              FieldDef
                                                                                                                                                {fieldHaskell = FieldNameHS
                                                                                                                                                                  (Data.Text.unpackCStringLen#
                                                                                                                                                                     "user"#
                                                                                                                                                                     4),
                                                                                                                                                 fieldDB = FieldNameDB
                                                                                                                                                             (Data.Text.unpackCStringLen#
                                                                                                                                                                "user"#
                                                                                                                                                                4),
                                                                                                                                                 fieldType = FTTypeCon
                                                                                                                                                               Nothing
                                                                                                                                                               (Data.Text.unpackCStringLen#
                                                                                                                                                                  "UserPTId"#
                                                                                                                                                                  8),
                                                                                                                                                 fieldSqlType = sqlType
                                                                                                                                                                  (Proxy ::
                                                                                                                                                                     Proxy UserPTId),
                                                                                                                                                 fieldAttrs = [FieldAttrMaybe],
                                                                                                                                                 fieldStrict = True,
                                                                                                                                                 fieldReference = ForeignRef
                                                                                                                                                                    (EntityNameHS
                                                                                                                                                                       (Data.Text.unpackCStringLen#
                                                                                                                                                                          "UserPT"#
                                                                                                                                                                          6)),
                                                                                                                                                 fieldCascade = FieldCascade
                                                                                                                                                                  Nothing
                                                                                                                                                                  Nothing,
                                                                                                                                                 fieldComments = Nothing,
                                                                                                                                                 fieldGenerated = Nothing,
                                                                                                                                                 fieldIsImplicitIdColumn = False},
                                                                                                                                              FieldDef
                                                                                                                                                {fieldHaskell = FieldNameHS
                                                                                                                                                                  (Data.Text.unpackCStringLen#
                                                                                                                                                                     "verkey"#
                                                                                                                                                                     6),
                                                                                                                                                 fieldDB = FieldNameDB
                                                                                                                                                             (Data.Text.unpackCStringLen#
                                                                                                                                                                "verkey"#
                                                                                                                                                                6),
                                                                                                                                                 fieldType = FTTypeCon
                                                                                                                                                               Nothing
                                                                                                                                                               (Data.Text.unpackCStringLen#
                                                                                                                                                                  "Text"#
                                                                                                                                                                  4),
                                                                                                                                                 fieldSqlType = sqlType
                                                                                                                                                                  (Proxy ::
                                                                                                                                                                     Proxy Text),
                                                                                                                                                 fieldAttrs = [FieldAttrMaybe],
                                                                                                                                                 fieldStrict = True,
                                                                                                                                                 fieldReference = NoReference,
                                                                                                                                                 fieldCascade = FieldCascade
                                                                                                                                                                  Nothing
                                                                                                                                                                  Nothing,
                                                                                                                                                 fieldComments = Nothing,
                                                                                                                                                 fieldGenerated = Nothing,
                                                                                                                                                 fieldIsImplicitIdColumn = False}],
             persistent-2.14.6.1-c47d9d2aa2ef2e1c4644245518494c205109cfbb13254a36219ba31bb2a44ce9:Database.Persist.Types.Base.entityId = EntityIdField
                                                                                                                                           (FieldDef
                                                                                                                                              (FieldNameHS
                                                                                                                                                 (Data.Text.unpackCStringLen#
                                                                                                                                                    "Id"#
                                                                                                                                                    2))
                                                                                                                                              (FieldNameDB
                                                                                                                                                 (Data.Text.unpackCStringLen#
                                                                                                                                                    "id"#
                                                                                                                                                    2))
                                                                                                                                              (FTTypeCon
                                                                                                                                                 Nothing
                                                                                                                                                 (Data.Text.unpackCStringLen#
                                                                                                                                                    "EmailPTId"#
                                                                                                                                                    9))
                                                                                                                                              SqlInt64
                                                                                                                                              []
                                                                                                                                              True
                                                                                                                                              NoReference
                                                                                                                                              (FieldCascade
                                                                                                                                                 Nothing
                                                                                                                                                 Nothing)
                                                                                                                                              Nothing
                                                                                                                                              Nothing
                                                                                                                                              True),
             persistent-2.14.6.1-c47d9d2aa2ef2e1c4644245518494c205109cfbb13254a36219ba31bb2a44ce9:Database.Persist.Types.Base.entityForeigns = []}
      toPersistFields (EmailPT x_ahrt x_ahru x_ahrv)
        = [toPersistValue x_ahrt, toPersistValue x_ahru,
           toPersistValue x_ahrv]
      fromPersistValues [x1_ahrx, x2_ahry, x3_ahrz]
        = EmailPT
            <$>
              (Database.Persist.TH.mapLeft
                 (fieldError
                    (Data.Text.unpackCStringLen# "EmailPT"# 7)
                    (Data.Text.unpackCStringLen# "email"# 5))
                 . fromPersistValue)
                x1_ahrx
            <*>
              (Database.Persist.TH.mapLeft
                 (fieldError
                    (Data.Text.unpackCStringLen# "EmailPT"# 7)
                    (Data.Text.unpackCStringLen# "user"# 4))
                 . fromPersistValue)
                x2_ahry
            <*>
              (Database.Persist.TH.mapLeft
                 (fieldError
                    (Data.Text.unpackCStringLen# "EmailPT"# 7)
                    (Data.Text.unpackCStringLen# "verkey"# 6))
                 . fromPersistValue)
                x3_ahrz
      fromPersistValues x_ahrw
        = (Left
             $ mappend
                 (Data.Text.unpackCStringLen#
                    "EmailPT: fromPersistValues failed on: "# 38)
                 (Data.Text.Internal.pack $ show x_ahrw))
      persistUniqueToFieldNames UniqueEmailPT {}
        = ((FieldNameHS (Data.Text.unpackCStringLen# "email"# 5), 
            FieldNameDB (Data.Text.unpackCStringLen# "email"# 5))
             NEL.:| [])
      persistUniqueToValues (UniqueEmailPT x_ahrA)
        = [toPersistValue x_ahrA]
      persistUniqueKeys (EmailPT _email_ahrB _user_ahrC _verkey_ahrD)
        = [UniqueEmailPT _email_ahrB]
      persistFieldDef EmailPTId
        = Database.Persist.TH.stripIdFieldImpl
            (EntityIdField
               (FieldDef
                  (FieldNameHS (Data.Text.unpackCStringLen# "Id"# 2))
                  (FieldNameDB (Data.Text.unpackCStringLen# "id"# 2))
                  (FTTypeCon Nothing (Data.Text.unpackCStringLen# "EmailPTId"# 9))
                  SqlInt64 [] True NoReference (FieldCascade Nothing Nothing) Nothing
                  Nothing True))
      persistFieldDef EmailPTEmail
        = Database.Persist.TH.lookupEntityField
            (Proxy :: Proxy EmailPT)
            (FieldNameHS (Data.Text.unpackCStringLen# "email"# 5))
      persistFieldDef EmailPTUser
        = Database.Persist.TH.lookupEntityField
            (Proxy :: Proxy EmailPT)
            (FieldNameHS (Data.Text.unpackCStringLen# "user"# 4))
      persistFieldDef EmailPTVerkey
        = Database.Persist.TH.lookupEntityField
            (Proxy :: Proxy EmailPT)
            (FieldNameHS (Data.Text.unpackCStringLen# "verkey"# 6))
      persistIdField = EmailPTId
      fieldLens EmailPTId
        = lensPTH
            entityKey
            (\ (Entity _ value_ahrF) key_ahrG -> Entity key_ahrG value_ahrF)
      fieldLens EmailPTEmail
        = lensPTH
            ((\ EmailPT {emailPTEmail = x} -> x) . entityVal)
            (\ (Entity key_ahrH value_ahrI) x_ahrJ
               -> Entity
                    key_ahrH
                    (case value_ahrI of
                       EmailPT {emailPTUser = emailPTUser_ahrL,
                                emailPTVerkey = emailPTVerkey_ahrM}
                         -> EmailPT
                              {emailPTEmail = x_ahrJ, emailPTUser = emailPTUser,
                               emailPTVerkey = emailPTVerkey}))
      fieldLens EmailPTUser
        = lensPTH
            ((\ EmailPT {emailPTUser = x} -> x) . entityVal)
            (\ (Entity key_ahrH value_ahrI) x_ahrJ
               -> Entity
                    key_ahrH
                    (case value_ahrI of
                       EmailPT {emailPTEmail = emailPTEmail_ahrN,
                                emailPTVerkey = emailPTVerkey_ahrP}
                         -> EmailPT
                              {emailPTEmail = emailPTEmail, emailPTUser = x_ahrJ,
                               emailPTVerkey = emailPTVerkey}))
      fieldLens EmailPTVerkey
        = lensPTH
            ((\ EmailPT {emailPTVerkey = x} -> x) . entityVal)
            (\ (Entity key_ahrH value_ahrI) x_ahrJ
               -> Entity
                    key_ahrH
                    (case value_ahrI of
                       EmailPT {emailPTEmail = emailPTEmail_ahrQ,
                                emailPTUser = emailPTUser_ahrR}
                         -> EmailPT
                              {emailPTEmail = emailPTEmail, emailPTUser = emailPTUser,
                               emailPTVerkey = x_ahrJ}))
    deriving stock instance Show (BackendKey backend) =>
                            Show (Key (EmailPTGeneric backend))
    deriving stock instance Read (BackendKey backend) =>
                            Read (Key (EmailPTGeneric backend))
    deriving newtype instance Eq (BackendKey backend) =>
                              Eq (Key (EmailPTGeneric backend))
    deriving newtype instance Ord (BackendKey backend) =>
                              Ord (Key (EmailPTGeneric backend))
    deriving newtype instance http-api-data-0.5.1-9e95a908ed3727e594a803f338744828f2965c2ab9a810da829995663ccd113c:Web.Internal.HttpApiData.ToHttpApiData (BackendKey backend) =>
                              http-api-data-0.5.1-9e95a908ed3727e594a803f338744828f2965c2ab9a810da829995663ccd113c:Web.Internal.HttpApiData.ToHttpApiData (Key (EmailPTGeneric backend))
    deriving newtype instance http-api-data-0.5.1-9e95a908ed3727e594a803f338744828f2965c2ab9a810da829995663ccd113c:Web.Internal.HttpApiData.FromHttpApiData (BackendKey backend) =>
                              http-api-data-0.5.1-9e95a908ed3727e594a803f338744828f2965c2ab9a810da829995663ccd113c:Web.Internal.HttpApiData.FromHttpApiData (Key (EmailPTGeneric backend))
    deriving newtype instance path-pieces-0.2.1-a11970791e27aa8ded0ee90bf431eca3a0c53a348d5d7c5b2fc5ab86a425eac8:Web.PathPieces.PathPiece (BackendKey backend) =>
                              path-pieces-0.2.1-a11970791e27aa8ded0ee90bf431eca3a0c53a348d5d7c5b2fc5ab86a425eac8:Web.PathPieces.PathPiece (Key (EmailPTGeneric backend))
    deriving newtype instance PersistField (BackendKey backend) =>
                              PersistField (Key (EmailPTGeneric backend))
    deriving newtype instance PersistFieldSql (BackendKey backend) =>
                              PersistFieldSql (Key (EmailPTGeneric backend))
    deriving newtype instance ToJSON (BackendKey backend) =>
                              ToJSON (Key (EmailPTGeneric backend))
    deriving newtype instance FromJSON (BackendKey backend) =>
                              FromJSON (Key (EmailPTGeneric backend))
    instance PersistStore backend =>
             ToBackendKey backend (EmailPTGeneric backend) where
      toBackendKey = \ EmailPTKey {unEmailPTKey = x} -> x
      fromBackendKey = EmailPTKey
    type Upsert = UpsertGeneric SqlBackend
    data UpsertGeneric backend
      = Upsert {upsertEmail :: !Text,
                upsertAttr :: !Text,
                upsertExtra :: !Text,
                upsertAge :: !Int}
      deriving stock (Eq, Show)
    type UpsertId = Key Upsert
    instance PersistStore backend =>
             PersistEntity (UpsertGeneric backend) where
      type PersistEntityBackend (UpsertGeneric backend) = backend
      data Unique (UpsertGeneric backend) = UniqueUpsert Text
      newtype Key (UpsertGeneric backend)
        = UpsertKey {unUpsertKey :: (BackendKey backend)}
      data EntityField (UpsertGeneric backend) typ
        = (typ ~ Key (UpsertGeneric backend)) => UpsertId |
          (typ ~ Text) => UpsertEmail |
          (typ ~ Text) => UpsertAttr |
          (typ ~ Text) => UpsertExtra |
          (typ ~ Int) => UpsertAge
      keyToValues
        = ((: [])
             . (toPersistValue . (\ UpsertKey {unUpsertKey = x} -> x)))
      keyFromValues
        = (fmap UpsertKey
             . (fromPersistValue . Database.Persist.TH.headNote))
      keyFromRecordM = Nothing
      tabulateEntityA fromField_ahsu
        = ((Entity <$> fromField_ahsu UpsertId)
             <*>
               ((((pure Upsert <*> fromField_ahsu UpsertEmail)
                    <*> fromField_ahsu UpsertAttr)
                   <*> fromField_ahsu UpsertExtra)
                  <*> fromField_ahsu UpsertAge))
      entityDef _
        = persistent-2.14.6.1-c47d9d2aa2ef2e1c4644245518494c205109cfbb13254a36219ba31bb2a44ce9:Database.Persist.Types.Base.EntityDef
            (EntityNameHS (Data.Text.unpackCStringLen# "Upsert"# 6))
            (EntityNameDB (Data.Text.unpackCStringLen# "Upsert"# 6))
            (EntityIdField
               (FieldDef
                  (FieldNameHS (Data.Text.unpackCStringLen# "Id"# 2))
                  (FieldNameDB (Data.Text.unpackCStringLen# "id"# 2))
                  (FTTypeCon Nothing (Data.Text.unpackCStringLen# "UpsertId"# 8))
                  SqlInt64 [] True NoReference (FieldCascade Nothing Nothing) Nothing
                  Nothing True))
            [] []
            [UniqueDef
               (ConstraintNameHS (Data.Text.unpackCStringLen# "UniqueUpsert"# 12))
               (ConstraintNameDB (Data.Text.unpackCStringLen# "UniqueUpsert"# 12))
               ((FieldNameHS (Data.Text.unpackCStringLen# "email"# 5), 
                 FieldNameDB (Data.Text.unpackCStringLen# "email"# 5))
                  NEL.:| [])
               []]
            []
            [Data.Text.unpackCStringLen# "Eq"# 2,
             Data.Text.unpackCStringLen# "Show"# 4]
            containers-0.6.7:Data.Map.Internal.Tip False Nothing
            {persistent-2.14.6.1-c47d9d2aa2ef2e1c4644245518494c205109cfbb13254a36219ba31bb2a44ce9:Database.Persist.Types.Base.entityFields = [FieldDef
                                                                                                                                                {fieldHaskell = FieldNameHS
                                                                                                                                                                  (Data.Text.unpackCStringLen#
                                                                                                                                                                     "email"#
                                                                                                                                                                     5),
                                                                                                                                                 fieldDB = FieldNameDB
                                                                                                                                                             (Data.Text.unpackCStringLen#
                                                                                                                                                                "email"#
                                                                                                                                                                5),
                                                                                                                                                 fieldType = FTTypeCon
                                                                                                                                                               Nothing
                                                                                                                                                               (Data.Text.unpackCStringLen#
                                                                                                                                                                  "Text"#
                                                                                                                                                                  4),
                                                                                                                                                 fieldSqlType = sqlType
                                                                                                                                                                  (Proxy ::
                                                                                                                                                                     Proxy Text),
                                                                                                                                                 fieldAttrs = [],
                                                                                                                                                 fieldStrict = True,
                                                                                                                                                 fieldReference = NoReference,
                                                                                                                                                 fieldCascade = FieldCascade
                                                                                                                                                                  Nothing
                                                                                                                                                                  Nothing,
                                                                                                                                                 fieldComments = Nothing,
                                                                                                                                                 fieldGenerated = Nothing,
                                                                                                                                                 fieldIsImplicitIdColumn = False},
                                                                                                                                              FieldDef
                                                                                                                                                {fieldHaskell = FieldNameHS
                                                                                                                                                                  (Data.Text.unpackCStringLen#
                                                                                                                                                                     "attr"#
                                                                                                                                                                     4),
                                                                                                                                                 fieldDB = FieldNameDB
                                                                                                                                                             (Data.Text.unpackCStringLen#
                                                                                                                                                                "attr"#
                                                                                                                                                                4),
                                                                                                                                                 fieldType = FTTypeCon
                                                                                                                                                               Nothing
                                                                                                                                                               (Data.Text.unpackCStringLen#
                                                                                                                                                                  "Text"#
                                                                                                                                                                  4),
                                                                                                                                                 fieldSqlType = sqlType
                                                                                                                                                                  (Proxy ::
                                                                                                                                                                     Proxy Text),
                                                                                                                                                 fieldAttrs = [],
                                                                                                                                                 fieldStrict = True,
                                                                                                                                                 fieldReference = NoReference,
                                                                                                                                                 fieldCascade = FieldCascade
                                                                                                                                                                  Nothing
                                                                                                                                                                  Nothing,
                                                                                                                                                 fieldComments = Nothing,
                                                                                                                                                 fieldGenerated = Nothing,
                                                                                                                                                 fieldIsImplicitIdColumn = False},
                                                                                                                                              FieldDef
                                                                                                                                                {fieldHaskell = FieldNameHS
                                                                                                                                                                  (Data.Text.unpackCStringLen#
                                                                                                                                                                     "extra"#
                                                                                                                                                                     5),
                                                                                                                                                 fieldDB = FieldNameDB
                                                                                                                                                             (Data.Text.unpackCStringLen#
                                                                                                                                                                "extra"#
                                                                                                                                                                5),
                                                                                                                                                 fieldType = FTTypeCon
                                                                                                                                                               Nothing
                                                                                                                                                               (Data.Text.unpackCStringLen#
                                                                                                                                                                  "Text"#
                                                                                                                                                                  4),
                                                                                                                                                 fieldSqlType = sqlType
                                                                                                                                                                  (Proxy ::
                                                                                                                                                                     Proxy Text),
                                                                                                                                                 fieldAttrs = [],
                                                                                                                                                 fieldStrict = True,
                                                                                                                                                 fieldReference = NoReference,
                                                                                                                                                 fieldCascade = FieldCascade
                                                                                                                                                                  Nothing
                                                                                                                                                                  Nothing,
                                                                                                                                                 fieldComments = Nothing,
                                                                                                                                                 fieldGenerated = Nothing,
                                                                                                                                                 fieldIsImplicitIdColumn = False},
                                                                                                                                              FieldDef
                                                                                                                                                {fieldHaskell = FieldNameHS
                                                                                                                                                                  (Data.Text.unpackCStringLen#
                                                                                                                                                                     "age"#
                                                                                                                                                                     3),
                                                                                                                                                 fieldDB = FieldNameDB
                                                                                                                                                             (Data.Text.unpackCStringLen#
                                                                                                                                                                "age"#
                                                                                                                                                                3),
                                                                                                                                                 fieldType = FTTypeCon
                                                                                                                                                               Nothing
                                                                                                                                                               (Data.Text.unpackCStringLen#
                                                                                                                                                                  "Int"#
                                                                                                                                                                  3),
                                                                                                                                                 fieldSqlType = sqlType
                                                                                                                                                                  (Proxy ::
                                                                                                                                                                     Proxy Int),
                                                                                                                                                 fieldAttrs = [],
                                                                                                                                                 fieldStrict = True,
                                                                                                                                                 fieldReference = NoReference,
                                                                                                                                                 fieldCascade = FieldCascade
                                                                                                                                                                  Nothing
                                                                                                                                                                  Nothing,
                                                                                                                                                 fieldComments = Nothing,
                                                                                                                                                 fieldGenerated = Nothing,
                                                                                                                                                 fieldIsImplicitIdColumn = False}],
             persistent-2.14.6.1-c47d9d2aa2ef2e1c4644245518494c205109cfbb13254a36219ba31bb2a44ce9:Database.Persist.Types.Base.entityId = EntityIdField
                                                                                                                                           (FieldDef
                                                                                                                                              (FieldNameHS
                                                                                                                                                 (Data.Text.unpackCStringLen#
                                                                                                                                                    "Id"#
                                                                                                                                                    2))
                                                                                                                                              (FieldNameDB
                                                                                                                                                 (Data.Text.unpackCStringLen#
                                                                                                                                                    "id"#
                                                                                                                                                    2))
                                                                                                                                              (FTTypeCon
                                                                                                                                                 Nothing
                                                                                                                                                 (Data.Text.unpackCStringLen#
                                                                                                                                                    "UpsertId"#
                                                                                                                                                    8))
                                                                                                                                              SqlInt64
                                                                                                                                              []
                                                                                                                                              True
                                                                                                                                              NoReference
                                                                                                                                              (FieldCascade
                                                                                                                                                 Nothing
                                                                                                                                                 Nothing)
                                                                                                                                              Nothing
                                                                                                                                              Nothing
                                                                                                                                              True),
             persistent-2.14.6.1-c47d9d2aa2ef2e1c4644245518494c205109cfbb13254a36219ba31bb2a44ce9:Database.Persist.Types.Base.entityForeigns = []}
      toPersistFields (Upsert x_ahrU x_ahrV x_ahrW x_ahrX)
        = [toPersistValue x_ahrU, toPersistValue x_ahrV,
           toPersistValue x_ahrW, toPersistValue x_ahrX]
      fromPersistValues [x1_ahrZ, x2_ahs0, x3_ahs1, x4_ahs2]
        = Upsert
            <$>
              (Database.Persist.TH.mapLeft
                 (fieldError
                    (Data.Text.unpackCStringLen# "Upsert"# 6)
                    (Data.Text.unpackCStringLen# "email"# 5))
                 . fromPersistValue)
                x1_ahrZ
            <*>
              (Database.Persist.TH.mapLeft
                 (fieldError
                    (Data.Text.unpackCStringLen# "Upsert"# 6)
                    (Data.Text.unpackCStringLen# "attr"# 4))
                 . fromPersistValue)
                x2_ahs0
            <*>
              (Database.Persist.TH.mapLeft
                 (fieldError
                    (Data.Text.unpackCStringLen# "Upsert"# 6)
                    (Data.Text.unpackCStringLen# "extra"# 5))
                 . fromPersistValue)
                x3_ahs1
            <*>
              (Database.Persist.TH.mapLeft
                 (fieldError
                    (Data.Text.unpackCStringLen# "Upsert"# 6)
                    (Data.Text.unpackCStringLen# "age"# 3))
                 . fromPersistValue)
                x4_ahs2
      fromPersistValues x_ahrY
        = (Left
             $ mappend
                 (Data.Text.unpackCStringLen#
                    "Upsert: fromPersistValues failed on: "# 37)
                 (Data.Text.Internal.pack $ show x_ahrY))
      persistUniqueToFieldNames UniqueUpsert {}
        = ((FieldNameHS (Data.Text.unpackCStringLen# "email"# 5), 
            FieldNameDB (Data.Text.unpackCStringLen# "email"# 5))
             NEL.:| [])
      persistUniqueToValues (UniqueUpsert x_ahs3)
        = [toPersistValue x_ahs3]
      persistUniqueKeys
        (Upsert _email_ahs4 _attr_ahs5 _extra_ahs6 _age_ahs7)
        = [UniqueUpsert _email_ahs4]
      persistFieldDef UpsertId
        = Database.Persist.TH.stripIdFieldImpl
            (EntityIdField
               (FieldDef
                  (FieldNameHS (Data.Text.unpackCStringLen# "Id"# 2))
                  (FieldNameDB (Data.Text.unpackCStringLen# "id"# 2))
                  (FTTypeCon Nothing (Data.Text.unpackCStringLen# "UpsertId"# 8))
                  SqlInt64 [] True NoReference (FieldCascade Nothing Nothing) Nothing
                  Nothing True))
      persistFieldDef UpsertEmail
        = Database.Persist.TH.lookupEntityField
            (Proxy :: Proxy Upsert)
            (FieldNameHS (Data.Text.unpackCStringLen# "email"# 5))
      persistFieldDef UpsertAttr
        = Database.Persist.TH.lookupEntityField
            (Proxy :: Proxy Upsert)
            (FieldNameHS (Data.Text.unpackCStringLen# "attr"# 4))
      persistFieldDef UpsertExtra
        = Database.Persist.TH.lookupEntityField
            (Proxy :: Proxy Upsert)
            (FieldNameHS (Data.Text.unpackCStringLen# "extra"# 5))
      persistFieldDef UpsertAge
        = Database.Persist.TH.lookupEntityField
            (Proxy :: Proxy Upsert)
            (FieldNameHS (Data.Text.unpackCStringLen# "age"# 3))
      persistIdField = UpsertId
      fieldLens UpsertId
        = lensPTH
            entityKey
            (\ (Entity _ value_ahs9) key_ahsa -> Entity key_ahsa value_ahs9)
      fieldLens UpsertEmail
        = lensPTH
            ((\ Upsert {upsertEmail = x} -> x) . entityVal)
            (\ (Entity key_ahsb value_ahsc) x_ahsd
               -> Entity
                    key_ahsb
                    (case value_ahsc of
                       Upsert {upsertAttr = upsertAttr_ahsf,
                               upsertExtra = upsertExtra_ahsg, upsertAge = upsertAge_ahsh}
                         -> Upsert
                              {upsertEmail = x_ahsd, upsertAttr = upsertAttr,
                               upsertExtra = upsertExtra, upsertAge = upsertAge}))
      fieldLens UpsertAttr
        = lensPTH
            ((\ Upsert {upsertAttr = x} -> x) . entityVal)
            (\ (Entity key_ahsb value_ahsc) x_ahsd
               -> Entity
                    key_ahsb
                    (case value_ahsc of
                       Upsert {upsertEmail = upsertEmail_ahsi,
                               upsertExtra = upsertExtra_ahsk, upsertAge = upsertAge_ahsl}
                         -> Upsert
                              {upsertEmail = upsertEmail, upsertAttr = x_ahsd,
                               upsertExtra = upsertExtra, upsertAge = upsertAge}))
      fieldLens UpsertExtra
        = lensPTH
            ((\ Upsert {upsertExtra = x} -> x) . entityVal)
            (\ (Entity key_ahsb value_ahsc) x_ahsd
               -> Entity
                    key_ahsb
                    (case value_ahsc of
                       Upsert {upsertEmail = upsertEmail_ahsm,
                               upsertAttr = upsertAttr_ahsn, upsertAge = upsertAge_ahsp}
                         -> Upsert
                              {upsertEmail = upsertEmail, upsertAttr = upsertAttr,
                               upsertExtra = x_ahsd, upsertAge = upsertAge}))
      fieldLens UpsertAge
        = lensPTH
            ((\ Upsert {upsertAge = x} -> x) . entityVal)
            (\ (Entity key_ahsb value_ahsc) x_ahsd
               -> Entity
                    key_ahsb
                    (case value_ahsc of
                       Upsert {upsertEmail = upsertEmail_ahsq,
                               upsertAttr = upsertAttr_ahsr, upsertExtra = upsertExtra_ahss}
                         -> Upsert
                              {upsertEmail = upsertEmail, upsertAttr = upsertAttr,
                               upsertExtra = upsertExtra, upsertAge = x_ahsd}))
    deriving stock instance Show (BackendKey backend) =>
                            Show (Key (UpsertGeneric backend))
    deriving stock instance Read (BackendKey backend) =>
                            Read (Key (UpsertGeneric backend))
    deriving newtype instance Eq (BackendKey backend) =>
                              Eq (Key (UpsertGeneric backend))
    deriving newtype instance Ord (BackendKey backend) =>
                              Ord (Key (UpsertGeneric backend))
    deriving newtype instance http-api-data-0.5.1-9e95a908ed3727e594a803f338744828f2965c2ab9a810da829995663ccd113c:Web.Internal.HttpApiData.ToHttpApiData (BackendKey backend) =>
                              http-api-data-0.5.1-9e95a908ed3727e594a803f338744828f2965c2ab9a810da829995663ccd113c:Web.Internal.HttpApiData.ToHttpApiData (Key (UpsertGeneric backend))
    deriving newtype instance http-api-data-0.5.1-9e95a908ed3727e594a803f338744828f2965c2ab9a810da829995663ccd113c:Web.Internal.HttpApiData.FromHttpApiData (BackendKey backend) =>
                              http-api-data-0.5.1-9e95a908ed3727e594a803f338744828f2965c2ab9a810da829995663ccd113c:Web.Internal.HttpApiData.FromHttpApiData (Key (UpsertGeneric backend))
    deriving newtype instance path-pieces-0.2.1-a11970791e27aa8ded0ee90bf431eca3a0c53a348d5d7c5b2fc5ab86a425eac8:Web.PathPieces.PathPiece (BackendKey backend) =>
                              path-pieces-0.2.1-a11970791e27aa8ded0ee90bf431eca3a0c53a348d5d7c5b2fc5ab86a425eac8:Web.PathPieces.PathPiece (Key (UpsertGeneric backend))
    deriving newtype instance PersistField (BackendKey backend) =>
                              PersistField (Key (UpsertGeneric backend))
    deriving newtype instance PersistFieldSql (BackendKey backend) =>
                              PersistFieldSql (Key (UpsertGeneric backend))
    deriving newtype instance ToJSON (BackendKey backend) =>
                              ToJSON (Key (UpsertGeneric backend))
    deriving newtype instance FromJSON (BackendKey backend) =>
                              FromJSON (Key (UpsertGeneric backend))
    instance PersistStore backend =>
             ToBackendKey backend (UpsertGeneric backend) where
      toBackendKey = \ UpsertKey {unUpsertKey = x} -> x
      fromBackendKey = UpsertKey
    type UpsertBy = UpsertByGeneric SqlBackend
    data UpsertByGeneric backend
      = UpsertBy {upsertByEmail :: !Text,
                  upsertByCity :: !Text,
                  upsertByAttr :: !Text}
      deriving stock (Eq, Show)
    type UpsertById = Key UpsertBy
    instance PersistStore backend =>
             PersistEntity (UpsertByGeneric backend) where
      type PersistEntityBackend (UpsertByGeneric backend) = backend
      data Unique (UpsertByGeneric backend)
        = UniqueUpsertBy Text | UniqueUpsertByCity Text
      newtype Key (UpsertByGeneric backend)
        = UpsertByKey {unUpsertByKey :: (BackendKey backend)}
      data EntityField (UpsertByGeneric backend) typ
        = (typ ~ Key (UpsertByGeneric backend)) => UpsertById |
          (typ ~ Text) => UpsertByEmail |
          (typ ~ Text) => UpsertByCity |
          (typ ~ Text) => UpsertByAttr
      keyToValues
        = ((: [])
             . (toPersistValue . (\ UpsertByKey {unUpsertByKey = x} -> x)))
      keyFromValues
        = (fmap UpsertByKey
             . (fromPersistValue . Database.Persist.TH.headNote))
      keyFromRecordM = Nothing
      tabulateEntityA fromField_ahsW
        = ((Entity <$> fromField_ahsW UpsertById)
             <*>
               (((pure UpsertBy <*> fromField_ahsW UpsertByEmail)
                   <*> fromField_ahsW UpsertByCity)
                  <*> fromField_ahsW UpsertByAttr))
      entityDef _
        = persistent-2.14.6.1-c47d9d2aa2ef2e1c4644245518494c205109cfbb13254a36219ba31bb2a44ce9:Database.Persist.Types.Base.EntityDef
            (EntityNameHS (Data.Text.unpackCStringLen# "UpsertBy"# 8))
            (EntityNameDB (Data.Text.unpackCStringLen# "UpsertBy"# 8))
            (EntityIdField
               (FieldDef
                  (FieldNameHS (Data.Text.unpackCStringLen# "Id"# 2))
                  (FieldNameDB (Data.Text.unpackCStringLen# "id"# 2))
                  (FTTypeCon Nothing (Data.Text.unpackCStringLen# "UpsertById"# 10))
                  SqlInt64 [] True NoReference (FieldCascade Nothing Nothing) Nothing
                  Nothing True))
            [] []
            [UniqueDef
               (ConstraintNameHS
                  (Data.Text.unpackCStringLen# "UniqueUpsertBy"# 14))
               (ConstraintNameDB
                  (Data.Text.unpackCStringLen# "UniqueUpsertBy"# 14))
               ((FieldNameHS (Data.Text.unpackCStringLen# "email"# 5), 
                 FieldNameDB (Data.Text.unpackCStringLen# "email"# 5))
                  NEL.:| [])
               [],
             UniqueDef
               (ConstraintNameHS
                  (Data.Text.unpackCStringLen# "UniqueUpsertByCity"# 18))
               (ConstraintNameDB
                  (Data.Text.unpackCStringLen# "UniqueUpsertByCity"# 18))
               ((FieldNameHS (Data.Text.unpackCStringLen# "city"# 4), 
                 FieldNameDB (Data.Text.unpackCStringLen# "city"# 4))
                  NEL.:| [])
               []]
            []
            [Data.Text.unpackCStringLen# "Eq"# 2,
             Data.Text.unpackCStringLen# "Show"# 4]
            containers-0.6.7:Data.Map.Internal.Tip False Nothing
            {persistent-2.14.6.1-c47d9d2aa2ef2e1c4644245518494c205109cfbb13254a36219ba31bb2a44ce9:Database.Persist.Types.Base.entityFields = [FieldDef
                                                                                                                                                {fieldHaskell = FieldNameHS
                                                                                                                                                                  (Data.Text.unpackCStringLen#
                                                                                                                                                                     "email"#
                                                                                                                                                                     5),
                                                                                                                                                 fieldDB = FieldNameDB
                                                                                                                                                             (Data.Text.unpackCStringLen#
                                                                                                                                                                "email"#
                                                                                                                                                                5),
                                                                                                                                                 fieldType = FTTypeCon
                                                                                                                                                               Nothing
                                                                                                                                                               (Data.Text.unpackCStringLen#
                                                                                                                                                                  "Text"#
                                                                                                                                                                  4),
                                                                                                                                                 fieldSqlType = sqlType
                                                                                                                                                                  (Proxy ::
                                                                                                                                                                     Proxy Text),
                                                                                                                                                 fieldAttrs = [],
                                                                                                                                                 fieldStrict = True,
                                                                                                                                                 fieldReference = NoReference,
                                                                                                                                                 fieldCascade = FieldCascade
                                                                                                                                                                  Nothing
                                                                                                                                                                  Nothing,
                                                                                                                                                 fieldComments = Nothing,
                                                                                                                                                 fieldGenerated = Nothing,
                                                                                                                                                 fieldIsImplicitIdColumn = False},
                                                                                                                                              FieldDef
                                                                                                                                                {fieldHaskell = FieldNameHS
                                                                                                                                                                  (Data.Text.unpackCStringLen#
                                                                                                                                                                     "city"#
                                                                                                                                                                     4),
                                                                                                                                                 fieldDB = FieldNameDB
                                                                                                                                                             (Data.Text.unpackCStringLen#
                                                                                                                                                                "city"#
                                                                                                                                                                4),
                                                                                                                                                 fieldType = FTTypeCon
                                                                                                                                                               Nothing
                                                                                                                                                               (Data.Text.unpackCStringLen#
                                                                                                                                                                  "Text"#
                                                                                                                                                                  4),
                                                                                                                                                 fieldSqlType = sqlType
                                                                                                                                                                  (Proxy ::
                                                                                                                                                                     Proxy Text),
                                                                                                                                                 fieldAttrs = [],
                                                                                                                                                 fieldStrict = True,
                                                                                                                                                 fieldReference = NoReference,
                                                                                                                                                 fieldCascade = FieldCascade
                                                                                                                                                                  Nothing
                                                                                                                                                                  Nothing,
                                                                                                                                                 fieldComments = Nothing,
                                                                                                                                                 fieldGenerated = Nothing,
                                                                                                                                                 fieldIsImplicitIdColumn = False},
                                                                                                                                              FieldDef
                                                                                                                                                {fieldHaskell = FieldNameHS
                                                                                                                                                                  (Data.Text.unpackCStringLen#
                                                                                                                                                                     "attr"#
                                                                                                                                                                     4),
                                                                                                                                                 fieldDB = FieldNameDB
                                                                                                                                                             (Data.Text.unpackCStringLen#
                                                                                                                                                                "attr"#
                                                                                                                                                                4),
                                                                                                                                                 fieldType = FTTypeCon
                                                                                                                                                               Nothing
                                                                                                                                                               (Data.Text.unpackCStringLen#
                                                                                                                                                                  "Text"#
                                                                                                                                                                  4),
                                                                                                                                                 fieldSqlType = sqlType
                                                                                                                                                                  (Proxy ::
                                                                                                                                                                     Proxy Text),
                                                                                                                                                 fieldAttrs = [],
                                                                                                                                                 fieldStrict = True,
                                                                                                                                                 fieldReference = NoReference,
                                                                                                                                                 fieldCascade = FieldCascade
                                                                                                                                                                  Nothing
                                                                                                                                                                  Nothing,
                                                                                                                                                 fieldComments = Nothing,
                                                                                                                                                 fieldGenerated = Nothing,
                                                                                                                                                 fieldIsImplicitIdColumn = False}],
             persistent-2.14.6.1-c47d9d2aa2ef2e1c4644245518494c205109cfbb13254a36219ba31bb2a44ce9:Database.Persist.Types.Base.entityId = EntityIdField
                                                                                                                                           (FieldDef
                                                                                                                                              (FieldNameHS
                                                                                                                                                 (Data.Text.unpackCStringLen#
                                                                                                                                                    "Id"#
                                                                                                                                                    2))
                                                                                                                                              (FieldNameDB
                                                                                                                                                 (Data.Text.unpackCStringLen#
                                                                                                                                                    "id"#
                                                                                                                                                    2))
                                                                                                                                              (FTTypeCon
                                                                                                                                                 Nothing
                                                                                                                                                 (Data.Text.unpackCStringLen#
                                                                                                                                                    "UpsertById"#
                                                                                                                                                    10))
                                                                                                                                              SqlInt64
                                                                                                                                              []
                                                                                                                                              True
                                                                                                                                              NoReference
                                                                                                                                              (FieldCascade
                                                                                                                                                 Nothing
                                                                                                                                                 Nothing)
                                                                                                                                              Nothing
                                                                                                                                              Nothing
                                                                                                                                              True),
             persistent-2.14.6.1-c47d9d2aa2ef2e1c4644245518494c205109cfbb13254a36219ba31bb2a44ce9:Database.Persist.Types.Base.entityForeigns = []}
      toPersistFields (UpsertBy x_ahsv x_ahsw x_ahsx)
        = [toPersistValue x_ahsv, toPersistValue x_ahsw,
           toPersistValue x_ahsx]
      fromPersistValues [x1_ahsz, x2_ahsA, x3_ahsB]
        = UpsertBy
            <$>
              (Database.Persist.TH.mapLeft
                 (fieldError
                    (Data.Text.unpackCStringLen# "UpsertBy"# 8)
                    (Data.Text.unpackCStringLen# "email"# 5))
                 . fromPersistValue)
                x1_ahsz
            <*>
              (Database.Persist.TH.mapLeft
                 (fieldError
                    (Data.Text.unpackCStringLen# "UpsertBy"# 8)
                    (Data.Text.unpackCStringLen# "city"# 4))
                 . fromPersistValue)
                x2_ahsA
            <*>
              (Database.Persist.TH.mapLeft
                 (fieldError
                    (Data.Text.unpackCStringLen# "UpsertBy"# 8)
                    (Data.Text.unpackCStringLen# "attr"# 4))
                 . fromPersistValue)
                x3_ahsB
      fromPersistValues x_ahsy
        = (Left
             $ mappend
                 (Data.Text.unpackCStringLen#
                    "UpsertBy: fromPersistValues failed on: "# 39)
                 (Data.Text.Internal.pack $ show x_ahsy))
      persistUniqueToFieldNames UniqueUpsertBy {}
        = ((FieldNameHS (Data.Text.unpackCStringLen# "email"# 5), 
            FieldNameDB (Data.Text.unpackCStringLen# "email"# 5))
             NEL.:| [])
      persistUniqueToFieldNames UniqueUpsertByCity {}
        = ((FieldNameHS (Data.Text.unpackCStringLen# "city"# 4), 
            FieldNameDB (Data.Text.unpackCStringLen# "city"# 4))
             NEL.:| [])
      persistUniqueToValues (UniqueUpsertBy x_ahsC)
        = [toPersistValue x_ahsC]
      persistUniqueToValues (UniqueUpsertByCity x_ahsD)
        = [toPersistValue x_ahsD]
      persistUniqueKeys (UpsertBy _email_ahsE _city_ahsF _attr_ahsG)
        = [UniqueUpsertBy _email_ahsE, UniqueUpsertByCity _city_ahsF]
      persistFieldDef UpsertById
        = Database.Persist.TH.stripIdFieldImpl
            (EntityIdField
               (FieldDef
                  (FieldNameHS (Data.Text.unpackCStringLen# "Id"# 2))
                  (FieldNameDB (Data.Text.unpackCStringLen# "id"# 2))
                  (FTTypeCon Nothing (Data.Text.unpackCStringLen# "UpsertById"# 10))
                  SqlInt64 [] True NoReference (FieldCascade Nothing Nothing) Nothing
                  Nothing True))
      persistFieldDef UpsertByEmail
        = Database.Persist.TH.lookupEntityField
            (Proxy :: Proxy UpsertBy)
            (FieldNameHS (Data.Text.unpackCStringLen# "email"# 5))
      persistFieldDef UpsertByCity
        = Database.Persist.TH.lookupEntityField
            (Proxy :: Proxy UpsertBy)
            (FieldNameHS (Data.Text.unpackCStringLen# "city"# 4))
      persistFieldDef UpsertByAttr
        = Database.Persist.TH.lookupEntityField
            (Proxy :: Proxy UpsertBy)
            (FieldNameHS (Data.Text.unpackCStringLen# "attr"# 4))
      persistIdField = UpsertById
      fieldLens UpsertById
        = lensPTH
            entityKey
            (\ (Entity _ value_ahsI) key_ahsJ -> Entity key_ahsJ value_ahsI)
      fieldLens UpsertByEmail
        = lensPTH
            ((\ UpsertBy {upsertByEmail = x} -> x) . entityVal)
            (\ (Entity key_ahsK value_ahsL) x_ahsM
               -> Entity
                    key_ahsK
                    (case value_ahsL of
                       UpsertBy {upsertByCity = upsertByCity_ahsO,
                                 upsertByAttr = upsertByAttr_ahsP}
                         -> UpsertBy
                              {upsertByEmail = x_ahsM, upsertByCity = upsertByCity,
                               upsertByAttr = upsertByAttr}))
      fieldLens UpsertByCity
        = lensPTH
            ((\ UpsertBy {upsertByCity = x} -> x) . entityVal)
            (\ (Entity key_ahsK value_ahsL) x_ahsM
               -> Entity
                    key_ahsK
                    (case value_ahsL of
                       UpsertBy {upsertByEmail = upsertByEmail_ahsQ,
                                 upsertByAttr = upsertByAttr_ahsS}
                         -> UpsertBy
                              {upsertByEmail = upsertByEmail, upsertByCity = x_ahsM,
                               upsertByAttr = upsertByAttr}))
      fieldLens UpsertByAttr
        = lensPTH
            ((\ UpsertBy {upsertByAttr = x} -> x) . entityVal)
            (\ (Entity key_ahsK value_ahsL) x_ahsM
               -> Entity
                    key_ahsK
                    (case value_ahsL of
                       UpsertBy {upsertByEmail = upsertByEmail_ahsT,
                                 upsertByCity = upsertByCity_ahsU}
                         -> UpsertBy
                              {upsertByEmail = upsertByEmail, upsertByCity = upsertByCity,
                               upsertByAttr = x_ahsM}))
    deriving stock instance Show (BackendKey backend) =>
                            Show (Key (UpsertByGeneric backend))
    deriving stock instance Read (BackendKey backend) =>
                            Read (Key (UpsertByGeneric backend))
    deriving newtype instance Eq (BackendKey backend) =>
                              Eq (Key (UpsertByGeneric backend))
    deriving newtype instance Ord (BackendKey backend) =>
                              Ord (Key (UpsertByGeneric backend))
    deriving newtype instance http-api-data-0.5.1-9e95a908ed3727e594a803f338744828f2965c2ab9a810da829995663ccd113c:Web.Internal.HttpApiData.ToHttpApiData (BackendKey backend) =>
                              http-api-data-0.5.1-9e95a908ed3727e594a803f338744828f2965c2ab9a810da829995663ccd113c:Web.Internal.HttpApiData.ToHttpApiData (Key (UpsertByGeneric backend))
    deriving newtype instance http-api-data-0.5.1-9e95a908ed3727e594a803f338744828f2965c2ab9a810da829995663ccd113c:Web.Internal.HttpApiData.FromHttpApiData (BackendKey backend) =>
                              http-api-data-0.5.1-9e95a908ed3727e594a803f338744828f2965c2ab9a810da829995663ccd113c:Web.Internal.HttpApiData.FromHttpApiData (Key (UpsertByGeneric backend))
    deriving newtype instance path-pieces-0.2.1-a11970791e27aa8ded0ee90bf431eca3a0c53a348d5d7c5b2fc5ab86a425eac8:Web.PathPieces.PathPiece (BackendKey backend) =>
                              path-pieces-0.2.1-a11970791e27aa8ded0ee90bf431eca3a0c53a348d5d7c5b2fc5ab86a425eac8:Web.PathPieces.PathPiece (Key (UpsertByGeneric backend))
    deriving newtype instance PersistField (BackendKey backend) =>
                              PersistField (Key (UpsertByGeneric backend))
    deriving newtype instance PersistFieldSql (BackendKey backend) =>
                              PersistFieldSql (Key (UpsertByGeneric backend))
    deriving newtype instance ToJSON (BackendKey backend) =>
                              ToJSON (Key (UpsertByGeneric backend))
    deriving newtype instance FromJSON (BackendKey backend) =>
                              FromJSON (Key (UpsertByGeneric backend))
    instance PersistStore backend =>
             ToBackendKey backend (UpsertByGeneric backend) where
      toBackendKey = \ UpsertByKey {unUpsertByKey = x} -> x
      fromBackendKey = UpsertByKey
    type Strict = StrictGeneric SqlBackend
    data StrictGeneric backend
      = Strict {strictYes :: !Int, strictNo :: Int, strictDef :: !Int}
    type StrictId = Key Strict
    instance PersistStore backend =>
             PersistEntity (StrictGeneric backend) where
      type PersistEntityBackend (StrictGeneric backend) = backend
      data Unique (StrictGeneric backend)
      newtype Key (StrictGeneric backend)
        = StrictKey {unStrictKey :: (BackendKey backend)}
      data EntityField (StrictGeneric backend) typ
        = (typ ~ Key (StrictGeneric backend)) => StrictId |
          (typ ~ Int) => StrictYes |
          (typ ~ Int) => StrictNo |
          (typ ~ Int) => StrictDef
      keyToValues
        = ((: [])
             . (toPersistValue . (\ StrictKey {unStrictKey = x} -> x)))
      keyFromValues
        = (fmap StrictKey
             . (fromPersistValue . Database.Persist.TH.headNote))
      keyFromRecordM = Nothing
      tabulateEntityA fromField_ahtm
        = ((Entity <$> fromField_ahtm StrictId)
             <*>
               (((pure Strict <*> fromField_ahtm StrictYes)
                   <*> fromField_ahtm StrictNo)
                  <*> fromField_ahtm StrictDef))
      entityDef _
        = persistent-2.14.6.1-c47d9d2aa2ef2e1c4644245518494c205109cfbb13254a36219ba31bb2a44ce9:Database.Persist.Types.Base.EntityDef
            (EntityNameHS (Data.Text.unpackCStringLen# "Strict"# 6))
            (EntityNameDB (Data.Text.unpackCStringLen# "Strict"# 6))
            (EntityIdField
               (FieldDef
                  (FieldNameHS (Data.Text.unpackCStringLen# "Id"# 2))
                  (FieldNameDB (Data.Text.unpackCStringLen# "id"# 2))
                  (FTTypeCon Nothing (Data.Text.unpackCStringLen# "StrictId"# 8))
                  SqlInt64 [] True NoReference (FieldCascade Nothing Nothing) Nothing
                  Nothing True))
            [] [] [] [] [] containers-0.6.7:Data.Map.Internal.Tip False Nothing
            {persistent-2.14.6.1-c47d9d2aa2ef2e1c4644245518494c205109cfbb13254a36219ba31bb2a44ce9:Database.Persist.Types.Base.entityFields = [FieldDef
                                                                                                                                                {fieldHaskell = FieldNameHS
                                                                                                                                                                  (Data.Text.unpackCStringLen#
                                                                                                                                                                     "yes"#
                                                                                                                                                                     3),
                                                                                                                                                 fieldDB = FieldNameDB
                                                                                                                                                             (Data.Text.unpackCStringLen#
                                                                                                                                                                "yes"#
                                                                                                                                                                3),
                                                                                                                                                 fieldType = FTTypeCon
                                                                                                                                                               Nothing
                                                                                                                                                               (Data.Text.unpackCStringLen#
                                                                                                                                                                  "Int"#
                                                                                                                                                                  3),
                                                                                                                                                 fieldSqlType = sqlType
                                                                                                                                                                  (Proxy ::
                                                                                                                                                                     Proxy Int),
                                                                                                                                                 fieldAttrs = [],
                                                                                                                                                 fieldStrict = True,
                                                                                                                                                 fieldReference = NoReference,
                                                                                                                                                 fieldCascade = FieldCascade
                                                                                                                                                                  Nothing
                                                                                                                                                                  Nothing,
                                                                                                                                                 fieldComments = Nothing,
                                                                                                                                                 fieldGenerated = Nothing,
                                                                                                                                                 fieldIsImplicitIdColumn = False},
                                                                                                                                              FieldDef
                                                                                                                                                {fieldHaskell = FieldNameHS
                                                                                                                                                                  (Data.Text.unpackCStringLen#
                                                                                                                                                                     "no"#
                                                                                                                                                                     2),
                                                                                                                                                 fieldDB = FieldNameDB
                                                                                                                                                             (Data.Text.unpackCStringLen#
                                                                                                                                                                "no"#
                                                                                                                                                                2),
                                                                                                                                                 fieldType = FTTypeCon
                                                                                                                                                               Nothing
                                                                                                                                                               (Data.Text.unpackCStringLen#
                                                                                                                                                                  "Int"#
                                                                                                                                                                  3),
                                                                                                                                                 fieldSqlType = sqlType
                                                                                                                                                                  (Proxy ::
                                                                                                                                                                     Proxy Int),
                                                                                                                                                 fieldAttrs = [],
                                                                                                                                                 fieldStrict = False,
                                                                                                                                                 fieldReference = NoReference,
                                                                                                                                                 fieldCascade = FieldCascade
                                                                                                                                                                  Nothing
                                                                                                                                                                  Nothing,
                                                                                                                                                 fieldComments = Nothing,
                                                                                                                                                 fieldGenerated = Nothing,
                                                                                                                                                 fieldIsImplicitIdColumn = False},
                                                                                                                                              FieldDef
                                                                                                                                                {fieldHaskell = FieldNameHS
                                                                                                                                                                  (Data.Text.unpackCStringLen#
                                                                                                                                                                     "def"#
                                                                                                                                                                     3),
                                                                                                                                                 fieldDB = FieldNameDB
                                                                                                                                                             (Data.Text.unpackCStringLen#
                                                                                                                                                                "def"#
                                                                                                                                                                3),
                                                                                                                                                 fieldType = FTTypeCon
                                                                                                                                                               Nothing
                                                                                                                                                               (Data.Text.unpackCStringLen#
                                                                                                                                                                  "Int"#
                                                                                                                                                                  3),
                                                                                                                                                 fieldSqlType = sqlType
                                                                                                                                                                  (Proxy ::
                                                                                                                                                                     Proxy Int),
                                                                                                                                                 fieldAttrs = [],
                                                                                                                                                 fieldStrict = True,
                                                                                                                                                 fieldReference = NoReference,
                                                                                                                                                 fieldCascade = FieldCascade
                                                                                                                                                                  Nothing
                                                                                                                                                                  Nothing,
                                                                                                                                                 fieldComments = Nothing,
                                                                                                                                                 fieldGenerated = Nothing,
                                                                                                                                                 fieldIsImplicitIdColumn = False}],
             persistent-2.14.6.1-c47d9d2aa2ef2e1c4644245518494c205109cfbb13254a36219ba31bb2a44ce9:Database.Persist.Types.Base.entityId = EntityIdField
                                                                                                                                           (FieldDef
                                                                                                                                              (FieldNameHS
                                                                                                                                                 (Data.Text.unpackCStringLen#
                                                                                                                                                    "Id"#
                                                                                                                                                    2))
                                                                                                                                              (FieldNameDB
                                                                                                                                                 (Data.Text.unpackCStringLen#
                                                                                                                                                    "id"#
                                                                                                                                                    2))
                                                                                                                                              (FTTypeCon
                                                                                                                                                 Nothing
                                                                                                                                                 (Data.Text.unpackCStringLen#
                                                                                                                                                    "StrictId"#
                                                                                                                                                    8))
                                                                                                                                              SqlInt64
                                                                                                                                              []
                                                                                                                                              True
                                                                                                                                              NoReference
                                                                                                                                              (FieldCascade
                                                                                                                                                 Nothing
                                                                                                                                                 Nothing)
                                                                                                                                              Nothing
                                                                                                                                              Nothing
                                                                                                                                              True),
             persistent-2.14.6.1-c47d9d2aa2ef2e1c4644245518494c205109cfbb13254a36219ba31bb2a44ce9:Database.Persist.Types.Base.entityForeigns = []}
      toPersistFields (Strict x_ahsX x_ahsY x_ahsZ)
        = [toPersistValue x_ahsX, toPersistValue x_ahsY,
           toPersistValue x_ahsZ]
      fromPersistValues [x1_aht1, x2_aht2, x3_aht3]
        = Strict
            <$>
              (Database.Persist.TH.mapLeft
                 (fieldError
                    (Data.Text.unpackCStringLen# "Strict"# 6)
                    (Data.Text.unpackCStringLen# "yes"# 3))
                 . fromPersistValue)
                x1_aht1
            <*>
              (Database.Persist.TH.mapLeft
                 (fieldError
                    (Data.Text.unpackCStringLen# "Strict"# 6)
                    (Data.Text.unpackCStringLen# "no"# 2))
                 . fromPersistValue)
                x2_aht2
            <*>
              (Database.Persist.TH.mapLeft
                 (fieldError
                    (Data.Text.unpackCStringLen# "Strict"# 6)
                    (Data.Text.unpackCStringLen# "def"# 3))
                 . fromPersistValue)
                x3_aht3
      fromPersistValues x_aht0
        = (Left
             $ mappend
                 (Data.Text.unpackCStringLen#
                    "Strict: fromPersistValues failed on: "# 37)
                 (Data.Text.Internal.pack $ show x_aht0))
      persistUniqueToFieldNames _
        = error "Degenerate case, should never happen"
      persistUniqueToValues _
        = error "Degenerate case, should never happen"
      persistUniqueKeys (Strict _yes_aht4 _no_aht5 _def_aht6) = []
      persistFieldDef StrictId
        = Database.Persist.TH.stripIdFieldImpl
            (EntityIdField
               (FieldDef
                  (FieldNameHS (Data.Text.unpackCStringLen# "Id"# 2))
                  (FieldNameDB (Data.Text.unpackCStringLen# "id"# 2))
                  (FTTypeCon Nothing (Data.Text.unpackCStringLen# "StrictId"# 8))
                  SqlInt64 [] True NoReference (FieldCascade Nothing Nothing) Nothing
                  Nothing True))
      persistFieldDef StrictYes
        = Database.Persist.TH.lookupEntityField
            (Proxy :: Proxy Strict)
            (FieldNameHS (Data.Text.unpackCStringLen# "yes"# 3))
      persistFieldDef StrictNo
        = Database.Persist.TH.lookupEntityField
            (Proxy :: Proxy Strict)
            (FieldNameHS (Data.Text.unpackCStringLen# "no"# 2))
      persistFieldDef StrictDef
        = Database.Persist.TH.lookupEntityField
            (Proxy :: Proxy Strict)
            (FieldNameHS (Data.Text.unpackCStringLen# "def"# 3))
      persistIdField = StrictId
      fieldLens StrictId
        = lensPTH
            entityKey
            (\ (Entity _ value_aht8) key_aht9 -> Entity key_aht9 value_aht8)
      fieldLens StrictYes
        = lensPTH
            ((\ Strict {strictYes = x} -> x) . entityVal)
            (\ (Entity key_ahta value_ahtb) x_ahtc
               -> Entity
                    key_ahta
                    (case value_ahtb of
                       Strict {strictNo = strictNo_ahte, strictDef = strictDef_ahtf}
                         -> Strict
                              {strictYes = x_ahtc, strictNo = strictNo, strictDef = strictDef}))
      fieldLens StrictNo
        = lensPTH
            ((\ Strict {strictNo = x} -> x) . entityVal)
            (\ (Entity key_ahta value_ahtb) x_ahtc
               -> Entity
                    key_ahta
                    (case value_ahtb of
                       Strict {strictYes = strictYes_ahtg, strictDef = strictDef_ahti}
                         -> Strict
                              {strictYes = strictYes, strictNo = x_ahtc, strictDef = strictDef}))
      fieldLens StrictDef
        = lensPTH
            ((\ Strict {strictDef = x} -> x) . entityVal)
            (\ (Entity key_ahta value_ahtb) x_ahtc
               -> Entity
                    key_ahta
                    (case value_ahtb of
                       Strict {strictYes = strictYes_ahtj, strictNo = strictNo_ahtk}
                         -> Strict
                              {strictYes = strictYes, strictNo = strictNo, strictDef = x_ahtc}))
    deriving stock instance Show (BackendKey backend) =>
                            Show (Key (StrictGeneric backend))
    deriving stock instance Read (BackendKey backend) =>
                            Read (Key (StrictGeneric backend))
    deriving newtype instance Eq (BackendKey backend) =>
                              Eq (Key (StrictGeneric backend))
    deriving newtype instance Ord (BackendKey backend) =>
                              Ord (Key (StrictGeneric backend))
    deriving newtype instance http-api-data-0.5.1-9e95a908ed3727e594a803f338744828f2965c2ab9a810da829995663ccd113c:Web.Internal.HttpApiData.ToHttpApiData (BackendKey backend) =>
                              http-api-data-0.5.1-9e95a908ed3727e594a803f338744828f2965c2ab9a810da829995663ccd113c:Web.Internal.HttpApiData.ToHttpApiData (Key (StrictGeneric backend))
    deriving newtype instance http-api-data-0.5.1-9e95a908ed3727e594a803f338744828f2965c2ab9a810da829995663ccd113c:Web.Internal.HttpApiData.FromHttpApiData (BackendKey backend) =>
                              http-api-data-0.5.1-9e95a908ed3727e594a803f338744828f2965c2ab9a810da829995663ccd113c:Web.Internal.HttpApiData.FromHttpApiData (Key (StrictGeneric backend))
    deriving newtype instance path-pieces-0.2.1-a11970791e27aa8ded0ee90bf431eca3a0c53a348d5d7c5b2fc5ab86a425eac8:Web.PathPieces.PathPiece (BackendKey backend) =>
                              path-pieces-0.2.1-a11970791e27aa8ded0ee90bf431eca3a0c53a348d5d7c5b2fc5ab86a425eac8:Web.PathPieces.PathPiece (Key (StrictGeneric backend))
    deriving newtype instance PersistField (BackendKey backend) =>
                              PersistField (Key (StrictGeneric backend))
    deriving newtype instance PersistFieldSql (BackendKey backend) =>
                              PersistFieldSql (Key (StrictGeneric backend))
    deriving newtype instance ToJSON (BackendKey backend) =>
                              ToJSON (Key (StrictGeneric backend))
    deriving newtype instance FromJSON (BackendKey backend) =>
                              FromJSON (Key (StrictGeneric backend))
    instance PersistStore backend =>
             ToBackendKey backend (StrictGeneric backend) where
      toBackendKey = \ StrictKey {unStrictKey = x} -> x
      fromBackendKey = StrictKey
    instance PersistStore backend =>
             ToJSON (PersonGeneric backend) where
      toJSON (Person name_ahto age_ahtp color_ahtq)
        = object
            [(Data.Aeson.Key.fromString "name" .= name_ahto),
             (Data.Aeson.Key.fromString "age" .= age_ahtp),
             (Data.Aeson.Key.fromString "color" .= color_ahtq)]
    instance PersistStore backend =>
             FromJSON (PersonGeneric backend) where
      parseJSON
        = withObject
            "Person"
            (\ obj_ahtn
               -> (((pure Person
                       <*> (obj_ahtn .: Data.Aeson.Key.fromString "name"))
                      <*> (obj_ahtn .: Data.Aeson.Key.fromString "age"))
                     <*> (obj_ahtn .:? Data.Aeson.Key.fromString "color")))
    instance PersistStore backend =>
             ToJSON (Entity (PersonGeneric backend)) where
      toJSON = entityIdToJSON
    instance PersistStore backend =>
             FromJSON (Entity (PersonGeneric backend)) where
      parseJSON = entityIdFromJSON
    instance PersistStore backend =>
             ToJSON (PersonMayGeneric backend) where
      toJSON (PersonMay name_ahts color_ahtt)
        = object
            [(Data.Aeson.Key.fromString "name" .= name_ahts),
             (Data.Aeson.Key.fromString "color" .= color_ahtt)]
    instance PersistStore backend =>
             FromJSON (PersonMayGeneric backend) where
      parseJSON
        = withObject
            "PersonMay"
            (\ obj_ahtr
               -> ((pure PersonMay
                      <*> (obj_ahtr .:? Data.Aeson.Key.fromString "name"))
                     <*> (obj_ahtr .:? Data.Aeson.Key.fromString "color")))
    instance PersistStore backend =>
             ToJSON (Entity (PersonMayGeneric backend)) where
      toJSON = entityIdToJSON
    instance PersistStore backend =>
             FromJSON (Entity (PersonMayGeneric backend)) where
      parseJSON = entityIdFromJSON
    instance PersistStoreWrite backend =>
             OnlyOneUniqueKey (PersonGeneric backend) where
      onlyUniqueP = (head . persistUniqueKeys)
    instance PersistStoreWrite backend =>
             AtLeastOneUniqueKey (PersonGeneric backend) where
      requireUniquesP = (NEL.fromList . persistUniqueKeys)
    instance (GHC.TypeError.TypeError (NoUniqueKeysError (Person1Generic backend)),
              PersistStoreWrite backend) =>
             OnlyOneUniqueKey (Person1Generic backend) where
      onlyUniqueP _ = error "impossible"
    instance (GHC.TypeError.TypeError (MultipleUniqueKeysError (Person1Generic backend)),
              PersistStoreWrite backend) =>
             AtLeastOneUniqueKey (Person1Generic backend) where
      requireUniquesP _ = error "impossible"
    instance (GHC.TypeError.TypeError (NoUniqueKeysError (PersonMaybeAgeGeneric backend)),
              PersistStoreWrite backend) =>
             OnlyOneUniqueKey (PersonMaybeAgeGeneric backend) where
      onlyUniqueP _ = error "impossible"
    instance (GHC.TypeError.TypeError (MultipleUniqueKeysError (PersonMaybeAgeGeneric backend)),
              PersistStoreWrite backend) =>
             AtLeastOneUniqueKey (PersonMaybeAgeGeneric backend) where
      requireUniquesP _ = error "impossible"
    instance (GHC.TypeError.TypeError (NoUniqueKeysError (PersonMayGeneric backend)),
              PersistStoreWrite backend) =>
             OnlyOneUniqueKey (PersonMayGeneric backend) where
      onlyUniqueP _ = error "impossible"
    instance (GHC.TypeError.TypeError (MultipleUniqueKeysError (PersonMayGeneric backend)),
              PersistStoreWrite backend) =>
             AtLeastOneUniqueKey (PersonMayGeneric backend) where
      requireUniquesP _ = error "impossible"
    instance (GHC.TypeError.TypeError (NoUniqueKeysError (PetGeneric backend)),
              PersistStoreWrite backend) =>
             OnlyOneUniqueKey (PetGeneric backend) where
      onlyUniqueP _ = error "impossible"
    instance (GHC.TypeError.TypeError (MultipleUniqueKeysError (PetGeneric backend)),
              PersistStoreWrite backend) =>
             AtLeastOneUniqueKey (PetGeneric backend) where
      requireUniquesP _ = error "impossible"
    instance (GHC.TypeError.TypeError (NoUniqueKeysError (MaybeOwnedPetGeneric backend)),
              PersistStoreWrite backend) =>
             OnlyOneUniqueKey (MaybeOwnedPetGeneric backend) where
      onlyUniqueP _ = error "impossible"
    instance (GHC.TypeError.TypeError (MultipleUniqueKeysError (MaybeOwnedPetGeneric backend)),
              PersistStoreWrite backend) =>
             AtLeastOneUniqueKey (MaybeOwnedPetGeneric backend) where
      requireUniquesP _ = error "impossible"
    instance (GHC.TypeError.TypeError (NoUniqueKeysError (NeedsPetGeneric backend)),
              PersistStoreWrite backend) =>
             OnlyOneUniqueKey (NeedsPetGeneric backend) where
      onlyUniqueP _ = error "impossible"
    instance (GHC.TypeError.TypeError (MultipleUniqueKeysError (NeedsPetGeneric backend)),
              PersistStoreWrite backend) =>
             AtLeastOneUniqueKey (NeedsPetGeneric backend) where
      requireUniquesP _ = error "impossible"
    instance (GHC.TypeError.TypeError (NoUniqueKeysError (OutdoorPetGeneric backend)),
              PersistStoreWrite backend) =>
             OnlyOneUniqueKey (OutdoorPetGeneric backend) where
      onlyUniqueP _ = error "impossible"
    instance (GHC.TypeError.TypeError (MultipleUniqueKeysError (OutdoorPetGeneric backend)),
              PersistStoreWrite backend) =>
             AtLeastOneUniqueKey (OutdoorPetGeneric backend) where
      requireUniquesP _ = error "impossible"
    instance PersistStoreWrite backend =>
             OnlyOneUniqueKey (UserPTGeneric backend) where
      onlyUniqueP = (head . persistUniqueKeys)
    instance PersistStoreWrite backend =>
             AtLeastOneUniqueKey (UserPTGeneric backend) where
      requireUniquesP = (NEL.fromList . persistUniqueKeys)
    instance PersistStoreWrite backend =>
             OnlyOneUniqueKey (EmailPTGeneric backend) where
      onlyUniqueP = (head . persistUniqueKeys)
    instance PersistStoreWrite backend =>
             AtLeastOneUniqueKey (EmailPTGeneric backend) where
      requireUniquesP = (NEL.fromList . persistUniqueKeys)
    instance PersistStoreWrite backend =>
             OnlyOneUniqueKey (UpsertGeneric backend) where
      onlyUniqueP = (head . persistUniqueKeys)
    instance PersistStoreWrite backend =>
             AtLeastOneUniqueKey (UpsertGeneric backend) where
      requireUniquesP = (NEL.fromList . persistUniqueKeys)
    instance (GHC.TypeError.TypeError (MultipleUniqueKeysError (UpsertByGeneric backend)),
              PersistStoreWrite backend) =>
             OnlyOneUniqueKey (UpsertByGeneric backend) where
      onlyUniqueP _ = error "impossible"
    instance PersistStoreWrite backend =>
             AtLeastOneUniqueKey (UpsertByGeneric backend) where
      requireUniquesP = (NEL.fromList . persistUniqueKeys)
    instance (GHC.TypeError.TypeError (NoUniqueKeysError (StrictGeneric backend)),
              PersistStoreWrite backend) =>
             OnlyOneUniqueKey (StrictGeneric backend) where
      onlyUniqueP _ = error "impossible"
    instance (GHC.TypeError.TypeError (MultipleUniqueKeysError (StrictGeneric backend)),
              PersistStoreWrite backend) =>
             AtLeastOneUniqueKey (StrictGeneric backend) where
      requireUniquesP _ = error "impossible"
    instance SymbolToField "id" (PersonGeneric backend) (Key (PersonGeneric backend)) where
      symbolToField = PersonId
    instance SymbolToField "name" (PersonGeneric backend) Text where
      symbolToField = PersonName
    instance SymbolToField "age" (PersonGeneric backend) Int where
      symbolToField = PersonAge
    instance SymbolToField "color" (PersonGeneric backend) (Maybe Text) where
      symbolToField = PersonColor
    instance SymbolToField "id" (Person1Generic backend) (Key (Person1Generic backend)) where
      symbolToField = Person1Id
    instance SymbolToField "name" (Person1Generic backend) Text where
      symbolToField = Person1Name
    instance SymbolToField "age" (Person1Generic backend) Int where
      symbolToField = Person1Age
    instance SymbolToField "id" (PersonMaybeAgeGeneric backend) (Key (PersonMaybeAgeGeneric backend)) where
      symbolToField = PersonMaybeAgeId
    instance SymbolToField "name" (PersonMaybeAgeGeneric backend) Text where
      symbolToField = PersonMaybeAgeName
    instance SymbolToField "age" (PersonMaybeAgeGeneric backend) (Maybe Int) where
      symbolToField = PersonMaybeAgeAge
    instance SymbolToField "id" (PersonMayGeneric backend) (Key (PersonMayGeneric backend)) where
      symbolToField = PersonMayId
    instance SymbolToField "name" (PersonMayGeneric backend) (Maybe Text) where
      symbolToField = PersonMayName
    instance SymbolToField "color" (PersonMayGeneric backend) (Maybe Text) where
      symbolToField = PersonMayColor
    instance SymbolToField "id" (PetGeneric backend) (Key (PetGeneric backend)) where
      symbolToField = PetId
    instance SymbolToField "ownerId" (PetGeneric backend) (Key (PersonGeneric backend)) where
      symbolToField = PetOwnerId
    instance SymbolToField "name" (PetGeneric backend) Text where
      symbolToField = PetName
    instance SymbolToField "type" (PetGeneric backend) PetType where
      symbolToField = PetType
    instance SymbolToField "id" (MaybeOwnedPetGeneric backend) (Key (MaybeOwnedPetGeneric backend)) where
      symbolToField = MaybeOwnedPetId
    instance SymbolToField "ownerId" (MaybeOwnedPetGeneric backend) (Maybe (Key (PersonGeneric backend))) where
      symbolToField = MaybeOwnedPetOwnerId
    instance SymbolToField "name" (MaybeOwnedPetGeneric backend) Text where
      symbolToField = MaybeOwnedPetName
    instance SymbolToField "type" (MaybeOwnedPetGeneric backend) PetType where
      symbolToField = MaybeOwnedPetType
    instance SymbolToField "id" (NeedsPetGeneric backend) (Key (NeedsPetGeneric backend)) where
      symbolToField = NeedsPetId
    instance SymbolToField "petKey" (NeedsPetGeneric backend) (Key (PetGeneric backend)) where
      symbolToField = NeedsPetPetKey
    instance SymbolToField "id" (OutdoorPetGeneric backend) (Key (OutdoorPetGeneric backend)) where
      symbolToField = OutdoorPetId
    instance SymbolToField "ownerId" (OutdoorPetGeneric backend) (Key (PersonGeneric backend)) where
      symbolToField = OutdoorPetOwnerId
    instance SymbolToField "collar" (OutdoorPetGeneric backend) PetCollar where
      symbolToField = OutdoorPetCollar
    instance SymbolToField "type" (OutdoorPetGeneric backend) PetType where
      symbolToField = OutdoorPetType
    instance SymbolToField "id" (UserPTGeneric backend) (Key (UserPTGeneric backend)) where
      symbolToField = UserPTId
    instance SymbolToField "ident" (UserPTGeneric backend) Text where
      symbolToField = UserPTIdent
    instance SymbolToField "password" (UserPTGeneric backend) (Maybe Text) where
      symbolToField = UserPTPassword
    instance SymbolToField "id" (EmailPTGeneric backend) (Key (EmailPTGeneric backend)) where
      symbolToField = EmailPTId
    instance SymbolToField "email" (EmailPTGeneric backend) Text where
      symbolToField = EmailPTEmail
    instance SymbolToField "user" (EmailPTGeneric backend) (Maybe (Key (UserPTGeneric backend))) where
      symbolToField = EmailPTUser
    instance SymbolToField "verkey" (EmailPTGeneric backend) (Maybe Text) where
      symbolToField = EmailPTVerkey
    instance SymbolToField "id" (UpsertGeneric backend) (Key (UpsertGeneric backend)) where
      symbolToField = UpsertId
    instance SymbolToField "email" (UpsertGeneric backend) Text where
      symbolToField = UpsertEmail
    instance SymbolToField "attr" (UpsertGeneric backend) Text where
      symbolToField = UpsertAttr
    instance SymbolToField "extra" (UpsertGeneric backend) Text where
      symbolToField = UpsertExtra
    instance SymbolToField "age" (UpsertGeneric backend) Int where
      symbolToField = UpsertAge
    instance SymbolToField "id" (UpsertByGeneric backend) (Key (UpsertByGeneric backend)) where
      symbolToField = UpsertById
    instance SymbolToField "email" (UpsertByGeneric backend) Text where
      symbolToField = UpsertByEmail
    instance SymbolToField "city" (UpsertByGeneric backend) Text where
      symbolToField = UpsertByCity
    instance SymbolToField "attr" (UpsertByGeneric backend) Text where
      symbolToField = UpsertByAttr
    instance SymbolToField "id" (StrictGeneric backend) (Key (StrictGeneric backend)) where
      symbolToField = StrictId
    instance SymbolToField "yes" (StrictGeneric backend) Int where
      symbolToField = StrictYes
    instance SymbolToField "no" (StrictGeneric backend) Int where
      symbolToField = StrictNo
    instance SymbolToField "def" (StrictGeneric backend) Int where
      symbolToField = StrictDef
    instance PersistStoreWrite backend =>
             SafeToInsert (PersonGeneric backend)
    instance PersistStoreWrite backend =>
             SafeToInsert (Person1Generic backend)
    instance PersistStoreWrite backend =>
             SafeToInsert (PersonMaybeAgeGeneric backend)
    instance PersistStoreWrite backend =>
             SafeToInsert (PersonMayGeneric backend)
    instance PersistStoreWrite backend =>
             SafeToInsert (PetGeneric backend)
    instance PersistStoreWrite backend =>
             SafeToInsert (MaybeOwnedPetGeneric backend)
    instance PersistStoreWrite backend =>
             SafeToInsert (NeedsPetGeneric backend)
    instance PersistStoreWrite backend =>
             SafeToInsert (OutdoorPetGeneric backend)
    instance PersistStoreWrite backend =>
             SafeToInsert (UserPTGeneric backend)
    instance PersistStoreWrite backend =>
             SafeToInsert (EmailPTGeneric backend)
    instance PersistStoreWrite backend =>
             SafeToInsert (UpsertGeneric backend)
    instance PersistStoreWrite backend =>
             SafeToInsert (UpsertByGeneric backend)
    instance PersistStoreWrite backend =>
             SafeToInsert (StrictGeneric backend)
    entityDefListFortestMigrate :: [EntityDef]
    entityDefListFortestMigrate
      = [entityDef (Proxy :: Proxy Person),
         entityDef (Proxy :: Proxy Person1),
         entityDef (Proxy :: Proxy PersonMaybeAge),
         entityDef (Proxy :: Proxy PersonMay),
         entityDef (Proxy :: Proxy Pet),
         entityDef (Proxy :: Proxy MaybeOwnedPet),
         entityDef (Proxy :: Proxy NeedsPet),
         entityDef (Proxy :: Proxy OutdoorPet),
         entityDef (Proxy :: Proxy UserPT),
         entityDef (Proxy :: Proxy EmailPT),
         entityDef (Proxy :: Proxy Upsert),
         entityDef (Proxy :: Proxy UpsertBy),
         entityDef (Proxy :: Proxy Strict)]
    testMigrate :: Migration
    testMigrate = migrateModels entityDefListFortestMigrate
test/PersistentTestModels.hs:(120,27)-(130,2): Splicing expression
    Language.Haskell.TH.Quote.quoteExp
      persistLowerCase
      "\n\
      \NoPrefix1\n\
      \    someFieldName Int\n\
      \NoPrefix2\n\
      \    someOtherFieldName Int\n\
      \    unprefixedRef NoPrefix1Id\n\
      \+NoPrefixSum\n\
      \    unprefixedLeft Int\n\
      \    unprefixedRight String\n\
      \    deriving Show Eq\n"
  ======>
    [Database.Persist.Quasi.Internal.UnboundEntityDef
       []
       (Database.Persist.Quasi.Internal.DefaultKey
          (FieldNameDB (Data.Text.unpackCStringLen# "id"# 2)))
       (persistent-2.14.6.1-c47d9d2aa2ef2e1c4644245518494c205109cfbb13254a36219ba31bb2a44ce9:Database.Persist.Types.Base.EntityDef
          (EntityNameHS (Data.Text.unpackCStringLen# "NoPrefix1"# 9))
          (EntityNameDB (Data.Text.unpackCStringLen# "no_prefix1"# 10))
          (EntityIdField
             (FieldDef
                (FieldNameHS (Data.Text.unpackCStringLen# "Id"# 2))
                (FieldNameDB (Data.Text.unpackCStringLen# "id"# 2))
                (FTTypeCon Nothing (Data.Text.unpackCStringLen# "NoPrefix1Id"# 11))
                SqlInt64 [] True NoReference (FieldCascade Nothing Nothing) Nothing
                Nothing True))
          [] [] [] [] [] containers-0.6.7:Data.Map.Internal.Tip False
          Nothing)
       [Database.Persist.Quasi.Internal.UnboundFieldDef
          (FieldNameHS (Data.Text.unpackCStringLen# "someFieldName"# 13))
          (FieldNameDB (Data.Text.unpackCStringLen# "some_field_name"# 15))
          [] True (FTTypeCon Nothing (Data.Text.unpackCStringLen# "Int"# 3))
          (FieldCascade Nothing Nothing) Nothing Nothing],
     Database.Persist.Quasi.Internal.UnboundEntityDef
       []
       (Database.Persist.Quasi.Internal.DefaultKey
          (FieldNameDB (Data.Text.unpackCStringLen# "id"# 2)))
       (persistent-2.14.6.1-c47d9d2aa2ef2e1c4644245518494c205109cfbb13254a36219ba31bb2a44ce9:Database.Persist.Types.Base.EntityDef
          (EntityNameHS (Data.Text.unpackCStringLen# "NoPrefix2"# 9))
          (EntityNameDB (Data.Text.unpackCStringLen# "no_prefix2"# 10))
          (EntityIdField
             (FieldDef
                (FieldNameHS (Data.Text.unpackCStringLen# "Id"# 2))
                (FieldNameDB (Data.Text.unpackCStringLen# "id"# 2))
                (FTTypeCon Nothing (Data.Text.unpackCStringLen# "NoPrefix2Id"# 11))
                SqlInt64 [] True NoReference (FieldCascade Nothing Nothing) Nothing
                Nothing True))
          [] [] [] [] [] containers-0.6.7:Data.Map.Internal.Tip False
          Nothing)
       [Database.Persist.Quasi.Internal.UnboundFieldDef
          (FieldNameHS
             (Data.Text.unpackCStringLen# "someOtherFieldName"# 18))
          (FieldNameDB
             (Data.Text.unpackCStringLen# "some_other_field_name"# 21))
          [] True (FTTypeCon Nothing (Data.Text.unpackCStringLen# "Int"# 3))
          (FieldCascade Nothing Nothing) Nothing Nothing,
        Database.Persist.Quasi.Internal.UnboundFieldDef
          (FieldNameHS (Data.Text.unpackCStringLen# "unprefixedRef"# 13))
          (FieldNameDB (Data.Text.unpackCStringLen# "unprefixed_ref"# 14)) []
          True
          (FTTypeCon Nothing (Data.Text.unpackCStringLen# "NoPrefix1Id"# 11))
          (FieldCascade Nothing Nothing) Nothing Nothing],
     Database.Persist.Quasi.Internal.UnboundEntityDef
       []
       (Database.Persist.Quasi.Internal.DefaultKey
          (FieldNameDB (Data.Text.unpackCStringLen# "id"# 2)))
       (persistent-2.14.6.1-c47d9d2aa2ef2e1c4644245518494c205109cfbb13254a36219ba31bb2a44ce9:Database.Persist.Types.Base.EntityDef
          (EntityNameHS (Data.Text.unpackCStringLen# "NoPrefixSum"# 11))
          (EntityNameDB (Data.Text.unpackCStringLen# "no_prefix_sum"# 13))
          (EntityIdField
             (FieldDef
                (FieldNameHS (Data.Text.unpackCStringLen# "Id"# 2))
                (FieldNameDB (Data.Text.unpackCStringLen# "id"# 2))
                (FTTypeCon
                   Nothing (Data.Text.unpackCStringLen# "NoPrefixSumId"# 13))
                SqlInt64 [] True NoReference (FieldCascade Nothing Nothing) Nothing
                Nothing True))
          [] [] [] []
          [Data.Text.unpackCStringLen# "Show"# 4,
           Data.Text.unpackCStringLen# "Eq"# 2]
          containers-0.6.7:Data.Map.Internal.Tip True Nothing)
       [Database.Persist.Quasi.Internal.UnboundFieldDef
          (FieldNameHS (Data.Text.unpackCStringLen# "unprefixedLeft"# 14))
          (FieldNameDB (Data.Text.unpackCStringLen# "unprefixed_left"# 15))
          [] True (FTTypeCon Nothing (Data.Text.unpackCStringLen# "Int"# 3))
          (FieldCascade Nothing Nothing) Nothing Nothing,
        Database.Persist.Quasi.Internal.UnboundFieldDef
          (FieldNameHS (Data.Text.unpackCStringLen# "unprefixedRight"# 15))
          (FieldNameDB (Data.Text.unpackCStringLen# "unprefixed_right"# 16))
          [] True
          (FTTypeCon Nothing (Data.Text.unpackCStringLen# "String"# 6))
          (FieldCascade Nothing Nothing) Nothing Nothing]]
test/PersistentTestModels.hs:(118,1)-(130,2): Splicing declarations
    share
      [mkPersist
         sqlSettings {mpsPrefixFields = False, mpsGeneric = True},
       mkMigrate "noPrefixMigrate"]
      ([Database.Persist.Quasi.Internal.UnboundEntityDef
          []
          (Database.Persist.Quasi.Internal.DefaultKey
             (FieldNameDB (Data.Text.unpackCStringLen# "id"# 2)))
          (persistent-2.14.6.1-c47d9d2aa2ef2e1c4644245518494c205109cfbb13254a36219ba31bb2a44ce9:Database.Persist.Types.Base.EntityDef
             (EntityNameHS (Data.Text.unpackCStringLen# "NoPrefix1"# 9))
             (EntityNameDB (Data.Text.unpackCStringLen# "no_prefix1"# 10))
             (EntityIdField
                (FieldDef
                   (FieldNameHS (Data.Text.unpackCStringLen# "Id"# 2))
                   (FieldNameDB (Data.Text.unpackCStringLen# "id"# 2))
                   (FTTypeCon Nothing (Data.Text.unpackCStringLen# "NoPrefix1Id"# 11))
                   SqlInt64 [] True NoReference (FieldCascade Nothing Nothing) Nothing
                   Nothing True))
             [] [] [] [] [] containers-0.6.7:Data.Map.Internal.Tip False
             Nothing)
          [Database.Persist.Quasi.Internal.UnboundFieldDef
             (FieldNameHS (Data.Text.unpackCStringLen# "someFieldName"# 13))
             (FieldNameDB (Data.Text.unpackCStringLen# "some_field_name"# 15))
             [] True (FTTypeCon Nothing (Data.Text.unpackCStringLen# "Int"# 3))
             (FieldCascade Nothing Nothing) Nothing Nothing],
        Database.Persist.Quasi.Internal.UnboundEntityDef
          []
          (Database.Persist.Quasi.Internal.DefaultKey
             (FieldNameDB (Data.Text.unpackCStringLen# "id"# 2)))
          (persistent-2.14.6.1-c47d9d2aa2ef2e1c4644245518494c205109cfbb13254a36219ba31bb2a44ce9:Database.Persist.Types.Base.EntityDef
             (EntityNameHS (Data.Text.unpackCStringLen# "NoPrefix2"# 9))
             (EntityNameDB (Data.Text.unpackCStringLen# "no_prefix2"# 10))
             (EntityIdField
                (FieldDef
                   (FieldNameHS (Data.Text.unpackCStringLen# "Id"# 2))
                   (FieldNameDB (Data.Text.unpackCStringLen# "id"# 2))
                   (FTTypeCon Nothing (Data.Text.unpackCStringLen# "NoPrefix2Id"# 11))
                   SqlInt64 [] True NoReference (FieldCascade Nothing Nothing) Nothing
                   Nothing True))
             [] [] [] [] [] containers-0.6.7:Data.Map.Internal.Tip False
             Nothing)
          [Database.Persist.Quasi.Internal.UnboundFieldDef
             (FieldNameHS
                (Data.Text.unpackCStringLen# "someOtherFieldName"# 18))
             (FieldNameDB
                (Data.Text.unpackCStringLen# "some_other_field_name"# 21))
             [] True (FTTypeCon Nothing (Data.Text.unpackCStringLen# "Int"# 3))
             (FieldCascade Nothing Nothing) Nothing Nothing,
           Database.Persist.Quasi.Internal.UnboundFieldDef
             (FieldNameHS (Data.Text.unpackCStringLen# "unprefixedRef"# 13))
             (FieldNameDB (Data.Text.unpackCStringLen# "unprefixed_ref"# 14)) []
             True
             (FTTypeCon Nothing (Data.Text.unpackCStringLen# "NoPrefix1Id"# 11))
             (FieldCascade Nothing Nothing) Nothing Nothing],
        Database.Persist.Quasi.Internal.UnboundEntityDef
          []
          (Database.Persist.Quasi.Internal.DefaultKey
             (FieldNameDB (Data.Text.unpackCStringLen# "id"# 2)))
          (persistent-2.14.6.1-c47d9d2aa2ef2e1c4644245518494c205109cfbb13254a36219ba31bb2a44ce9:Database.Persist.Types.Base.EntityDef
             (EntityNameHS (Data.Text.unpackCStringLen# "NoPrefixSum"# 11))
             (EntityNameDB (Data.Text.unpackCStringLen# "no_prefix_sum"# 13))
             (EntityIdField
                (FieldDef
                   (FieldNameHS (Data.Text.unpackCStringLen# "Id"# 2))
                   (FieldNameDB (Data.Text.unpackCStringLen# "id"# 2))
                   (FTTypeCon
                      Nothing (Data.Text.unpackCStringLen# "NoPrefixSumId"# 13))
                   SqlInt64 [] True NoReference (FieldCascade Nothing Nothing) Nothing
                   Nothing True))
             [] [] [] []
             [Data.Text.unpackCStringLen# "Show"# 4,
              Data.Text.unpackCStringLen# "Eq"# 2]
             containers-0.6.7:Data.Map.Internal.Tip True Nothing)
          [Database.Persist.Quasi.Internal.UnboundFieldDef
             (FieldNameHS (Data.Text.unpackCStringLen# "unprefixedLeft"# 14))
             (FieldNameDB (Data.Text.unpackCStringLen# "unprefixed_left"# 15))
             [] True (FTTypeCon Nothing (Data.Text.unpackCStringLen# "Int"# 3))
             (FieldCascade Nothing Nothing) Nothing Nothing,
           Database.Persist.Quasi.Internal.UnboundFieldDef
             (FieldNameHS (Data.Text.unpackCStringLen# "unprefixedRight"# 15))
             (FieldNameDB (Data.Text.unpackCStringLen# "unprefixed_right"# 16))
             [] True
             (FTTypeCon Nothing (Data.Text.unpackCStringLen# "String"# 6))
             (FieldCascade Nothing Nothing) Nothing Nothing]])
  ======>
    instance PersistStore backend =>
             PersistField (NoPrefix1Generic backend) where
      toPersistValue = Database.Persist.TH.entityToPersistValueHelper
      fromPersistValue
        = Database.Persist.TH.entityFromPersistValueHelper
            ["someFieldName"]
    instance PersistStore backend =>
             PersistFieldSql (NoPrefix1Generic backend) where
      sqlType _ = SqlString
    instance PersistStore backend =>
             PersistField (NoPrefix2Generic backend) where
      toPersistValue = Database.Persist.TH.entityToPersistValueHelper
      fromPersistValue
        = Database.Persist.TH.entityFromPersistValueHelper
            ["someOtherFieldName", "unprefixedRef"]
    instance PersistStore backend =>
             PersistFieldSql (NoPrefix2Generic backend) where
      sqlType _ = SqlString
    instance PersistStore backend =>
             PersistField (NoPrefixSumGeneric backend) where
      toPersistValue = Database.Persist.TH.entityToPersistValueHelper
      fromPersistValue
        = Database.Persist.TH.entityFromPersistValueHelper
            ["unprefixedLeft", "unprefixedRight"]
    instance PersistStore backend =>
             PersistFieldSql (NoPrefixSumGeneric backend) where
      sqlType _ = SqlString
    type NoPrefix1 = NoPrefix1Generic SqlBackend
    data NoPrefix1Generic backend = NoPrefix1 {someFieldName :: !Int}
    type NoPrefix1Id = Key NoPrefix1
    instance PersistStore backend =>
             PersistEntity (NoPrefix1Generic backend) where
      type PersistEntityBackend (NoPrefix1Generic backend) = backend
      data Unique (NoPrefix1Generic backend)
      newtype Key (NoPrefix1Generic backend)
        = NoPrefix1Key {unNoPrefix1Key :: (BackendKey backend)}
      data EntityField (NoPrefix1Generic backend) typ
        = (typ ~ Key (NoPrefix1Generic backend)) => NoPrefix1Id |
          (typ ~ Int) => SomeFieldName
      keyToValues
        = ((: [])
             . (toPersistValue . (\ NoPrefix1Key {unNoPrefix1Key = x} -> x)))
      keyFromValues
        = (fmap NoPrefix1Key
             . (fromPersistValue . Database.Persist.TH.headNote))
      keyFromRecordM = Nothing
      tabulateEntityA fromField_aqF6
        = ((Entity <$> fromField_aqF6 NoPrefix1Id)
             <*> (pure NoPrefix1 <*> fromField_aqF6 SomeFieldName))
      entityDef _
        = persistent-2.14.6.1-c47d9d2aa2ef2e1c4644245518494c205109cfbb13254a36219ba31bb2a44ce9:Database.Persist.Types.Base.EntityDef
            (EntityNameHS (Data.Text.unpackCStringLen# "NoPrefix1"# 9))
            (EntityNameDB (Data.Text.unpackCStringLen# "no_prefix1"# 10))
            (EntityIdField
               (FieldDef
                  (FieldNameHS (Data.Text.unpackCStringLen# "Id"# 2))
                  (FieldNameDB (Data.Text.unpackCStringLen# "id"# 2))
                  (FTTypeCon Nothing (Data.Text.unpackCStringLen# "NoPrefix1Id"# 11))
                  SqlInt64 [] True NoReference (FieldCascade Nothing Nothing) Nothing
                  Nothing True))
            [] [] [] [] [] containers-0.6.7:Data.Map.Internal.Tip False Nothing
            {persistent-2.14.6.1-c47d9d2aa2ef2e1c4644245518494c205109cfbb13254a36219ba31bb2a44ce9:Database.Persist.Types.Base.entityFields = [FieldDef
                                                                                                                                                {fieldHaskell = FieldNameHS
                                                                                                                                                                  (Data.Text.unpackCStringLen#
                                                                                                                                                                     "someFieldName"#
                                                                                                                                                                     13),
                                                                                                                                                 fieldDB = FieldNameDB
                                                                                                                                                             (Data.Text.unpackCStringLen#
                                                                                                                                                                "some_field_name"#
                                                                                                                                                                15),
                                                                                                                                                 fieldType = FTTypeCon
                                                                                                                                                               Nothing
                                                                                                                                                               (Data.Text.unpackCStringLen#
                                                                                                                                                                  "Int"#
                                                                                                                                                                  3),
                                                                                                                                                 fieldSqlType = sqlType
                                                                                                                                                                  (Proxy ::
                                                                                                                                                                     Proxy Int),
                                                                                                                                                 fieldAttrs = [],
                                                                                                                                                 fieldStrict = True,
                                                                                                                                                 fieldReference = NoReference,
                                                                                                                                                 fieldCascade = FieldCascade
                                                                                                                                                                  Nothing
                                                                                                                                                                  Nothing,
                                                                                                                                                 fieldComments = Nothing,
                                                                                                                                                 fieldGenerated = Nothing,
                                                                                                                                                 fieldIsImplicitIdColumn = False}],
             persistent-2.14.6.1-c47d9d2aa2ef2e1c4644245518494c205109cfbb13254a36219ba31bb2a44ce9:Database.Persist.Types.Base.entityId = EntityIdField
                                                                                                                                           (FieldDef
                                                                                                                                              (FieldNameHS
                                                                                                                                                 (Data.Text.unpackCStringLen#
                                                                                                                                                    "Id"#
                                                                                                                                                    2))
                                                                                                                                              (FieldNameDB
                                                                                                                                                 (Data.Text.unpackCStringLen#
                                                                                                                                                    "id"#
                                                                                                                                                    2))
                                                                                                                                              (FTTypeCon
                                                                                                                                                 Nothing
                                                                                                                                                 (Data.Text.unpackCStringLen#
                                                                                                                                                    "NoPrefix1Id"#
                                                                                                                                                    11))
                                                                                                                                              SqlInt64
                                                                                                                                              []
                                                                                                                                              True
                                                                                                                                              NoReference
                                                                                                                                              (FieldCascade
                                                                                                                                                 Nothing
                                                                                                                                                 Nothing)
                                                                                                                                              Nothing
                                                                                                                                              Nothing
                                                                                                                                              True),
             persistent-2.14.6.1-c47d9d2aa2ef2e1c4644245518494c205109cfbb13254a36219ba31bb2a44ce9:Database.Persist.Types.Base.entityForeigns = []}
      toPersistFields (NoPrefix1 x_aqEV) = [toPersistValue x_aqEV]
      fromPersistValues [x1_aqEX]
        = NoPrefix1
            <$>
              (Database.Persist.TH.mapLeft
                 (fieldError
                    (Data.Text.unpackCStringLen# "no_prefix1"# 10)
                    (Data.Text.unpackCStringLen# "someFieldName"# 13))
                 . fromPersistValue)
                x1_aqEX
      fromPersistValues x_aqEW
        = (Left
             $ mappend
                 (Data.Text.unpackCStringLen#
                    "NoPrefix1: fromPersistValues failed on: "# 40)
                 (Data.Text.Internal.pack $ show x_aqEW))
      persistUniqueToFieldNames _
        = error "Degenerate case, should never happen"
      persistUniqueToValues _
        = error "Degenerate case, should never happen"
      persistUniqueKeys (NoPrefix1 _someFieldName_aqEY) = []
      persistFieldDef NoPrefix1Id
        = Database.Persist.TH.stripIdFieldImpl
            (EntityIdField
               (FieldDef
                  (FieldNameHS (Data.Text.unpackCStringLen# "Id"# 2))
                  (FieldNameDB (Data.Text.unpackCStringLen# "id"# 2))
                  (FTTypeCon Nothing (Data.Text.unpackCStringLen# "NoPrefix1Id"# 11))
                  SqlInt64 [] True NoReference (FieldCascade Nothing Nothing) Nothing
                  Nothing True))
      persistFieldDef SomeFieldName
        = Database.Persist.TH.lookupEntityField
            (Proxy :: Proxy NoPrefix1)
            (FieldNameHS (Data.Text.unpackCStringLen# "someFieldName"# 13))
      persistIdField = NoPrefix1Id
      fieldLens NoPrefix1Id
        = lensPTH
            entityKey
            (\ (Entity _ value_aqF0) key_aqF1 -> Entity key_aqF1 value_aqF0)
      fieldLens SomeFieldName
        = lensPTH
            ((\ NoPrefix1 {someFieldName = x} -> x) . entityVal)
            (\ (Entity key_aqF2 value_aqF3) x_aqF4
               -> Entity
                    key_aqF2
                    (case value_aqF3 of
                       NoPrefix1 {} -> NoPrefix1 {someFieldName = x_aqF4}))
    deriving stock instance Show (BackendKey backend) =>
                            Show (Key (NoPrefix1Generic backend))
    deriving stock instance Read (BackendKey backend) =>
                            Read (Key (NoPrefix1Generic backend))
    deriving newtype instance Eq (BackendKey backend) =>
                              Eq (Key (NoPrefix1Generic backend))
    deriving newtype instance Ord (BackendKey backend) =>
                              Ord (Key (NoPrefix1Generic backend))
    deriving newtype instance http-api-data-0.5.1-9e95a908ed3727e594a803f338744828f2965c2ab9a810da829995663ccd113c:Web.Internal.HttpApiData.ToHttpApiData (BackendKey backend) =>
                              http-api-data-0.5.1-9e95a908ed3727e594a803f338744828f2965c2ab9a810da829995663ccd113c:Web.Internal.HttpApiData.ToHttpApiData (Key (NoPrefix1Generic backend))
    deriving newtype instance http-api-data-0.5.1-9e95a908ed3727e594a803f338744828f2965c2ab9a810da829995663ccd113c:Web.Internal.HttpApiData.FromHttpApiData (BackendKey backend) =>
                              http-api-data-0.5.1-9e95a908ed3727e594a803f338744828f2965c2ab9a810da829995663ccd113c:Web.Internal.HttpApiData.FromHttpApiData (Key (NoPrefix1Generic backend))
    deriving newtype instance path-pieces-0.2.1-a11970791e27aa8ded0ee90bf431eca3a0c53a348d5d7c5b2fc5ab86a425eac8:Web.PathPieces.PathPiece (BackendKey backend) =>
                              path-pieces-0.2.1-a11970791e27aa8ded0ee90bf431eca3a0c53a348d5d7c5b2fc5ab86a425eac8:Web.PathPieces.PathPiece (Key (NoPrefix1Generic backend))
    deriving newtype instance PersistField (BackendKey backend) =>
                              PersistField (Key (NoPrefix1Generic backend))
    deriving newtype instance PersistFieldSql (BackendKey backend) =>
                              PersistFieldSql (Key (NoPrefix1Generic backend))
    deriving newtype instance ToJSON (BackendKey backend) =>
                              ToJSON (Key (NoPrefix1Generic backend))
    deriving newtype instance FromJSON (BackendKey backend) =>
                              FromJSON (Key (NoPrefix1Generic backend))
    instance PersistStore backend =>
             ToBackendKey backend (NoPrefix1Generic backend) where
      toBackendKey = \ NoPrefix1Key {unNoPrefix1Key = x} -> x
      fromBackendKey = NoPrefix1Key
    type NoPrefix2 = NoPrefix2Generic SqlBackend
    data NoPrefix2Generic backend
      = NoPrefix2 {someOtherFieldName :: !Int,
                   unprefixedRef :: !(Key (NoPrefix1Generic backend))}
    type NoPrefix2Id = Key NoPrefix2
    instance PersistStore backend =>
             PersistEntity (NoPrefix2Generic backend) where
      type PersistEntityBackend (NoPrefix2Generic backend) = backend
      data Unique (NoPrefix2Generic backend)
      newtype Key (NoPrefix2Generic backend)
        = NoPrefix2Key {unNoPrefix2Key :: (BackendKey backend)}
      data EntityField (NoPrefix2Generic backend) typ
        = (typ ~ Key (NoPrefix2Generic backend)) => NoPrefix2Id |
          (typ ~ Int) => SomeOtherFieldName |
          (typ ~ Key (NoPrefix1Generic backend)) => UnprefixedRef
      keyToValues
        = ((: [])
             . (toPersistValue . (\ NoPrefix2Key {unNoPrefix2Key = x} -> x)))
      keyFromValues
        = (fmap NoPrefix2Key
             . (fromPersistValue . Database.Persist.TH.headNote))
      keyFromRecordM = Nothing
      tabulateEntityA fromField_aqFo
        = ((Entity <$> fromField_aqFo NoPrefix2Id)
             <*>
               ((pure NoPrefix2 <*> fromField_aqFo SomeOtherFieldName)
                  <*> fromField_aqFo UnprefixedRef))
      entityDef _
        = persistent-2.14.6.1-c47d9d2aa2ef2e1c4644245518494c205109cfbb13254a36219ba31bb2a44ce9:Database.Persist.Types.Base.EntityDef
            (EntityNameHS (Data.Text.unpackCStringLen# "NoPrefix2"# 9))
            (EntityNameDB (Data.Text.unpackCStringLen# "no_prefix2"# 10))
            (EntityIdField
               (FieldDef
                  (FieldNameHS (Data.Text.unpackCStringLen# "Id"# 2))
                  (FieldNameDB (Data.Text.unpackCStringLen# "id"# 2))
                  (FTTypeCon Nothing (Data.Text.unpackCStringLen# "NoPrefix2Id"# 11))
                  SqlInt64 [] True NoReference (FieldCascade Nothing Nothing) Nothing
                  Nothing True))
            [] [] [] [] [] containers-0.6.7:Data.Map.Internal.Tip False Nothing
            {persistent-2.14.6.1-c47d9d2aa2ef2e1c4644245518494c205109cfbb13254a36219ba31bb2a44ce9:Database.Persist.Types.Base.entityFields = [FieldDef
                                                                                                                                                {fieldHaskell = FieldNameHS
                                                                                                                                                                  (Data.Text.unpackCStringLen#
                                                                                                                                                                     "someOtherFieldName"#
                                                                                                                                                                     18),
                                                                                                                                                 fieldDB = FieldNameDB
                                                                                                                                                             (Data.Text.unpackCStringLen#
                                                                                                                                                                "some_other_field_name"#
                                                                                                                                                                21),
                                                                                                                                                 fieldType = FTTypeCon
                                                                                                                                                               Nothing
                                                                                                                                                               (Data.Text.unpackCStringLen#
                                                                                                                                                                  "Int"#
                                                                                                                                                                  3),
                                                                                                                                                 fieldSqlType = sqlType
                                                                                                                                                                  (Proxy ::
                                                                                                                                                                     Proxy Int),
                                                                                                                                                 fieldAttrs = [],
                                                                                                                                                 fieldStrict = True,
                                                                                                                                                 fieldReference = NoReference,
                                                                                                                                                 fieldCascade = FieldCascade
                                                                                                                                                                  Nothing
                                                                                                                                                                  Nothing,
                                                                                                                                                 fieldComments = Nothing,
                                                                                                                                                 fieldGenerated = Nothing,
                                                                                                                                                 fieldIsImplicitIdColumn = False},
                                                                                                                                              FieldDef
                                                                                                                                                {fieldHaskell = FieldNameHS
                                                                                                                                                                  (Data.Text.unpackCStringLen#
                                                                                                                                                                     "unprefixedRef"#
                                                                                                                                                                     13),
                                                                                                                                                 fieldDB = FieldNameDB
                                                                                                                                                             (Data.Text.unpackCStringLen#
                                                                                                                                                                "unprefixed_ref"#
                                                                                                                                                                14),
                                                                                                                                                 fieldType = FTTypeCon
                                                                                                                                                               Nothing
                                                                                                                                                               (Data.Text.unpackCStringLen#
                                                                                                                                                                  "NoPrefix1Id"#
                                                                                                                                                                  11),
                                                                                                                                                 fieldSqlType = sqlType
                                                                                                                                                                  (Proxy ::
                                                                                                                                                                     Proxy NoPrefix1Id),
                                                                                                                                                 fieldAttrs = [],
                                                                                                                                                 fieldStrict = True,
                                                                                                                                                 fieldReference = ForeignRef
                                                                                                                                                                    (EntityNameHS
                                                                                                                                                                       (Data.Text.unpackCStringLen#
                                                                                                                                                                          "NoPrefix1"#
                                                                                                                                                                          9)),
                                                                                                                                                 fieldCascade = FieldCascade
                                                                                                                                                                  Nothing
                                                                                                                                                                  Nothing,
                                                                                                                                                 fieldComments = Nothing,
                                                                                                                                                 fieldGenerated = Nothing,
                                                                                                                                                 fieldIsImplicitIdColumn = False}],
             persistent-2.14.6.1-c47d9d2aa2ef2e1c4644245518494c205109cfbb13254a36219ba31bb2a44ce9:Database.Persist.Types.Base.entityId = EntityIdField
                                                                                                                                           (FieldDef
                                                                                                                                              (FieldNameHS
                                                                                                                                                 (Data.Text.unpackCStringLen#
                                                                                                                                                    "Id"#
                                                                                                                                                    2))
                                                                                                                                              (FieldNameDB
                                                                                                                                                 (Data.Text.unpackCStringLen#
                                                                                                                                                    "id"#
                                                                                                                                                    2))
                                                                                                                                              (FTTypeCon
                                                                                                                                                 Nothing
                                                                                                                                                 (Data.Text.unpackCStringLen#
                                                                                                                                                    "NoPrefix2Id"#
                                                                                                                                                    11))
                                                                                                                                              SqlInt64
                                                                                                                                              []
                                                                                                                                              True
                                                                                                                                              NoReference
                                                                                                                                              (FieldCascade
                                                                                                                                                 Nothing
                                                                                                                                                 Nothing)
                                                                                                                                              Nothing
                                                                                                                                              Nothing
                                                                                                                                              True),
             persistent-2.14.6.1-c47d9d2aa2ef2e1c4644245518494c205109cfbb13254a36219ba31bb2a44ce9:Database.Persist.Types.Base.entityForeigns = []}
      toPersistFields (NoPrefix2 x_aqF7 x_aqF8)
        = [toPersistValue x_aqF7, toPersistValue x_aqF8]
      fromPersistValues [x1_aqFa, x2_aqFb]
        = NoPrefix2
            <$>
              (Database.Persist.TH.mapLeft
                 (fieldError
                    (Data.Text.unpackCStringLen# "no_prefix2"# 10)
                    (Data.Text.unpackCStringLen# "someOtherFieldName"# 18))
                 . fromPersistValue)
                x1_aqFa
            <*>
              (Database.Persist.TH.mapLeft
                 (fieldError
                    (Data.Text.unpackCStringLen# "no_prefix2"# 10)
                    (Data.Text.unpackCStringLen# "unprefixedRef"# 13))
                 . fromPersistValue)
                x2_aqFb
      fromPersistValues x_aqF9
        = (Left
             $ mappend
                 (Data.Text.unpackCStringLen#
                    "NoPrefix2: fromPersistValues failed on: "# 40)
                 (Data.Text.Internal.pack $ show x_aqF9))
      persistUniqueToFieldNames _
        = error "Degenerate case, should never happen"
      persistUniqueToValues _
        = error "Degenerate case, should never happen"
      persistUniqueKeys
        (NoPrefix2 _someOtherFieldName_aqFc _unprefixedRef_aqFd)
        = []
      persistFieldDef NoPrefix2Id
        = Database.Persist.TH.stripIdFieldImpl
            (EntityIdField
               (FieldDef
                  (FieldNameHS (Data.Text.unpackCStringLen# "Id"# 2))
                  (FieldNameDB (Data.Text.unpackCStringLen# "id"# 2))
                  (FTTypeCon Nothing (Data.Text.unpackCStringLen# "NoPrefix2Id"# 11))
                  SqlInt64 [] True NoReference (FieldCascade Nothing Nothing) Nothing
                  Nothing True))
      persistFieldDef SomeOtherFieldName
        = Database.Persist.TH.lookupEntityField
            (Proxy :: Proxy NoPrefix2)
            (FieldNameHS
               (Data.Text.unpackCStringLen# "someOtherFieldName"# 18))
      persistFieldDef UnprefixedRef
        = Database.Persist.TH.lookupEntityField
            (Proxy :: Proxy NoPrefix2)
            (FieldNameHS (Data.Text.unpackCStringLen# "unprefixedRef"# 13))
      persistIdField = NoPrefix2Id
      fieldLens NoPrefix2Id
        = lensPTH
            entityKey
            (\ (Entity _ value_aqFf) key_aqFg -> Entity key_aqFg value_aqFf)
      fieldLens SomeOtherFieldName
        = lensPTH
            ((\ NoPrefix2 {someOtherFieldName = x} -> x) . entityVal)
            (\ (Entity key_aqFh value_aqFi) x_aqFj
               -> Entity
                    key_aqFh
                    (case value_aqFi of
                       NoPrefix2 {unprefixedRef = unprefixedRef_aqFl}
                         -> NoPrefix2
                              {someOtherFieldName = x_aqFj, unprefixedRef = unprefixedRef}))
      fieldLens UnprefixedRef
        = lensPTH
            ((\ NoPrefix2 {unprefixedRef = x} -> x) . entityVal)
            (\ (Entity key_aqFh value_aqFi) x_aqFj
               -> Entity
                    key_aqFh
                    (case value_aqFi of
                       NoPrefix2 {someOtherFieldName = someOtherFieldName_aqFm}
                         -> NoPrefix2
                              {someOtherFieldName = someOtherFieldName, unprefixedRef = x_aqFj}))
    deriving stock instance Show (BackendKey backend) =>
                            Show (Key (NoPrefix2Generic backend))
    deriving stock instance Read (BackendKey backend) =>
                            Read (Key (NoPrefix2Generic backend))
    deriving newtype instance Eq (BackendKey backend) =>
                              Eq (Key (NoPrefix2Generic backend))
    deriving newtype instance Ord (BackendKey backend) =>
                              Ord (Key (NoPrefix2Generic backend))
    deriving newtype instance http-api-data-0.5.1-9e95a908ed3727e594a803f338744828f2965c2ab9a810da829995663ccd113c:Web.Internal.HttpApiData.ToHttpApiData (BackendKey backend) =>
                              http-api-data-0.5.1-9e95a908ed3727e594a803f338744828f2965c2ab9a810da829995663ccd113c:Web.Internal.HttpApiData.ToHttpApiData (Key (NoPrefix2Generic backend))
    deriving newtype instance http-api-data-0.5.1-9e95a908ed3727e594a803f338744828f2965c2ab9a810da829995663ccd113c:Web.Internal.HttpApiData.FromHttpApiData (BackendKey backend) =>
                              http-api-data-0.5.1-9e95a908ed3727e594a803f338744828f2965c2ab9a810da829995663ccd113c:Web.Internal.HttpApiData.FromHttpApiData (Key (NoPrefix2Generic backend))
    deriving newtype instance path-pieces-0.2.1-a11970791e27aa8ded0ee90bf431eca3a0c53a348d5d7c5b2fc5ab86a425eac8:Web.PathPieces.PathPiece (BackendKey backend) =>
                              path-pieces-0.2.1-a11970791e27aa8ded0ee90bf431eca3a0c53a348d5d7c5b2fc5ab86a425eac8:Web.PathPieces.PathPiece (Key (NoPrefix2Generic backend))
    deriving newtype instance PersistField (BackendKey backend) =>
                              PersistField (Key (NoPrefix2Generic backend))
    deriving newtype instance PersistFieldSql (BackendKey backend) =>
                              PersistFieldSql (Key (NoPrefix2Generic backend))
    deriving newtype instance ToJSON (BackendKey backend) =>
                              ToJSON (Key (NoPrefix2Generic backend))
    deriving newtype instance FromJSON (BackendKey backend) =>
                              FromJSON (Key (NoPrefix2Generic backend))
    instance PersistStore backend =>
             ToBackendKey backend (NoPrefix2Generic backend) where
      toBackendKey = \ NoPrefix2Key {unNoPrefix2Key = x} -> x
      fromBackendKey = NoPrefix2Key
    type NoPrefixSum = NoPrefixSumGeneric SqlBackend
    data NoPrefixSumGeneric backend
      = UnprefixedLeftSum Int | UnprefixedRightSum String
      deriving stock (Show, Eq)
    type NoPrefixSumId = Key NoPrefixSum
    instance PersistStore backend =>
             PersistEntity (NoPrefixSumGeneric backend) where
      type PersistEntityBackend (NoPrefixSumGeneric backend) = backend
      data Unique (NoPrefixSumGeneric backend)
      newtype Key (NoPrefixSumGeneric backend)
        = NoPrefixSumKey {unNoPrefixSumKey :: (BackendKey backend)}
      data EntityField (NoPrefixSumGeneric backend) typ
        = (typ ~ Key (NoPrefixSumGeneric backend)) => NoPrefixSumId |
          (typ ~ Int) => UnprefixedLeft |
          (typ ~ String) => UnprefixedRight
      keyToValues
        = ((: [])
             . (toPersistValue
                  . (\ NoPrefixSumKey {unNoPrefixSumKey = x} -> x)))
      keyFromValues
        = (fmap NoPrefixSumKey
             . (fromPersistValue . Database.Persist.TH.headNote))
      keyFromRecordM = Nothing
      tabulateEntityA fromField_aqFz
        = error "tabulateEntityA does not make sense for sum type"
      entityDef _
        = persistent-2.14.6.1-c47d9d2aa2ef2e1c4644245518494c205109cfbb13254a36219ba31bb2a44ce9:Database.Persist.Types.Base.EntityDef
            (EntityNameHS (Data.Text.unpackCStringLen# "NoPrefixSum"# 11))
            (EntityNameDB (Data.Text.unpackCStringLen# "no_prefix_sum"# 13))
            (EntityIdField
               (FieldDef
                  (FieldNameHS (Data.Text.unpackCStringLen# "Id"# 2))
                  (FieldNameDB (Data.Text.unpackCStringLen# "id"# 2))
                  (FTTypeCon
                     Nothing (Data.Text.unpackCStringLen# "NoPrefixSumId"# 13))
                  SqlInt64 [] True NoReference (FieldCascade Nothing Nothing) Nothing
                  Nothing True))
            [] [] [] []
            [Data.Text.unpackCStringLen# "Show"# 4,
             Data.Text.unpackCStringLen# "Eq"# 2]
            containers-0.6.7:Data.Map.Internal.Tip True Nothing
            {persistent-2.14.6.1-c47d9d2aa2ef2e1c4644245518494c205109cfbb13254a36219ba31bb2a44ce9:Database.Persist.Types.Base.entityFields = [FieldDef
                                                                                                                                                {fieldHaskell = FieldNameHS
                                                                                                                                                                  (Data.Text.unpackCStringLen#
                                                                                                                                                                     "unprefixedLeft"#
                                                                                                                                                                     14),
                                                                                                                                                 fieldDB = FieldNameDB
                                                                                                                                                             (Data.Text.unpackCStringLen#
                                                                                                                                                                "unprefixed_left"#
                                                                                                                                                                15),
                                                                                                                                                 fieldType = FTTypeCon
                                                                                                                                                               Nothing
                                                                                                                                                               (Data.Text.unpackCStringLen#
                                                                                                                                                                  "Int"#
                                                                                                                                                                  3),
                                                                                                                                                 fieldSqlType = sqlType
                                                                                                                                                                  (Proxy ::
                                                                                                                                                                     Proxy Int),
                                                                                                                                                 fieldAttrs = [],
                                                                                                                                                 fieldStrict = True,
                                                                                                                                                 fieldReference = NoReference,
                                                                                                                                                 fieldCascade = FieldCascade
                                                                                                                                                                  Nothing
                                                                                                                                                                  Nothing,
                                                                                                                                                 fieldComments = Nothing,
                                                                                                                                                 fieldGenerated = Nothing,
                                                                                                                                                 fieldIsImplicitIdColumn = False},
                                                                                                                                              FieldDef
                                                                                                                                                {fieldHaskell = FieldNameHS
                                                                                                                                                                  (Data.Text.unpackCStringLen#
                                                                                                                                                                     "unprefixedRight"#
                                                                                                                                                                     15),
                                                                                                                                                 fieldDB = FieldNameDB
                                                                                                                                                             (Data.Text.unpackCStringLen#
                                                                                                                                                                "unprefixed_right"#
                                                                                                                                                                16),
                                                                                                                                                 fieldType = FTTypeCon
                                                                                                                                                               Nothing
                                                                                                                                                               (Data.Text.unpackCStringLen#
                                                                                                                                                                  "String"#
                                                                                                                                                                  6),
                                                                                                                                                 fieldSqlType = sqlType
                                                                                                                                                                  (Proxy ::
                                                                                                                                                                     Proxy String),
                                                                                                                                                 fieldAttrs = [],
                                                                                                                                                 fieldStrict = True,
                                                                                                                                                 fieldReference = NoReference,
                                                                                                                                                 fieldCascade = FieldCascade
                                                                                                                                                                  Nothing
                                                                                                                                                                  Nothing,
                                                                                                                                                 fieldComments = Nothing,
                                                                                                                                                 fieldGenerated = Nothing,
                                                                                                                                                 fieldIsImplicitIdColumn = False}],
             persistent-2.14.6.1-c47d9d2aa2ef2e1c4644245518494c205109cfbb13254a36219ba31bb2a44ce9:Database.Persist.Types.Base.entityId = EntityIdField
                                                                                                                                           (FieldDef
                                                                                                                                              (FieldNameHS
                                                                                                                                                 (Data.Text.unpackCStringLen#
                                                                                                                                                    "Id"#
                                                                                                                                                    2))
                                                                                                                                              (FieldNameDB
                                                                                                                                                 (Data.Text.unpackCStringLen#
                                                                                                                                                    "id"#
                                                                                                                                                    2))
                                                                                                                                              (FTTypeCon
                                                                                                                                                 Nothing
                                                                                                                                                 (Data.Text.unpackCStringLen#
                                                                                                                                                    "NoPrefixSumId"#
                                                                                                                                                    13))
                                                                                                                                              SqlInt64
                                                                                                                                              []
                                                                                                                                              True
                                                                                                                                              NoReference
                                                                                                                                              (FieldCascade
                                                                                                                                                 Nothing
                                                                                                                                                 Nothing)
                                                                                                                                              Nothing
                                                                                                                                              Nothing
                                                                                                                                              True),
             persistent-2.14.6.1-c47d9d2aa2ef2e1c4644245518494c205109cfbb13254a36219ba31bb2a44ce9:Database.Persist.Types.Base.entityForeigns = []}
      toPersistFields (UnprefixedLeftSum x_aqFp)
        = [toPersistValue x_aqFp, PersistNull]
      toPersistFields (UnprefixedRightSum x_aqFq)
        = [PersistNull, toPersistValue x_aqFq]
      fromPersistValues [x_aqFr, PersistNull]
        | Database.Persist.TH.isNotNull x_aqFr
        = (UnprefixedLeftSum `fmap` fromPersistValue x_aqFr)
      fromPersistValues [PersistNull, x_aqFs]
        | Database.Persist.TH.isNotNull x_aqFs
        = (UnprefixedRightSum `fmap` fromPersistValue x_aqFs)
      fromPersistValues _
        = Left
            ("Invalid fromPersistValues input: sum type with all nulls. Entity: "
               `mappend` Data.Text.unpackCStringLen# "NoPrefixSum"# 11)
      persistUniqueToFieldNames _
        = error "Degenerate case, should never happen"
      persistUniqueToValues _
        = error "Degenerate case, should never happen"
      persistUniqueKeys _ = []
      persistFieldDef NoPrefixSumId
        = Database.Persist.TH.stripIdFieldImpl
            (EntityIdField
               (FieldDef
                  (FieldNameHS (Data.Text.unpackCStringLen# "Id"# 2))
                  (FieldNameDB (Data.Text.unpackCStringLen# "id"# 2))
                  (FTTypeCon
                     Nothing (Data.Text.unpackCStringLen# "NoPrefixSumId"# 13))
                  SqlInt64 [] True NoReference (FieldCascade Nothing Nothing) Nothing
                  Nothing True))
      persistFieldDef UnprefixedLeft
        = Database.Persist.TH.lookupEntityField
            (Proxy :: Proxy NoPrefixSum)
            (FieldNameHS (Data.Text.unpackCStringLen# "unprefixedLeft"# 14))
      persistFieldDef UnprefixedRight
        = Database.Persist.TH.lookupEntityField
            (Proxy :: Proxy NoPrefixSum)
            (FieldNameHS (Data.Text.unpackCStringLen# "unprefixedRight"# 15))
      persistIdField = NoPrefixSumId
      fieldLens NoPrefixSumId
        = lensPTH
            entityKey
            (\ (Entity _ value_aqFu) key_aqFv -> Entity key_aqFv value_aqFu)
      fieldLens UnprefixedLeft
        = lensPTH
            (\ (Entity _ value_aqFx)
               -> case value_aqFx of
                    UnprefixedLeftSum x_aqFy -> x_aqFy
                    _ -> error "Tried to use fieldLens on a Sum type")
            (\ (Entity key_aqFw _) x_aqFy
               -> Entity key_aqFw (UnprefixedLeftSum x_aqFy))
      fieldLens UnprefixedRight
        = lensPTH
            (\ (Entity _ value_aqFx)
               -> case value_aqFx of
                    UnprefixedRightSum x_aqFy -> x_aqFy
                    _ -> error "Tried to use fieldLens on a Sum type")
            (\ (Entity key_aqFw _) x_aqFy
               -> Entity key_aqFw (UnprefixedRightSum x_aqFy))
    deriving stock instance Show (BackendKey backend) =>
                            Show (Key (NoPrefixSumGeneric backend))
    deriving stock instance Read (BackendKey backend) =>
                            Read (Key (NoPrefixSumGeneric backend))
    deriving newtype instance Eq (BackendKey backend) =>
                              Eq (Key (NoPrefixSumGeneric backend))
    deriving newtype instance Ord (BackendKey backend) =>
                              Ord (Key (NoPrefixSumGeneric backend))
    deriving newtype instance http-api-data-0.5.1-9e95a908ed3727e594a803f338744828f2965c2ab9a810da829995663ccd113c:Web.Internal.HttpApiData.ToHttpApiData (BackendKey backend) =>
                              http-api-data-0.5.1-9e95a908ed3727e594a803f338744828f2965c2ab9a810da829995663ccd113c:Web.Internal.HttpApiData.ToHttpApiData (Key (NoPrefixSumGeneric backend))
    deriving newtype instance http-api-data-0.5.1-9e95a908ed3727e594a803f338744828f2965c2ab9a810da829995663ccd113c:Web.Internal.HttpApiData.FromHttpApiData (BackendKey backend) =>
                              http-api-data-0.5.1-9e95a908ed3727e594a803f338744828f2965c2ab9a810da829995663ccd113c:Web.Internal.HttpApiData.FromHttpApiData (Key (NoPrefixSumGeneric backend))
    deriving newtype instance path-pieces-0.2.1-a11970791e27aa8ded0ee90bf431eca3a0c53a348d5d7c5b2fc5ab86a425eac8:Web.PathPieces.PathPiece (BackendKey backend) =>
                              path-pieces-0.2.1-a11970791e27aa8ded0ee90bf431eca3a0c53a348d5d7c5b2fc5ab86a425eac8:Web.PathPieces.PathPiece (Key (NoPrefixSumGeneric backend))
    deriving newtype instance PersistField (BackendKey backend) =>
                              PersistField (Key (NoPrefixSumGeneric backend))
    deriving newtype instance PersistFieldSql (BackendKey backend) =>
                              PersistFieldSql (Key (NoPrefixSumGeneric backend))
    deriving newtype instance ToJSON (BackendKey backend) =>
                              ToJSON (Key (NoPrefixSumGeneric backend))
    deriving newtype instance FromJSON (BackendKey backend) =>
                              FromJSON (Key (NoPrefixSumGeneric backend))
    instance PersistStore backend =>
             ToBackendKey backend (NoPrefixSumGeneric backend) where
      toBackendKey = \ NoPrefixSumKey {unNoPrefixSumKey = x} -> x
      fromBackendKey = NoPrefixSumKey
    instance (GHC.TypeError.TypeError (NoUniqueKeysError (NoPrefix1Generic backend)),
              PersistStoreWrite backend) =>
             OnlyOneUniqueKey (NoPrefix1Generic backend) where
      onlyUniqueP _ = error "impossible"
    instance (GHC.TypeError.TypeError (MultipleUniqueKeysError (NoPrefix1Generic backend)),
              PersistStoreWrite backend) =>
             AtLeastOneUniqueKey (NoPrefix1Generic backend) where
      requireUniquesP _ = error "impossible"
    instance (GHC.TypeError.TypeError (NoUniqueKeysError (NoPrefix2Generic backend)),
              PersistStoreWrite backend) =>
             OnlyOneUniqueKey (NoPrefix2Generic backend) where
      onlyUniqueP _ = error "impossible"
    instance (GHC.TypeError.TypeError (MultipleUniqueKeysError (NoPrefix2Generic backend)),
              PersistStoreWrite backend) =>
             AtLeastOneUniqueKey (NoPrefix2Generic backend) where
      requireUniquesP _ = error "impossible"
    instance (GHC.TypeError.TypeError (NoUniqueKeysError (NoPrefixSumGeneric backend)),
              PersistStoreWrite backend) =>
             OnlyOneUniqueKey (NoPrefixSumGeneric backend) where
      onlyUniqueP _ = error "impossible"
    instance (GHC.TypeError.TypeError (MultipleUniqueKeysError (NoPrefixSumGeneric backend)),
              PersistStoreWrite backend) =>
             AtLeastOneUniqueKey (NoPrefixSumGeneric backend) where
      requireUniquesP _ = error "impossible"
    instance SymbolToField "id" (NoPrefix1Generic backend) (Key (NoPrefix1Generic backend)) where
      symbolToField = NoPrefix1Id
    instance SymbolToField "someFieldName" (NoPrefix1Generic backend) Int where
      symbolToField = SomeFieldName
    instance SymbolToField "id" (NoPrefix2Generic backend) (Key (NoPrefix2Generic backend)) where
      symbolToField = NoPrefix2Id
    instance SymbolToField "someOtherFieldName" (NoPrefix2Generic backend) Int where
      symbolToField = SomeOtherFieldName
    instance SymbolToField "unprefixedRef" (NoPrefix2Generic backend) (Key (NoPrefix1Generic backend)) where
      symbolToField = UnprefixedRef
    instance SymbolToField "id" (NoPrefixSumGeneric backend) (Key (NoPrefixSumGeneric backend)) where
      symbolToField = NoPrefixSumId
    instance SymbolToField "unprefixedLeft" (NoPrefixSumGeneric backend) Int where
      symbolToField = UnprefixedLeft
    instance SymbolToField "unprefixedRight" (NoPrefixSumGeneric backend) String where
      symbolToField = UnprefixedRight
    instance PersistStoreWrite backend =>
             SafeToInsert (NoPrefix1Generic backend)
    instance PersistStoreWrite backend =>
             SafeToInsert (NoPrefix2Generic backend)
    instance PersistStoreWrite backend =>
             SafeToInsert (NoPrefixSumGeneric backend)
    entityDefListFornoPrefixMigrate :: [EntityDef]
    entityDefListFornoPrefixMigrate
      = [entityDef (Proxy :: Proxy NoPrefix1),
         entityDef (Proxy :: Proxy NoPrefix2),
         entityDef (Proxy :: Proxy NoPrefixSum)]
    noPrefixMigrate :: Migration
    noPrefixMigrate = migrateModels entityDefListFornoPrefixMigrate

test/PersistentTestModels.hs:24:1: warning: [-Wunused-imports]
    The import of ‘Data.Foldable’ is redundant
      except perhaps to import instances from ‘Data.Foldable’
    To import instances alone, use: import Data.Foldable()
   |
24 | import Data.Foldable (toList)
   | ^^^^^^^^^^^^^^^^^^^^^^^^^^^^^

test/PersistentTestModels.hs:31:1: warning: [GHC-58520] [-Wtype-equality-requires-operators]
    The use of ‘~’ without TypeOperators
    will become an error in a future GHC release.
    Suggested fix: Perhaps you intended to use TypeOperators
   |
31 | share
   | ^^^^^...

test/PersistentTestModels.hs:31:1: warning: [GHC-58520] [-Wtype-equality-requires-operators]
    The use of ‘~’ without TypeOperators
    will become an error in a future GHC release.
    Suggested fix: Perhaps you intended to use TypeOperators
   |
31 | share
   | ^^^^^...

test/PersistentTestModels.hs:31:1: warning: [GHC-58520] [-Wtype-equality-requires-operators]
    The use of ‘~’ without TypeOperators
    will become an error in a future GHC release.
    Suggested fix: Perhaps you intended to use TypeOperators
   |
31 | share
   | ^^^^^...

test/PersistentTestModels.hs:31:1: warning: [GHC-58520] [-Wtype-equality-requires-operators]
    The use of ‘~’ without TypeOperators
    will become an error in a future GHC release.
    Suggested fix: Perhaps you intended to use TypeOperators
   |
31 | share
   | ^^^^^...

test/PersistentTestModels.hs:31:1: warning: [GHC-58520] [-Wtype-equality-requires-operators]
    The use of ‘~’ without TypeOperators
    will become an error in a future GHC release.
    Suggested fix: Perhaps you intended to use TypeOperators
   |
31 | share
   | ^^^^^...

test/PersistentTestModels.hs:31:1: warning: [GHC-58520] [-Wtype-equality-requires-operators]
    The use of ‘~’ without TypeOperators
    will become an error in a future GHC release.
    Suggested fix: Perhaps you intended to use TypeOperators
   |
31 | share
   | ^^^^^...

test/PersistentTestModels.hs:31:1: warning: [GHC-58520] [-Wtype-equality-requires-operators]
    The use of ‘~’ without TypeOperators
    will become an error in a future GHC release.
    Suggested fix: Perhaps you intended to use TypeOperators
   |
31 | share
   | ^^^^^...

test/PersistentTestModels.hs:31:1: warning: [GHC-58520] [-Wtype-equality-requires-operators]
    The use of ‘~’ without TypeOperators
    will become an error in a future GHC release.
    Suggested fix: Perhaps you intended to use TypeOperators
   |
31 | share
   | ^^^^^...

test/PersistentTestModels.hs:31:1: warning: [GHC-58520] [-Wtype-equality-requires-operators]
    The use of ‘~’ without TypeOperators
    will become an error in a future GHC release.
    Suggested fix: Perhaps you intended to use TypeOperators
   |
31 | share
   | ^^^^^...

test/PersistentTestModels.hs:31:1: warning: [GHC-58520] [-Wtype-equality-requires-operators]
    The use of ‘~’ without TypeOperators
    will become an error in a future GHC release.
    Suggested fix: Perhaps you intended to use TypeOperators
   |
31 | share
   | ^^^^^...

test/PersistentTestModels.hs:31:1: warning: [GHC-58520] [-Wtype-equality-requires-operators]
    The use of ‘~’ without TypeOperators
    will become an error in a future GHC release.
    Suggested fix: Perhaps you intended to use TypeOperators
   |
31 | share
   | ^^^^^...

test/PersistentTestModels.hs:31:1: warning: [GHC-58520] [-Wtype-equality-requires-operators]
    The use of ‘~’ without TypeOperators
    will become an error in a future GHC release.
    Suggested fix: Perhaps you intended to use TypeOperators
   |
31 | share
   | ^^^^^...

test/PersistentTestModels.hs:31:1: warning: [GHC-58520] [-Wtype-equality-requires-operators]
    The use of ‘~’ without TypeOperators
    will become an error in a future GHC release.
    Suggested fix: Perhaps you intended to use TypeOperators
   |
31 | share
   | ^^^^^...

test/PersistentTestModels.hs:31:1: warning: [GHC-58520] [-Wtype-equality-requires-operators]
    The use of ‘~’ without TypeOperators
    will become an error in a future GHC release.
    Suggested fix: Perhaps you intended to use TypeOperators
   |
31 | share
   | ^^^^^...

test/PersistentTestModels.hs:31:1: warning: [GHC-58520] [-Wtype-equality-requires-operators]
    The use of ‘~’ without TypeOperators
    will become an error in a future GHC release.
    Suggested fix: Perhaps you intended to use TypeOperators
   |
31 | share
   | ^^^^^...

test/PersistentTestModels.hs:31:1: warning: [GHC-58520] [-Wtype-equality-requires-operators]
    The use of ‘~’ without TypeOperators
    will become an error in a future GHC release.
    Suggested fix: Perhaps you intended to use TypeOperators
   |
31 | share
   | ^^^^^...

test/PersistentTestModels.hs:31:1: warning: [GHC-58520] [-Wtype-equality-requires-operators]
    The use of ‘~’ without TypeOperators
    will become an error in a future GHC release.
    Suggested fix: Perhaps you intended to use TypeOperators
   |
31 | share
   | ^^^^^...

test/PersistentTestModels.hs:31:1: warning: [GHC-58520] [-Wtype-equality-requires-operators]
    The use of ‘~’ without TypeOperators
    will become an error in a future GHC release.
    Suggested fix: Perhaps you intended to use TypeOperators
   |
31 | share
   | ^^^^^...

test/PersistentTestModels.hs:31:1: warning: [GHC-58520] [-Wtype-equality-requires-operators]
    The use of ‘~’ without TypeOperators
    will become an error in a future GHC release.
    Suggested fix: Perhaps you intended to use TypeOperators
   |
31 | share
   | ^^^^^...

test/PersistentTestModels.hs:31:1: warning: [GHC-58520] [-Wtype-equality-requires-operators]
    The use of ‘~’ without TypeOperators
    will become an error in a future GHC release.
    Suggested fix: Perhaps you intended to use TypeOperators
   |
31 | share
   | ^^^^^...

test/PersistentTestModels.hs:31:1: warning: [GHC-58520] [-Wtype-equality-requires-operators]
    The use of ‘~’ without TypeOperators
    will become an error in a future GHC release.
    Suggested fix: Perhaps you intended to use TypeOperators
   |
31 | share
   | ^^^^^...

test/PersistentTestModels.hs:31:1: warning: [GHC-58520] [-Wtype-equality-requires-operators]
    The use of ‘~’ without TypeOperators
    will become an error in a future GHC release.
    Suggested fix: Perhaps you intended to use TypeOperators
   |
31 | share
   | ^^^^^...

test/PersistentTestModels.hs:31:1: warning: [GHC-58520] [-Wtype-equality-requires-operators]
    The use of ‘~’ without TypeOperators
    will become an error in a future GHC release.
    Suggested fix: Perhaps you intended to use TypeOperators
   |
31 | share
   | ^^^^^...

test/PersistentTestModels.hs:31:1: warning: [GHC-58520] [-Wtype-equality-requires-operators]
    The use of ‘~’ without TypeOperators
    will become an error in a future GHC release.
    Suggested fix: Perhaps you intended to use TypeOperators
   |
31 | share
   | ^^^^^...

test/PersistentTestModels.hs:31:1: warning: [GHC-58520] [-Wtype-equality-requires-operators]
    The use of ‘~’ without TypeOperators
    will become an error in a future GHC release.
    Suggested fix: Perhaps you intended to use TypeOperators
   |
31 | share
   | ^^^^^...

test/PersistentTestModels.hs:31:1: warning: [GHC-58520] [-Wtype-equality-requires-operators]
    The use of ‘~’ without TypeOperators
    will become an error in a future GHC release.
    Suggested fix: Perhaps you intended to use TypeOperators
   |
31 | share
   | ^^^^^...

test/PersistentTestModels.hs:31:1: warning: [GHC-58520] [-Wtype-equality-requires-operators]
    The use of ‘~’ without TypeOperators
    will become an error in a future GHC release.
    Suggested fix: Perhaps you intended to use TypeOperators
   |
31 | share
   | ^^^^^...

test/PersistentTestModels.hs:31:1: warning: [GHC-58520] [-Wtype-equality-requires-operators]
    The use of ‘~’ without TypeOperators
    will become an error in a future GHC release.
    Suggested fix: Perhaps you intended to use TypeOperators
   |
31 | share
   | ^^^^^...

test/PersistentTestModels.hs:31:1: warning: [GHC-58520] [-Wtype-equality-requires-operators]
    The use of ‘~’ without TypeOperators
    will become an error in a future GHC release.
    Suggested fix: Perhaps you intended to use TypeOperators
   |
31 | share
   | ^^^^^...

test/PersistentTestModels.hs:31:1: warning: [GHC-58520] [-Wtype-equality-requires-operators]
    The use of ‘~’ without TypeOperators
    will become an error in a future GHC release.
    Suggested fix: Perhaps you intended to use TypeOperators
   |
31 | share
   | ^^^^^...

test/PersistentTestModels.hs:31:1: warning: [GHC-58520] [-Wtype-equality-requires-operators]
    The use of ‘~’ without TypeOperators
    will become an error in a future GHC release.
    Suggested fix: Perhaps you intended to use TypeOperators
   |
31 | share
   | ^^^^^...

test/PersistentTestModels.hs:31:1: warning: [GHC-58520] [-Wtype-equality-requires-operators]
    The use of ‘~’ without TypeOperators
    will become an error in a future GHC release.
    Suggested fix: Perhaps you intended to use TypeOperators
   |
31 | share
   | ^^^^^...

test/PersistentTestModels.hs:31:1: warning: [GHC-58520] [-Wtype-equality-requires-operators]
    The use of ‘~’ without TypeOperators
    will become an error in a future GHC release.
    Suggested fix: Perhaps you intended to use TypeOperators
   |
31 | share
   | ^^^^^...

test/PersistentTestModels.hs:31:1: warning: [GHC-58520] [-Wtype-equality-requires-operators]
    The use of ‘~’ without TypeOperators
    will become an error in a future GHC release.
    Suggested fix: Perhaps you intended to use TypeOperators
   |
31 | share
   | ^^^^^...

test/PersistentTestModels.hs:31:1: warning: [GHC-58520] [-Wtype-equality-requires-operators]
    The use of ‘~’ without TypeOperators
    will become an error in a future GHC release.
    Suggested fix: Perhaps you intended to use TypeOperators
   |
31 | share
   | ^^^^^...

test/PersistentTestModels.hs:31:1: warning: [GHC-58520] [-Wtype-equality-requires-operators]
    The use of ‘~’ without TypeOperators
    will become an error in a future GHC release.
    Suggested fix: Perhaps you intended to use TypeOperators
   |
31 | share
   | ^^^^^...

test/PersistentTestModels.hs:31:1: warning: [GHC-58520] [-Wtype-equality-requires-operators]
    The use of ‘~’ without TypeOperators
    will become an error in a future GHC release.
    Suggested fix: Perhaps you intended to use TypeOperators
   |
31 | share
   | ^^^^^...

test/PersistentTestModels.hs:31:1: warning: [GHC-58520] [-Wtype-equality-requires-operators]
    The use of ‘~’ without TypeOperators
    will become an error in a future GHC release.
    Suggested fix: Perhaps you intended to use TypeOperators
   |
31 | share
   | ^^^^^...

test/PersistentTestModels.hs:31:1: warning: [GHC-58520] [-Wtype-equality-requires-operators]
    The use of ‘~’ without TypeOperators
    will become an error in a future GHC release.
    Suggested fix: Perhaps you intended to use TypeOperators
   |
31 | share
   | ^^^^^...

test/PersistentTestModels.hs:31:1: warning: [GHC-58520] [-Wtype-equality-requires-operators]
    The use of ‘~’ without TypeOperators
    will become an error in a future GHC release.
    Suggested fix: Perhaps you intended to use TypeOperators
   |
31 | share
   | ^^^^^...

test/PersistentTestModels.hs:31:1: warning: [GHC-58520] [-Wtype-equality-requires-operators]
    The use of ‘~’ without TypeOperators
    will become an error in a future GHC release.
    Suggested fix: Perhaps you intended to use TypeOperators
   |
31 | share
   | ^^^^^...

test/PersistentTestModels.hs:31:1: warning: [GHC-58520] [-Wtype-equality-requires-operators]
    The use of ‘~’ without TypeOperators
    will become an error in a future GHC release.
    Suggested fix: Perhaps you intended to use TypeOperators
   |
31 | share
   | ^^^^^...

test/PersistentTestModels.hs:31:1: warning: [GHC-58520] [-Wtype-equality-requires-operators]
    The use of ‘~’ without TypeOperators
    will become an error in a future GHC release.
    Suggested fix: Perhaps you intended to use TypeOperators
   |
31 | share
   | ^^^^^...

test/PersistentTestModels.hs:31:1: warning: [GHC-58520] [-Wtype-equality-requires-operators]
    The use of ‘~’ without TypeOperators
    will become an error in a future GHC release.
    Suggested fix: Perhaps you intended to use TypeOperators
   |
31 | share
   | ^^^^^...

test/PersistentTestModels.hs:31:1: warning: [GHC-58520] [-Wtype-equality-requires-operators]
    The use of ‘~’ without TypeOperators
    will become an error in a future GHC release.
    Suggested fix: Perhaps you intended to use TypeOperators
   |
31 | share
   | ^^^^^...

test/PersistentTestModels.hs:31:1: warning: [GHC-58520] [-Wtype-equality-requires-operators]
    The use of ‘~’ without TypeOperators
    will become an error in a future GHC release.
    Suggested fix: Perhaps you intended to use TypeOperators
   |
31 | share
   | ^^^^^...

test/PersistentTestModels.hs:31:1: warning: [GHC-58520] [-Wtype-equality-requires-operators]
    The use of ‘~’ without TypeOperators
    will become an error in a future GHC release.
    Suggested fix: Perhaps you intended to use TypeOperators
   |
31 | share
   | ^^^^^...

test/PersistentTestModels.hs:32:31: warning: [GHC-68441] [-Wdeprecations]
    In the use of ‘mpsGeneric’ (imported from Database.Persist.TH):
    Deprecated: "The mpsGeneric function adds a considerable amount of overhead and complexity to the library without bringing significant benefit. We would like to remove it. If you require this feature, please comment on the linked GitHub issue, and we'll either keep it around, or we can figure out a nicer way to solve your problem.

 Github: https://github.com/yesodweb/persistent/issues/1204"
   |
32 |     [ mkPersist sqlSettings { mpsGeneric = True }
   |                               ^^^^^^^^^^

test/PersistentTestModels.hs:118:1: warning: [GHC-39584]
    persistent has deprecated sum type entities as of 2.14.0.0.
We will delete support for these entities in 2.15.0.0.
If you need these, please add a comment on this GitHub issue:

    https://github.com/yesodweb/persistent/issues/987

    |
118 | share [ mkPersist sqlSettings { mpsPrefixFields = False, mpsGeneric = True }
    | ^^^^^^^^^^^^^^^^^^^^^^^^^^^^^^^^^^^^^^^^^^^^^^^^^^^^^^^^^^^^^^^^^^^^^^^^^^^^...

test/PersistentTestModels.hs:118:1: warning: [GHC-58520] [-Wtype-equality-requires-operators]
    The use of ‘~’ without TypeOperators
    will become an error in a future GHC release.
    Suggested fix: Perhaps you intended to use TypeOperators
    |
118 | share [ mkPersist sqlSettings { mpsPrefixFields = False, mpsGeneric = True }
    | ^^^^^^^^^^^^^^^^^^^^^^^^^^^^^^^^^^^^^^^^^^^^^^^^^^^^^^^^^^^^^^^^^^^^^^^^^^^^...

test/PersistentTestModels.hs:118:1: warning: [GHC-58520] [-Wtype-equality-requires-operators]
    The use of ‘~’ without TypeOperators
    will become an error in a future GHC release.
    Suggested fix: Perhaps you intended to use TypeOperators
    |
118 | share [ mkPersist sqlSettings { mpsPrefixFields = False, mpsGeneric = True }
    | ^^^^^^^^^^^^^^^^^^^^^^^^^^^^^^^^^^^^^^^^^^^^^^^^^^^^^^^^^^^^^^^^^^^^^^^^^^^^...

test/PersistentTestModels.hs:118:1: warning: [GHC-58520] [-Wtype-equality-requires-operators]
    The use of ‘~’ without TypeOperators
    will become an error in a future GHC release.
    Suggested fix: Perhaps you intended to use TypeOperators
    |
118 | share [ mkPersist sqlSettings { mpsPrefixFields = False, mpsGeneric = True }
    | ^^^^^^^^^^^^^^^^^^^^^^^^^^^^^^^^^^^^^^^^^^^^^^^^^^^^^^^^^^^^^^^^^^^^^^^^^^^^...

test/PersistentTestModels.hs:118:1: warning: [GHC-58520] [-Wtype-equality-requires-operators]
    The use of ‘~’ without TypeOperators
    will become an error in a future GHC release.
    Suggested fix: Perhaps you intended to use TypeOperators
    |
118 | share [ mkPersist sqlSettings { mpsPrefixFields = False, mpsGeneric = True }
    | ^^^^^^^^^^^^^^^^^^^^^^^^^^^^^^^^^^^^^^^^^^^^^^^^^^^^^^^^^^^^^^^^^^^^^^^^^^^^...

test/PersistentTestModels.hs:118:1: warning: [GHC-58520] [-Wtype-equality-requires-operators]
    The use of ‘~’ without TypeOperators
    will become an error in a future GHC release.
    Suggested fix: Perhaps you intended to use TypeOperators
    |
118 | share [ mkPersist sqlSettings { mpsPrefixFields = False, mpsGeneric = True }
    | ^^^^^^^^^^^^^^^^^^^^^^^^^^^^^^^^^^^^^^^^^^^^^^^^^^^^^^^^^^^^^^^^^^^^^^^^^^^^...

test/PersistentTestModels.hs:118:1: warning: [GHC-58520] [-Wtype-equality-requires-operators]
    The use of ‘~’ without TypeOperators
    will become an error in a future GHC release.
    Suggested fix: Perhaps you intended to use TypeOperators
    |
118 | share [ mkPersist sqlSettings { mpsPrefixFields = False, mpsGeneric = True }
    | ^^^^^^^^^^^^^^^^^^^^^^^^^^^^^^^^^^^^^^^^^^^^^^^^^^^^^^^^^^^^^^^^^^^^^^^^^^^^...

test/PersistentTestModels.hs:118:1: warning: [GHC-58520] [-Wtype-equality-requires-operators]
    The use of ‘~’ without TypeOperators
    will become an error in a future GHC release.
    Suggested fix: Perhaps you intended to use TypeOperators
    |
118 | share [ mkPersist sqlSettings { mpsPrefixFields = False, mpsGeneric = True }
    | ^^^^^^^^^^^^^^^^^^^^^^^^^^^^^^^^^^^^^^^^^^^^^^^^^^^^^^^^^^^^^^^^^^^^^^^^^^^^...

test/PersistentTestModels.hs:118:1: warning: [GHC-58520] [-Wtype-equality-requires-operators]
    The use of ‘~’ without TypeOperators
    will become an error in a future GHC release.
    Suggested fix: Perhaps you intended to use TypeOperators
    |
118 | share [ mkPersist sqlSettings { mpsPrefixFields = False, mpsGeneric = True }
    | ^^^^^^^^^^^^^^^^^^^^^^^^^^^^^^^^^^^^^^^^^^^^^^^^^^^^^^^^^^^^^^^^^^^^^^^^^^^^...

test/PersistentTestModels.hs:118:1: warning: [-Wunused-matches]
    Defined but not used: ‘fromField’
    |
118 | share [ mkPersist sqlSettings { mpsPrefixFields = False, mpsGeneric = True }
    | ^^^^^^^^^^^^^^^^^^^^^^^^^^^^^^^^^^^^^^^^^^^^^^^^^^^^^^^^^^^^^^^^^^^^^^^^^^^^...

test/PersistentTestModels.hs:118:58: warning: [GHC-68441] [-Wdeprecations]
    In the use of ‘mpsGeneric’ (imported from Database.Persist.TH):
    Deprecated: "The mpsGeneric function adds a considerable amount of overhead and complexity to the library without bringing significant benefit. We would like to remove it. If you require this feature, please comment on the linked GitHub issue, and we'll either keep it around, or we can figure out a nicer way to solve your problem.

 Github: https://github.com/yesodweb/persistent/issues/1204"
    |
118 | share [ mkPersist sqlSettings { mpsPrefixFields = False, mpsGeneric = True }
    |                                                          ^^^^^^^^^^

test/PersistentTestModels.hs:143:10: warning: [GHC-06201] [-Wmissing-methods]
    • No explicit implementation for
        ‘tabulateEntityA’
    • In the instance declaration for
        ‘PersistEntity (ReverseFieldOrder a)’
    |
143 | instance (PersistEntity a) => PersistEntity (ReverseFieldOrder a) where
    |          ^^^^^^^^^^^^^^^^^^^^^^^^^^^^^^^^^^^^^^^^^^^^^^^^^^^^^^^^

test/PersistentTestModels.hs:167:15: warning: [-Wunused-matches]
    Defined but not used: ‘x’
    |
167 |     fieldLens x = error "ReverseFieldOrder.fieldLens"
    |               ^
[4 of 5] Compiling CodeGenTest
[5 of 5] Compiling Main

test/Spec.hs:62:43: warning: [GHC-58520] [-Wtype-equality-requires-operators]
    The use of ‘~’ without TypeOperators
    will become an error in a future GHC release.
    Suggested fix: Perhaps you intended to use TypeOperators
   |
62 |               => PersistEntityBackend val ~ BaseBackend backend
   |                                           ^

test/Spec.hs:119:91: warning: [GHC-58520] [-Wtype-equality-requires-operators]
    The use of ‘~’ without TypeOperators
    will become an error in a future GHC release.
    Suggested fix: Perhaps you intended to use TypeOperators
    |
119 |         let insert' :: (PersistStore backend, PersistEntity val, PersistEntityBackend val ~ BaseBackend backend, MonadIO m, SafeToInsert val)
    |                                                                                           ^

test/Spec.hs:138:91: warning: [GHC-58520] [-Wtype-equality-requires-operators]
    The use of ‘~’ without TypeOperators
    will become an error in a future GHC release.
    Suggested fix: Perhaps you intended to use TypeOperators
    |
138 |         let insert' :: (PersistStore backend, PersistEntity val, PersistEntityBackend val ~ BaseBackend backend, MonadIO m, SafeToInsert val)
    |                                                                                           ^
[6 of 6] Linking /tmp/workdir-persistent-qq/persistent-qq-2.12.0.6/dist-newstyle/build/x86_64-linux/ghc-9.6.5/persistent-qq-2.12.0.6/t/specs/build/specs/specs
