Resolving dependencies...
Build profile: -w ghc-9.10.2 -O1
In order, the following will be built (use -v for more details):
 - Hastructure-0.50.4 (lib) (first run)
 - Hastructure-0.50.4 (test:Hastructure-test) (first run)
 - Hastructure-0.50.4 (exe:Hastructure-exe) (first run)
Configuring library for Hastructure-0.50.4...
Preprocessing library for Hastructure-0.50.4...
Building library for Hastructure-0.50.4...
[ 1 of 44] Compiling Errors
[ 2 of 44] Compiling Paths_Hastructure
[ 3 of 44] Compiling Types
src/Types.hs:620:1: warning: [GHC-94817] [-Wtabs]
    Tab character found here.
    Suggested fix: Please use spaces instead.
    |
620 |                | PoolWaSpread (Maybe [PoolId])
    | ^^^^^^^^

src/Types.hs:995:3: warning: [GHC-53633] [-Woverlapping-patterns]
    Pattern match is redundant
    In an equation for ‘toJSON’: toJSON x = ...
    |
995 |   toJSON x = error $ "Not support for toJSON for "++show x
    |   ^^^^^^^^^^^^^^^^^^^^^^^^^^^^^^^^^^^^^^^^^^^^^^^^^^^^^^^^

src/Types.hs:1007:48: warning: [GHC-63394] [-Wx-partial]
    In the use of ‘head’
    (imported from Prelude, but defined in GHC.Internal.List):
    "This is a partial function, it throws an error on empty lists. Use pattern matching, 'Data.List.uncons' or 'Data.Maybe.listToMaybe' instead. Consider refactoring to use "Data.List.NonEmpty"."
     |
1007 |                   return $ Transfer (T.unpack (head sv)) (T.unpack (sv!!1))
     |                                                ^^^^

src/Types.hs:1015:48: warning: [GHC-63394] [-Wx-partial]
    In the use of ‘head’
    (imported from Prelude, but defined in GHC.Internal.List):
    "This is a partial function, it throws an error on empty lists. Use pattern matching, 'Data.List.uncons' or 'Data.Maybe.listToMaybe' instead. Consider refactoring to use "Data.List.NonEmpty"."
     |
1015 |                   return $ WriteOff (T.unpack (head sv)) (read (T.unpack (sv!!1))::Balance)
     |                                                ^^^^

src/Types.hs:1023:50: warning: [GHC-63394] [-Wx-partial]
    In the use of ‘head’
    (imported from Prelude, but defined in GHC.Internal.List):
    "This is a partial function, it throws an error on empty lists. Use pattern matching, 'Data.List.uncons' or 'Data.Maybe.listToMaybe' instead. Consider refactoring to use "Data.List.NonEmpty"."
     |
1023 |                   return $ TransferBy (T.unpack (head sv)) (T.unpack (sv!!1)) (read (T.unpack (sv!!2))::Limit)
     |                                                  ^^^^

src/Types.hs:1026:26: warning: [GHC-63394] [-Wx-partial]
    In the use of ‘head’
    (imported from Prelude, but defined in GHC.Internal.List):
    "This is a partial function, it throws an error on empty lists. Use pattern matching, 'Data.List.uncons' or 'Data.Maybe.listToMaybe' instead. Consider refactoring to use "Data.List.NonEmpty"."
     |
1026 |               mPids = if head sr == "Nothing" then 
     |                          ^^^^

src/Types.hs:1042:79: warning: [GHC-63394] [-Wx-partial]
    In the use of ‘head’
    (imported from Prelude, but defined in GHC.Internal.List):
    "This is a partial function, it throws an error on empty lists. Use pattern matching, 'Data.List.uncons' or 'Data.Maybe.listToMaybe' instead. Consider refactoring to use "Data.List.NonEmpty"."
     |
1042 |                               return $ LiquidationSupportInt (read (T.unpack (head sv))::Balance) (read (T.unpack (sv!!1))::Balance)
     |                                                                               ^^^^

src/Types.hs:1058:48: warning: [GHC-63394] [-Wx-partial]
    In the use of ‘head’
    (imported from Prelude, but defined in GHC.Internal.List):
    "This is a partial function, it throws an error on empty lists. Use pattern matching, 'Data.List.uncons' or 'Data.Maybe.listToMaybe' instead. Consider refactoring to use "Data.List.NonEmpty"."
     |
1058 |                   return $ FundWith (T.unpack (head sv)) (read (T.unpack (sv!!1))::Balance)
     |                                                ^^^^

src/Types.hs:1065:18: warning: [GHC-63394] [-Wx-partial]
    In the use of ‘head’
    (imported from Prelude, but defined in GHC.Internal.List):
    "This is a partial function, it throws an error on empty lists. Use pattern matching, 'Data.List.uncons' or 'Data.Maybe.listToMaybe' instead. Consider refactoring to use "Data.List.NonEmpty"."
     |
1065 |       tagName =  head sr!!1::String
     |                  ^^^^

src/Types.hs:1066:18: warning: [GHC-63394] [-Wx-partial]
    In the use of ‘head’
    (imported from Prelude, but defined in GHC.Internal.List):
    "This is a partial function, it throws an error on empty lists. Use pattern matching, 'Data.List.uncons' or 'Data.Maybe.listToMaybe' instead. Consider refactoring to use "Data.List.NonEmpty"."
     |
1066 |       contents = head sr!!2::String
     |                  ^^^^

src/Types.hs:1112:46: warning: [GHC-63394] [-Wx-partial]
    In the use of ‘head’
    (imported from Prelude, but defined in GHC.Internal.List):
    "This is a partial function, it throws an error on empty lists. Use pattern matching, 'Data.List.uncons' or 'Data.Maybe.listToMaybe' instead. Consider refactoring to use "Data.List.NonEmpty"."
     |
1112 | getDealStatType (Max dss) = getDealStatType (head dss)
     |                                              ^^^^

src/Types.hs:1113:46: warning: [GHC-63394] [-Wx-partial]
    In the use of ‘head’
    (imported from Prelude, but defined in GHC.Internal.List):
    "This is a partial function, it throws an error on empty lists. Use pattern matching, 'Data.List.uncons' or 'Data.Maybe.listToMaybe' instead. Consider refactoring to use "Data.List.NonEmpty"."
     |
1113 | getDealStatType (Min dss) = getDealStatType (head dss)
     |                                              ^^^^

[ 4 of 44] Compiling Lib
src/Lib.hs:53:54: warning: [GHC-63394] [-Wx-partial]
    In the use of ‘tail’
    (imported from Data.List, but defined in GHC.Internal.List):
    "This is a partial function, it throws an error on empty lists. Replace it with 'drop' 1, or use pattern matching or 'GHC.Internal.Data.List.uncons' instead. Consider refactoring to use "Data.List.NonEmpty"."
   |
53 | getIntervalDays ds = zipWith daysBetweenI (init ds) (tail ds)
   |                                                      ^^^^

src/Lib.hs:82:3: warning: [GHC-63394] [-Wx-partial]
    In the use of ‘tail’
    (imported from Data.List, but defined in GHC.Internal.List):
    "This is a partial function, it throws an error on empty lists. Replace it with 'drop' 1, or use pattern matching or 'GHC.Internal.Data.List.uncons' instead. Consider refactoring to use "Data.List.NonEmpty"."
   |
82 |   tail $ reverse $ foldl pay [(startAmt, 0)] liabilities
   |   ^^^^

[ 5 of 44] Compiling DateUtil
src/DateUtil.hs:232:15: warning: [GHC-63394] [-Wx-partial]
    In the use of ‘head’
    (imported from Data.List, but defined in GHC.Internal.List):
    "This is a partial function, it throws an error on empty lists. Use pattern matching, 'Data.List.uncons' or 'Data.Maybe.listToMaybe' instead. Consider refactoring to use "Data.List.NonEmpty"."
    |
232 |   = case (rt, head _r==sd, last _r==ed) of 
    |               ^^^^

src/DateUtil.hs:237:25: warning: [GHC-63394] [-Wx-partial]
    In the use of ‘tail’
    (imported from Data.List, but defined in GHC.Internal.List):
    "This is a partial function, it throws an error on empty lists. Replace it with 'drop' 1, or use pattern matching or 'GHC.Internal.Data.List.uncons' instead. Consider refactoring to use "Data.List.NonEmpty"."
    |
237 |       (EI,True,True) -> tail _r 
    |                         ^^^^

src/DateUtil.hs:238:26: warning: [GHC-63394] [-Wx-partial]
    In the use of ‘tail’
    (imported from Data.List, but defined in GHC.Internal.List):
    "This is a partial function, it throws an error on empty lists. Replace it with 'drop' 1, or use pattern matching or 'GHC.Internal.Data.List.uncons' instead. Consider refactoring to use "Data.List.NonEmpty"."
    |
238 |       (EI,True,False) -> tail _r ++ [ed]
    |                          ^^^^

src/DateUtil.hs:245:32: warning: [GHC-63394] [-Wx-partial]
    In the use of ‘tail’
    (imported from Data.List, but defined in GHC.Internal.List):
    "This is a partial function, it throws an error on empty lists. Replace it with 'drop' 1, or use pattern matching or 'GHC.Internal.Data.List.uncons' instead. Consider refactoring to use "Data.List.NonEmpty"."
    |
245 |       (EE,True,True) -> init $ tail _r 
    |                                ^^^^

src/DateUtil.hs:246:26: warning: [GHC-63394] [-Wx-partial]
    In the use of ‘tail’
    (imported from Data.List, but defined in GHC.Internal.List):
    "This is a partial function, it throws an error on empty lists. Replace it with 'drop' 1, or use pattern matching or 'GHC.Internal.Data.List.uncons' instead. Consider refactoring to use "Data.List.NonEmpty"."
    |
246 |       (EE,True,False) -> tail _r 
    |                          ^^^^

src/DateUtil.hs:340:47: warning: [GHC-63394] [-Wx-partial]
    In the use of ‘tail’
    (imported from Data.List, but defined in GHC.Internal.List):
    "This is a partial function, it throws an error on empty lists. Replace it with 'drop' 1, or use pattern matching or 'GHC.Internal.Data.List.uncons' instead. Consider refactoring to use "Data.List.NonEmpty"."
    |
340 |   = zipWith (yearCountFraction dc) (init ds) (tail ds)
    |                                               ^^^^

src/DateUtil.hs:343:50: warning: [GHC-63394] [-Wx-partial]
    In the use of ‘tail’
    (imported from Data.List, but defined in GHC.Internal.List):
    "This is a partial function, it throws an error on empty lists. Replace it with 'drop' 1, or use pattern matching or 'GHC.Internal.Data.List.uncons' instead. Consider refactoring to use "Data.List.NonEmpty"."
    |
343 | daysInterval ds = zipWith daysBetween (init ds) (tail ds)
    |                                                  ^^^^

[ 6 of 44] Compiling Call
[ 7 of 44] Compiling Util
src/Util.hs:163:32: warning: [GHC-63394] [-Wx-partial]
    In the use of ‘head’
    (imported from Data.List, but defined in GHC.Internal.List):
    "This is a partial function, it throws an error on empty lists. Use pattern matching, 'Data.List.uncons' or 'Data.Maybe.listToMaybe' instead. Consider refactoring to use "Data.List.NonEmpty"."
    |
163 |       (_,True) -> tsPointVal $ head dps
    |                                ^^^^

src/Util.hs:165:36: warning: [GHC-47082] [-Woperator-whitespace-ext-conflict]
    The prefix use of a ‘$’ would denote an untyped splice
      were the TemplateHaskell extension enabled.
    Suggested fix: Add whitespace after the ‘$’.
    |
165 |               rindex = fromMaybe 0 $findIndex (\(TsPoint _dl _) -> ( _dl > d )) dps
    |                                    ^

src/Util.hs:175:24: warning: [GHC-63394] [-Wx-partial]
    In the use of ‘head’
    (imported from Data.List, but defined in GHC.Internal.List):
    "This is a partial function, it throws an error on empty lists. Use pattern matching, 'Data.List.uncons' or 'Data.Maybe.listToMaybe' instead. Consider refactoring to use "Data.List.NonEmpty"."
    |
175 |       fday = getDate $ head dps
    |                        ^^^^

src/Util.hs:242:37: warning: [GHC-63394] [-Wx-partial]
    In the use of ‘tail’
    (imported from Data.List, but defined in GHC.Internal.List):
    "This is a partial function, it throws an error on empty lists. Replace it with 'drop' 1, or use pattern matching or 'GHC.Internal.Data.List.uncons' instead. Consider refactoring to use "Data.List.NonEmpty"."
    |
242 | diffNum xs = zipWith (-) (init xs) (tail xs)
    |                                     ^^^^

[ 8 of 44] Compiling Stmt
src/Stmt.hs:137:14: warning: [GHC-63394] [-Wx-partial]
    In the use of ‘head’
    (imported from Data.List, but defined in GHC.Internal.List):
    "This is a partial function, it throws an error on empty lists. Use pattern matching, 'Data.List.uncons' or 'Data.Maybe.listToMaybe' instead. Consider refactoring to use "Data.List.NonEmpty"."
    |
137 |     fstTxn = head txns
    |              ^^^^

src/Stmt.hs:146:34: warning: [GHC-63394] [-Wx-partial]
    In the use of ‘tail’
    (imported from Data.List, but defined in GHC.Internal.List):
    "This is a partial function, it throws an error on empty lists. Replace it with 'drop' 1, or use pattern matching or 'GHC.Internal.Data.List.uncons' instead. Consider refactoring to use "Data.List.NonEmpty"."
    |
146 |       intervals = zip (init ds) (tail ds) 
    |                                  ^^^^

src/Stmt.hs:259:7: warning: [GHC-53633] [-Woverlapping-patterns]
    Pattern match is redundant
    In a case alternative: _ -> ...
    |
259 |       _ -> error ("Missing in GetFlow >> "++ show comment)
    |       ^^^^^^^^^^^^^^^^^^^^^^^^^^^^^^^^^^^^^^^^^^^^^^^^^^^^

[ 9 of 44] Compiling Ledger
src/Ledger.hs:57:1: warning: [GHC-53633] [-Woverlapping-patterns]
    Pattern match is redundant
    In an equation for ‘entryLogByDr’:
        entryLogByDr Credit amt d (Just (TxnComments cms)) = ...
   |
57 | entryLogByDr Credit amt d (Just (TxnComments cms)) = entryLog amt d (TxnComments ((TxnDirection Credit):cms))
   | ^^^^^^^^^^^^^^^^^^^^^^^^^^^^^^^^^^^^^^^^^^^^^^^^^^^^^^^^^^^^^^^^^^^^^^^^^^^^^^^^^^^^^^^^^^^^^^^^^^^^^^^^^^^^^

src/Ledger.hs:58:1: warning: [GHC-53633] [-Woverlapping-patterns]
    Pattern match is redundant
    In an equation for ‘entryLogByDr’:
        entryLogByDr Debit amt d (Just (TxnComments cms)) = ...
   |
58 | entryLogByDr Debit amt d (Just (TxnComments cms)) = entryLog amt d (TxnComments ((TxnDirection Debit):cms))
   | ^^^^^^^^^^^^^^^^^^^^^^^^^^^^^^^^^^^^^^^^^^^^^^^^^^^^^^^^^^^^^^^^^^^^^^^^^^^^^^^^^^^^^^^^^^^^^^^^^^^^^^^^^^^

[10 of 44] Compiling InterestRate
src/InterestRate.hs:9:4: warning: [GHC-47854] [-Wduplicate-exports]
    ‘getSpread’ is exported by ‘getSpread’ and ‘UseRate(..)’
  |
9 |   ,getSpread,_getSpread)
  |    ^^^^^^^^^

src/InterestRate.hs:70:19: warning: [GHC-63394] [-Wx-partial]
    In the use of ‘tail’
    (imported from Prelude, but defined in GHC.Internal.List):
    "This is a partial function, it throws an error on empty lists. Replace it with 'drop' 1, or use pattern matching or 'GHC.Internal.Data.List.uncons' instead. Consider refactoring to use "Data.List.NonEmpty"."
   |
70 |       restRates = tail $
   |                   ^^^^

src/InterestRate.hs:100:59: warning: [GHC-63394] [-Wx-partial]
    In the use of ‘tail’
    (imported from Prelude, but defined in GHC.Internal.List):
    "This is a partial function, it throws an error on empty lists. Replace it with 'drop' 1, or use pattern matching or 'GHC.Internal.Data.List.uncons' instead. Consider refactoring to use "Data.List.NonEmpty"."
    |
100 |   = [ calcIntRate sd ed r dc |  (sd,ed) <- zip (init ds) (tail ds) ]
    |                                                           ^^^^

[11 of 44] Compiling Expense
src/Expense.hs:103:10: warning: [GHC-06201] [-Wmissing-methods]
    • No explicit implementation for
        ‘getCurBalance’, ‘getCurRate’, ‘getOriginBalance’, ‘getOriginDate’,
        ‘getAccrueBegDate’, ‘getDueInt’, ‘getDueIntAt’, ‘getDueIntOverInt’,
        ‘getDueIntOverIntAt’, ‘getTotalDueInt’, and ‘getTotalDueIntAt’
    • In the instance declaration for ‘Liable Fee’
    |
103 | instance Liable Fee where 
    |          ^^^^^^^^^^

src/Expense.hs:110:10: warning: [GHC-06201] [-Wmissing-methods]
    • No explicit implementation for
        ‘IR.getIndexes’, ‘IR.getResetDates’, and ‘IR.getSpread’
    • In the instance declaration for ‘IR.UseRate Fee’
    |
110 | instance IR.UseRate Fee where
    |          ^^^^^^^^^^^^^^

[12 of 44] Compiling CreditEnhancement
src/CreditEnhancement.hs:127:5: warning: [GHC-53633] [-Woverlapping-patterns]
    Pattern match is redundant
    In a case alternative: _ -> ...
    |
127 |     _ -> buildLiqRateResetAction liqProviders ed r
    |     ^^^^^^^^^^^^^^^^^^^^^^^^^^^^^^^^^^^^^^^^^^^^^^

src/CreditEnhancement.hs:205:45: warning: [GHC-63394] [-Wx-partial]
    In the use of ‘tail’
    (imported from Prelude, but defined in GHC.Internal.List):
    "This is a partial function, it throws an error on empty lists. Replace it with 'drop' 1, or use pattern matching or 'GHC.Internal.Data.List.uncons' instead. Consider refactoring to use "Data.List.NonEmpty"."
    |
205 |                         _ds = lastAccDate : tail (getDate <$> _unAccTxns)
    |                                             ^^^^

src/CreditEnhancement.hs:229:10: warning: [GHC-06201] [-Wmissing-methods]
    • No explicit implementation for
        ‘getCurRate’, ‘getOriginDate’, ‘getAccrueBegDate’, ‘getDueIntAt’,
        ‘getDueIntOverInt’, ‘getDueIntOverIntAt’,
        ‘getTotalDueInt’, and ‘getTotalDueIntAt’
    • In the instance declaration for ‘Liable LiqFacility’
    |
229 | instance Liable LiqFacility where 
    |          ^^^^^^^^^^^^^^^^^^

src/CreditEnhancement.hs:242:10: warning: [GHC-06201] [-Wmissing-methods]
    • No explicit implementation for
        ‘IR.getResetDates’ and ‘IR.getSpread’
    • In the instance declaration for ‘IR.UseRate LiqFacility’
    |
242 | instance IR.UseRate LiqFacility where 
    |          ^^^^^^^^^^^^^^^^^^^^^^

src/CreditEnhancement.hs:257:18: warning: [GHC-63394] [-Wx-partial]
    In the use of ‘head’
    (imported from Prelude, but defined in GHC.Internal.List):
    "This is a partial function, it throws an error on empty lists. Use pattern matching, 'Data.List.uncons' or 'Data.Maybe.listToMaybe' instead. Consider refactoring to use "Data.List.NonEmpty"."
    |
257 |   getIndex liq = head <$> IR.getIndexes liq
    |                  ^^^^

src/CreditEnhancement.hs:283:10: warning: [GHC-06201] [-Wmissing-methods]
    • No explicit implementation for
        ‘IR.isAdjustbleRate’, ‘IR.getIndex’,
        ‘IR.getResetDates’, and ‘IR.getSpread’
    • In the instance declaration for ‘IR.UseRate CreditDefaultSwap’
    |
283 | instance IR.UseRate CreditDefaultSwap where 
    |          ^^^^^^^^^^^^^^^^^^^^^^^^^^^^

[13 of 44] Compiling Cashflow
src/Cashflow.hs:222:48: warning: [GHC-63394] [-Wx-partial]
    In the use of ‘head’
    (imported from Prelude, but defined in GHC.Internal.List):
    "This is a partial function, it throws an error on empty lists. Use pattern matching, 'Data.List.uncons' or 'Data.Maybe.listToMaybe' instead. Consider refactoring to use "Data.List.NonEmpty"."
    |
222 |         colHeader = [TT.Header c | c <- getCs (head txns) ]
    |                                                ^^^^

src/Cashflow.hs:587:1: warning: [GHC-53633] [-Woverlapping-patterns]
    Pattern match is redundant
    In an equation for ‘buildCollectedCF’: buildCollectedCF a b c = ...
    |
587 | buildCollectedCF a b c = error $ "buildCollectedCF failed"++ show a++">>"++ show b++">>"++ show c
    | ^^^^^^^^^^^^^^^^^^^^^^^^^^^^^^^^^^^^^^^^^^^^^^^^^^^^^^^^^^^^^^^^^^^^^^^^^^^^^^^^^^^^^^^^^^^^^^^^^

src/Cashflow.hs:879:56: warning: [GHC-63394] [-Wx-partial]
    In the use of ‘head’
    (imported from Prelude, but defined in GHC.Internal.List):
    "This is a partial function, it throws an error on empty lists. Use pattern matching, 'Data.List.uncons' or 'Data.Maybe.listToMaybe' instead. Consider refactoring to use "Data.List.NonEmpty"."
    |
879 |   | null txns2 = over cashflowTxn (patchBalance (bBal1,head txns1 ^. tsCumulative) []) cf1
    |                                                        ^^^^

src/Cashflow.hs:958:1: warning: [GHC-53633] [-Woverlapping-patterns]
    Pattern match is redundant
    In an equation for ‘lookupSource’: lookupSource tr x = ...
    |
958 | lookupSource tr x = error ("Failed to lookup source"++ show x)
    | ^^^^^^^^^^^^^^^^^^^^^^^^^^^^^^^^^^^^^^^^^^^^^^^^^^^^^^^^^^^^^^

[14 of 44] Compiling AssetClass.AssetBase
src/AssetClass/AssetBase.hs:256:10: warning: [GHC-06201] [-Wmissing-methods]
    • No explicit implementation for
        ‘IR.isAdjustbleRate’, ‘IR.getIndexes’,
        ‘IR.getResetDates’, and ‘IR.getSpread’
    • In the instance declaration for ‘IR.UseRate AssetUnion’
    |
256 | instance IR.UseRate AssetUnion where
    |          ^^^^^^^^^^^^^^^^^^^^^

src/AssetClass/AssetBase.hs:266:10: warning: [GHC-06201] [-Wmissing-methods]
    • No explicit implementation for
        ‘IR.isAdjustbleRate’, ‘IR.getIndexes’,
        ‘IR.getResetDates’, and ‘IR.getSpread’
    • In the instance declaration for ‘IR.UseRate Mortgage’
    |
266 | instance IR.UseRate Mortgage where 
    |          ^^^^^^^^^^^^^^^^^^^

src/AssetClass/AssetBase.hs:272:10: warning: [GHC-06201] [-Wmissing-methods]
    • No explicit implementation for
        ‘IR.isAdjustbleRate’, ‘IR.getIndexes’,
        ‘IR.getResetDates’, and ‘IR.getSpread’
    • In the instance declaration for ‘IR.UseRate Loan’
    |
272 | instance IR.UseRate Loan where
    |          ^^^^^^^^^^^^^^^

src/AssetClass/AssetBase.hs:276:10: warning: [GHC-06201] [-Wmissing-methods]
    • No explicit implementation for
        ‘IR.isAdjustbleRate’, ‘IR.getIndexes’,
        ‘IR.getResetDates’, and ‘IR.getSpread’
    • In the instance declaration for ‘IR.UseRate Installment’
    |
276 | instance IR.UseRate Installment where 
    |          ^^^^^^^^^^^^^^^^^^^^^^

src/AssetClass/AssetBase.hs:280:10: warning: [GHC-06201] [-Wmissing-methods]
    • No explicit implementation for
        ‘IR.isAdjustbleRate’, ‘IR.getIndexes’,
        ‘IR.getResetDates’, and ‘IR.getSpread’
    • In the instance declaration for ‘IR.UseRate Lease’
    |
280 | instance IR.UseRate Lease where
    |          ^^^^^^^^^^^^^^^^

src/AssetClass/AssetBase.hs:284:10: warning: [GHC-06201] [-Wmissing-methods]
    • No explicit implementation for
        ‘IR.isAdjustbleRate’, ‘IR.getIndexes’,
        ‘IR.getResetDates’, and ‘IR.getSpread’
    • In the instance declaration for ‘IR.UseRate FixedAsset’
    |
284 | instance IR.UseRate FixedAsset where
    |          ^^^^^^^^^^^^^^^^^^^^^

src/AssetClass/AssetBase.hs:287:10: warning: [GHC-06201] [-Wmissing-methods]
    • No explicit implementation for
        ‘IR.isAdjustbleRate’, ‘IR.getIndexes’,
        ‘IR.getResetDates’, and ‘IR.getSpread’
    • In the instance declaration for ‘IR.UseRate Receivable’
    |
287 | instance IR.UseRate Receivable where
    |          ^^^^^^^^^^^^^^^^^^^^^

src/AssetClass/AssetBase.hs:290:10: warning: [GHC-06201] [-Wmissing-methods]
    • No explicit implementation for
        ‘IR.isAdjustbleRate’, ‘IR.getResetDates’, and ‘IR.getSpread’
    • In the instance declaration for ‘IR.UseRate ProjectedCashflow’
    |
290 | instance IR.UseRate ProjectedCashflow where 
    |          ^^^^^^^^^^^^^^^^^^^^^^^^^^^^

[15 of 44] Compiling Revolving
[16 of 44] Compiling Analytics
src/Analytics.hs:143:15: warning: [GHC-63394] [-Wx-partial]
    In the use of ‘head’
    (imported from Prelude, but defined in GHC.Internal.List):
    "This is a partial function, it throws an error on empty lists. Use pattern matching, 'Data.List.uncons' or 'Data.Maybe.listToMaybe' instead. Consider refactoring to use "Data.List.NonEmpty"."
    |
143 |     begDate = head ds
    |               ^^^^

src/Analytics.hs:173:19: warning: [GHC-63394] [-Wx-partial]
    In the use of ‘head’
    (imported from Prelude, but defined in GHC.Internal.List):
    "This is a partial function, it throws an error on empty lists. Use pattern matching, 'Data.List.uncons' or 'Data.Maybe.listToMaybe' instead. Consider refactoring to use "Data.List.NonEmpty"."
    |
173 |       beginDate = head ds
    |                   ^^^^

[17 of 44] Compiling Liability
src/Liability.hs:15:4: warning: [GHC-47854] [-Wduplicate-exports]
    ‘getCurBalance’ is exported by ‘getCurBalance’ and ‘getCurBalance’
   |
15 |   ,getCurBalance,setBondOrigDate
   |    ^^^^^^^^^^^^^

src/Liability.hs:91:1: warning: [GHC-53633] [-Woverlapping-patterns]
    Pattern match is redundant
    In an equation for ‘getDayCountFromInfo’:
        getDayCountFromInfo _ = ...
   |
91 | getDayCountFromInfo _ = Nothing
   | ^^^^^^^^^^^^^^^^^^^^^^^^^^^^^^^

src/Liability.hs:259:38: warning: [GHC-20125] [-Wmissing-fields]
    • Fields of ‘Bond’ not initialised:
        bndName :: String
        bndType :: BondType
        bndOriginInfo :: OriginalInfo
        bndInterestInfo :: InterestInfo
        bndStepUp :: Maybe StepUp
        bndBalance :: Balance
        bndRate :: IRate
        bndDuePrin :: Balance
        bndDueInt :: Balance
        bndDueIntOverInt :: Balance
        bndDueIntDate :: Maybe Date
        bndLastIntPay :: Maybe Date
        bndLastPrinPay :: Maybe Date
    • In the expression: Bond {bndStmt = mStmt}
      In an equation for ‘setter’:
          setter Bond {bndStmt = _} mStmt = Bond {bndStmt = mStmt}
      In an equation for ‘bndmStmt’:
          bndmStmt
            = lens getter setter
            where
                getter Bond {bndStmt = mStmt} = mStmt
                getter MultiIntBond {bndStmt = mStmt} = mStmt
                setter Bond {bndStmt = _} mStmt = Bond {bndStmt = mStmt}
                setter MultiIntBond {bndStmt = _} mStmt
                  = MultiIntBond {bndStmt = mStmt}
    |
259 |     setter Bond{bndStmt = _} mStmt = Bond{bndStmt = mStmt}
    |                                      ^^^^^^^^^^^^^^^^^^^^^

src/Liability.hs:260:46: warning: [GHC-20125] [-Wmissing-fields]
    • Fields of ‘MultiIntBond’ not initialised:
        bndName :: String
        bndType :: BondType
        bndOriginInfo :: OriginalInfo
        bndInterestInfos :: [InterestInfo]
        bndStepUps :: Maybe [StepUp]
        bndBalance :: Balance
        bndRates :: [IRate]
        bndDuePrin :: Balance
        bndDueInts :: [Balance]
        bndDueIntOverInts :: [Balance]
        bndDueIntDate :: Maybe Date
        bndLastIntPays :: Maybe [Date]
        bndLastPrinPay :: Maybe Date
    • In the expression: MultiIntBond {bndStmt = mStmt}
      In an equation for ‘setter’:
          setter MultiIntBond {bndStmt = _} mStmt
            = MultiIntBond {bndStmt = mStmt}
      In an equation for ‘bndmStmt’:
          bndmStmt
            = lens getter setter
            where
                getter Bond {bndStmt = mStmt} = mStmt
                getter MultiIntBond {bndStmt = mStmt} = mStmt
                setter Bond {bndStmt = _} mStmt = Bond {bndStmt = mStmt}
                setter MultiIntBond {bndStmt = _} mStmt
                  = MultiIntBond {bndStmt = mStmt}
    |
260 |     setter MultiIntBond{bndStmt = _} mStmt = MultiIntBond{bndStmt = mStmt}
    |                                              ^^^^^^^^^^^^^^^^^^^^^^^^^^^^^

src/Liability.hs:311:26: warning: [GHC-63394] [-Wx-partial]
    In the use of ‘head’
    (imported from Data.List, but defined in GHC.Internal.List):
    "This is a partial function, it throws an error on empty lists. Use pattern matching, 'Data.List.uncons' or 'Data.Maybe.listToMaybe' instead. Consider refactoring to use "Data.List.NonEmpty"."
    |
311 |     newDueIoI = dueIoI - head rs
    |                          ^^^^

src/Liability.hs:484:46: warning: [GHC-63394] [-Wx-partial]
    In the use of ‘head’
    (imported from Data.List, but defined in GHC.Internal.List):
    "This is a partial function, it throws an error on empty lists. Use pattern matching, 'Data.List.uncons' or 'Data.Maybe.listToMaybe' instead. Consider refactoring to use "Data.List.NonEmpty"."
    |
484 |       cutoffBalance =  (S.getTxnBegBalance . head ) txns 
    |                                              ^^^^

src/Liability.hs:516:65: warning: [GHC-63394] [-Wx-partial]
    In the use of ‘head’
    (imported from Data.List, but defined in GHC.Internal.List):
    "This is a partial function, it throws an error on empty lists. Use pattern matching, 'Data.List.uncons' or 'Data.Maybe.listToMaybe' instead. Consider refactoring to use "Data.List.NonEmpty"."
    |
516 |                               Nothing ->  (S.getTxnBegBalance . head) txns
    |                                                                 ^^^^

src/Liability.hs:714:10: warning: [GHC-06201] [-Wmissing-methods]
    • No explicit implementation for
        ‘IR.getIndex’, ‘IR.getResetDates’, and ‘IR.getSpread’
    • In the instance declaration for ‘UseRate Bond’
    |
714 | instance IR.UseRate Bond where 
    |          ^^^^^^^^^^^^^^^

src/Liability.hs:739:3: warning: [GHC-53633] [-Woverlapping-patterns]
    Pattern match is redundant
    In an equation for ‘hasEmptyTxn’: hasEmptyTxn _ = ...
    |
739 |   hasEmptyTxn _ = False
    |   ^^^^^^^^^^^^^^^^^^^^^

[18 of 44] Compiling Assumptions
src/Assumptions.hs:131:30: warning: [GHC-94817] [-Wtabs]
    Tab character found here, and in three further locations.
    Suggested fix: Please use spaces instead.
    |
131 | data StopBy = StopByDate Date                -- ^ stop by date
    |                              ^^^

src/Assumptions.hs:312:12: warning: [GHC-53633] [-Woverlapping-patterns]
    Pattern match is redundant
    In a \case alternative: _ -> ...
    |
312 |            _ -> False)
    |            ^^^^^^^^^^

src/Assumptions.hs:326:53: warning: [GHC-63394] [-Wx-partial]
    In the use of ‘head’
    (imported from Data.List, but defined in GHC.Internal.List):
    "This is a partial function, it throws an error on empty lists. Use pattern matching, 'Data.List.uncons' or 'Data.Maybe.listToMaybe' instead. Consider refactoring to use "Data.List.NonEmpty"."
    |
326 |             resetDates = genSerialDatesTill2 NO_IE (head ds) dp (last ds)
    |                                                     ^^^^

src/Assumptions.hs:331:53: warning: [GHC-63394] [-Wx-partial]
    In the use of ‘head’
    (imported from Data.List, but defined in GHC.Internal.List):
    "This is a partial function, it throws an error on empty lists. Use pattern matching, 'Data.List.uncons' or 'Data.Maybe.listToMaybe' instead. Consider refactoring to use "Data.List.NonEmpty"."
    |
331 |                                   (mkRateTs $ zip ((head ds):resetDates) (sr:ratesFromCurve))
    |                                                     ^^^^

src/Assumptions.hs:341:1: warning: [GHC-53633] [-Woverlapping-patterns]
    Pattern match is redundant
    In an equation for ‘projRates’: projRates _ rt rassump ds = ...
    |
341 | projRates _ rt rassump ds = Left ("Invalid rate type: "++ show rt++" assump: "++ show rassump)
    | ^^^^^^^^^^^^^^^^^^^^^^^^^^^^^^^^^^^^^^^^^^^^^^^^^^^^^^^^^^^^^^^^^^^^^^^^^^^^^^^^^^^^^^^^^^^^^^

[19 of 44] Compiling Hedge
src/Hedge.hs:113:10: warning: [GHC-06201] [-Wmissing-methods]
    • No explicit implementation for
        ‘getCurBalance’, ‘getCurRate’, ‘getOriginBalance’, ‘getOriginDate’,
        ‘getAccrueBegDate’, ‘getDueInt’, ‘getDueIntAt’, ‘getDueIntOverInt’,
        ‘getDueIntOverIntAt’, ‘getTotalDueInt’, and ‘getTotalDueIntAt’
    • In the instance declaration for ‘Liable RateSwap’
    |
113 | instance Liable RateSwap where 
    |          ^^^^^^^^^^^^^^^

src/Hedge.hs:142:10: warning: [GHC-06201] [-Wmissing-methods]
    • No explicit implementation for
        ‘IR.isAdjustbleRate’, ‘IR.getIndex’,
        ‘IR.getResetDates’, and ‘IR.getSpread’
    • In the instance declaration for ‘IR.UseRate RateCap’
    |
142 | instance IR.UseRate RateCap where 
    |          ^^^^^^^^^^^^^^^^^^

src/Hedge.hs:155:10: warning: [GHC-06201] [-Wmissing-methods]
    • No explicit implementation for
        ‘IR.isAdjustbleRate’, ‘IR.getIndex’,
        ‘IR.getResetDates’, and ‘IR.getSpread’
    • In the instance declaration for ‘IR.UseRate RateSwap’
    |
155 | instance IR.UseRate RateSwap where 
    |          ^^^^^^^^^^^^^^^^^^^

src/Hedge.hs:187:10: warning: [GHC-06201] [-Wmissing-methods]
    • No explicit implementation for
        ‘getCurBalance’, ‘getCurRate’, ‘getOriginBalance’, ‘getOriginDate’,
        ‘getAccrueBegDate’, ‘getDueInt’, ‘getDueIntAt’, ‘getDueIntOverInt’,
        ‘getDueIntOverIntAt’, ‘getTotalDueInt’,
        ‘getTotalDueIntAt’, and ‘getOutstandingAmount’
    • In the instance declaration for ‘Liable SRT’
    |
187 | instance Liable SRT where 
    |          ^^^^^^^^^^

src/Hedge.hs:192:10: warning: [GHC-06201] [-Wmissing-methods]
    • No explicit implementation for
        ‘IR.isAdjustbleRate’, ‘IR.getIndex’, and ‘IR.getSpread’
    • In the instance declaration for ‘IR.UseRate SRT’
    |
192 | instance IR.UseRate SRT where 
    |          ^^^^^^^^^^^^^^

src/Hedge.hs:213:5: warning: [GHC-53633] [-Woverlapping-patterns]
    Pattern match is redundant
    In a case alternative: _ -> ...
    |
213 |     _ -> buildSrtAccrueAction srts ed r
    |     ^^^^^^^^^^^^^^^^^^^^^^^^^^^^^^^^^^^

src/Hedge.hs:224:5: warning: [GHC-53633] [-Woverlapping-patterns]
    Pattern match is redundant
    In a case alternative: _ -> ...
    |
224 |     _ -> buildSrtResetAction srts ed r
    |     ^^^^^^^^^^^^^^^^^^^^^^^^^^^^^^^^^^

[20 of 44] Compiling AssetClass.AssetCashflow
[21 of 44] Compiling Asset
src/Asset.hs:12:68: warning: [GHC-47854] [-Wduplicate-exports]
    ‘getObligorFields’ is exported by ‘getObligorFields’ and ‘Asset(..)’
   |
12 |        ,priceAsset,applyHaircut,buildPrepayRates,buildDefaultRates,getObligorFields
   |                                                                    ^^^^^^^^^^^^^^^^

src/Asset.hs:13:9: warning: [GHC-47854] [-Wduplicate-exports]
    ‘getObligorTags’ is exported by ‘getObligorTags’ and ‘Asset(..)’
   |
13 |        ,getObligorTags,getObligorId,getRecoveryLagAndRate,getDefaultDelinqAssump,getOriginInfo
   |         ^^^^^^^^^^^^^^

src/Asset.hs:13:24: warning: [GHC-47854] [-Wduplicate-exports]
    ‘getObligorId’ is exported by ‘getObligorId’ and ‘Asset(..)’
   |
13 |        ,getObligorTags,getObligorId,getRecoveryLagAndRate,getDefaultDelinqAssump,getOriginInfo
   |                        ^^^^^^^^^^^^

src/Asset.hs:13:82: warning: [GHC-47854] [-Wduplicate-exports]
    ‘getOriginInfo’ is exported by ‘getOriginInfo’ and ‘Asset(..)’
   |
13 |        ,getObligorTags,getObligorId,getRecoveryLagAndRate,getDefaultDelinqAssump,getOriginInfo
   |                                                                                  ^^^^^^^^^^^^^

src/Asset.hs:61:1: warning: [GHC-13511]
    • The MINIMAL pragma does not require:
        ‘getCurrentRate’, ‘Asset.getOriginDate’, ‘getOriginInfo’,
        ‘isDefaulted’, ‘getPaymentDates’, ‘getRemainTerms’, ‘projCashflow’,
        ‘getBorrowerNum’, ‘splitWith’, ‘updateOriginDate’, ‘resetToOrig’,
        ‘getLastInterestPaymentDate’, and ‘calcAccruedInterest’
      but there is no default implementation.
    • In the class declaration for ‘Asset’
   |
61 | class (Show a,IR.UseRate a) => Asset a where
   | ^^^^^^^^^^^^^^^^^^^^^^^^^^^^^^^^^^^^^^^^^^^^...

src/Asset.hs:192:55: warning: [GHC-63394] [-Wx-partial]
    In the use of ‘tail’
    (imported from Data.List, but defined in GHC.Internal.List):
    "This is a partial function, it throws an error on empty lists. Replace it with 'drop' 1, or use pattern matching or 'GHC.Internal.Data.List.uncons' instead. Consider refactoring to use "Data.List.NonEmpty"."
    |
192 |           return $ getTsVals $ multiplyTs Exc (zipTs (tail ds) rs) ts 
    |                                                       ^^^^

src/Asset.hs:236:140: warning: [GHC-63394] [-Wx-partial]
    In the use of ‘head’
    (imported from Data.List, but defined in GHC.Internal.List):
    "This is a partial function, it throws an error on empty lists. Use pattern matching, 'Data.List.uncons' or 'Data.Maybe.listToMaybe' instead. Consider refactoring to use "Data.List.NonEmpty"."
    |
236 |             _ -> (Util.toPeriodRateByInterval r <$> getIntervalDays (init ds)) ++ (Util.toPeriodRateByInterval rAtEnd <$> getIntervalDays [head ds,last ds])
    |                                                                                                                                            ^^^^

src/Asset.hs:241:54: warning: [GHC-63394] [-Wx-partial]
    In the use of ‘tail’
    (imported from Data.List, but defined in GHC.Internal.List):
    "This is a partial function, it throws an error on empty lists. Replace it with 'drop' 1, or use pattern matching or 'GHC.Internal.Data.List.uncons' instead. Consider refactoring to use "Data.List.NonEmpty"."
    |
241 |           let r = getTsVals $ multiplyTs Inc (zipTs (tail ds) rs) ts 
    |                                                      ^^^^

[22 of 44] Compiling AssetClass.Receivable
src/AssetClass/Receivable.hs:78:10: warning: [GHC-06201] [-Wmissing-methods]
    • No explicit implementation for
        ‘getOriginBal’
    • In the instance declaration for ‘Asset Receivable’
   |
78 | instance Asset Receivable where 
   |          ^^^^^^^^^^^^^^^^

src/AssetClass/Receivable.hs:162:38: warning: [GHC-63394] [-Wx-partial]
    In the use of ‘head’
    (imported from Data.List, but defined in GHC.Internal.List):
    "This is a partial function, it throws an error on empty lists. Use pattern matching, 'Data.List.uncons' or 'Data.Maybe.listToMaybe' instead. Consider refactoring to use "Data.List.NonEmpty"."
    |
162 |           let defaultAmt = mulBR ob (head defaultRates)
    |                                      ^^^^

src/AssetClass/Receivable.hs:164:52: warning: [GHC-63394] [-Wx-partial]
    In the use of ‘head’
    (imported from Data.List, but defined in GHC.Internal.List):
    "This is a partial function, it throws an error on empty lists. Use pattern matching, 'Data.List.uncons' or 'Data.Maybe.listToMaybe' instead. Consider refactoring to use "Data.List.NonEmpty"."
    |
164 |           let afterDefaultFee =  mulBR feeDue (1 - head defaultRates)
    |                                                    ^^^^

[23 of 44] Compiling AssetClass.ProjectedCashFlow
src/AssetClass/ProjectedCashFlow.hs:44:81: warning: [GHC-63394] [-Wx-partial]
    In the use of ‘tail’
    (imported from Data.List, but defined in GHC.Internal.List):
    "This is a partial function, it throws an error on empty lists. Replace it with 'drop' 1, or use pattern matching or 'GHC.Internal.Data.List.uncons' instead. Consider refactoring to use "Data.List.NonEmpty"."
   |
44 |   = projectScheduleFlow (trs++[tr]) surviveRate endBal flows defRates ppyRates (tail recVector) (tail lossVector) (recoveryLag,recoveryRate) -- `debug` ("===>C")
   |                                                                                 ^^^^

src/AssetClass/ProjectedCashFlow.hs:44:98: warning: [GHC-63394] [-Wx-partial]
    In the use of ‘tail’
    (imported from Data.List, but defined in GHC.Internal.List):
    "This is a partial function, it throws an error on empty lists. Replace it with 'drop' 1, or use pattern matching or 'GHC.Internal.Data.List.uncons' instead. Consider refactoring to use "Data.List.NonEmpty"."
   |
44 |   = projectScheduleFlow (trs++[tr]) surviveRate endBal flows defRates ppyRates (tail recVector) (tail lossVector) (recoveryLag,recoveryRate) -- `debug` ("===>C")
   |                                                                                                  ^^^^

src/AssetClass/ProjectedCashFlow.hs:63:94: warning: [GHC-63394] [-Wx-partial]
    In the use of ‘head’
    (imported from Data.List, but defined in GHC.Internal.List):
    "This is a partial function, it throws an error on empty lists. Use pattern matching, 'Data.List.uncons' or 'Data.Maybe.listToMaybe' instead. Consider refactoring to use "Data.List.NonEmpty"."
   |
63 |        tr = CF.MortgageFlow (CF.getDate flow) endBal schedulePrin scheduleInt ppyAmt defAmt (head recVector) (head lossVector) 0.0 Nothing Nothing Nothing--TODO missing ppy-penalty here
   |                                                                                              ^^^^

src/AssetClass/ProjectedCashFlow.hs:63:111: warning: [GHC-63394] [-Wx-partial]
    In the use of ‘head’
    (imported from Data.List, but defined in GHC.Internal.List):
    "This is a partial function, it throws an error on empty lists. Use pattern matching, 'Data.List.uncons' or 'Data.Maybe.listToMaybe' instead. Consider refactoring to use "Data.List.NonEmpty"."
   |
63 |        tr = CF.MortgageFlow (CF.getDate flow) endBal schedulePrin scheduleInt ppyAmt defAmt (head recVector) (head lossVector) 0.0 Nothing Nothing Nothing--TODO missing ppy-penalty here
   |                                                                                                               ^^^^

src/AssetClass/ProjectedCashFlow.hs:94:40: warning: [GHC-63394] [-Wx-partial]
    In the use of ‘head’
    (imported from Data.List, but defined in GHC.Internal.List):
    "This is a partial function, it throws an error on empty lists. Use pattern matching, 'Data.List.uncons' or 'Data.Maybe.listToMaybe' instead. Consider refactoring to use "Data.List.NonEmpty"."
   |
94 |         let cb = (CF.mflowBegBalance . head) futureTxns
   |                                        ^^^^

src/AssetClass/ProjectedCashFlow.hs:107:40: warning: [GHC-63394] [-Wx-partial]
    In the use of ‘head’
    (imported from Data.List, but defined in GHC.Internal.List):
    "This is a partial function, it throws an error on empty lists. Use pattern matching, 'Data.List.uncons' or 'Data.Maybe.listToMaybe' instead. Consider refactoring to use "Data.List.NonEmpty"."
    |
107 |     let scheduleCf = CF.CashFlowFrame (head bals, head ds, Nothing) $ 
    |                                        ^^^^

src/AssetClass/ProjectedCashFlow.hs:107:51: warning: [GHC-63394] [-Wx-partial]
    In the use of ‘head’
    (imported from Data.List, but defined in GHC.Internal.List):
    "This is a partial function, it throws an error on empty lists. Use pattern matching, 'Data.List.uncons' or 'Data.Maybe.listToMaybe' instead. Consider refactoring to use "Data.List.NonEmpty"."
    |
107 |     let scheduleCf = CF.CashFlowFrame (head bals, head ds, Nothing) $ 
    |                                                   ^^^^

src/AssetClass/ProjectedCashFlow.hs:121:55: warning: [GHC-63394] [-Wx-partial]
    In the use of ‘head’
    (imported from Data.List, but defined in GHC.Internal.List):
    "This is a partial function, it throws an error on empty lists. Use pattern matching, 'Data.List.uncons' or 'Data.Maybe.listToMaybe' instead. Consider refactoring to use "Data.List.NonEmpty"."
    |
121 |     projFixCfwithAssumption (scheduleCf, dp) pAssump (head ds) 
    |                                                       ^^^^

src/AssetClass/ProjectedCashFlow.hs:129:39: warning: [GHC-63394] [-Wx-partial]
    In the use of ‘head’
    (imported from Data.List, but defined in GHC.Internal.List):
    "This is a partial function, it throws an error on empty lists. Use pattern matching, 'Data.List.uncons' or 'Data.Maybe.listToMaybe' instead. Consider refactoring to use "Data.List.NonEmpty"."
    |
129 |         begBal = CF.mflowBegBalance $ head flows
    |                                       ^^^^

src/AssetClass/ProjectedCashFlow.hs:213:5: warning: [GHC-53633] [-Woverlapping-patterns]
    Pattern match is redundant
    In an equation for ‘projCashflow’: projCashflow a b c d = ...
    |
213 |     projCashflow a b c d = Left $ "Failed to match when proj projected flow with assumption >>" ++ show a ++ show b ++ show c ++ show d
    |     ^^^^^^^^^^^^^^^^^^^^^^^^^^^^^^^^^^^^^^^^^^^^^^^^^^^^^^^^^^^^^^^^^^^^^^^^^^^^^^^^^^^^^^^^^^^^^^^^^^^^^^^^^^^^^^^^^^^^^^^^^^^^^^^^^^^

[24 of 44] Compiling AssetClass.Mortgage
src/AssetClass/Mortgage.hs:77:52: warning: [GHC-63394] [-Wx-partial]
    In the use of ‘head’
    (imported from Data.List, but defined in GHC.Internal.List):
    "This is a partial function, it throws an error on empty lists. Use pattern matching, 'Data.List.uncons' or 'Data.Maybe.listToMaybe' instead. Consider refactoring to use "Data.List.NonEmpty"."
   |
77 |     (trsKeep,trsMerge) = splitByDate trs (getDate (head backToPerfs)) EqToRight
   |                                                    ^^^^

src/AssetClass/Mortgage.hs:132:81: warning: [GHC-63394] [-Wx-partial]
    In the use of ‘tail’
    (imported from Data.List, but defined in GHC.Internal.List):
    "This is a partial function, it throws an error on empty lists. Replace it with 'drop' 1, or use pattern matching or 'GHC.Internal.Data.List.uncons' instead. Consider refactoring to use "Data.List.NonEmpty"."
    |
132 |   = projectScheduleFlow (trs++[tr]) surviveRate endBal flows defRates ppyRates (tail recVector) (tail lossVector) (recoveryLag,recoveryRate) -- `debug` ("===>C")
    |                                                                                 ^^^^

src/AssetClass/Mortgage.hs:132:98: warning: [GHC-63394] [-Wx-partial]
    In the use of ‘tail’
    (imported from Data.List, but defined in GHC.Internal.List):
    "This is a partial function, it throws an error on empty lists. Replace it with 'drop' 1, or use pattern matching or 'GHC.Internal.Data.List.uncons' instead. Consider refactoring to use "Data.List.NonEmpty"."
    |
132 |   = projectScheduleFlow (trs++[tr]) surviveRate endBal flows defRates ppyRates (tail recVector) (tail lossVector) (recoveryLag,recoveryRate) -- `debug` ("===>C")
    |                                                                                                  ^^^^

src/AssetClass/Mortgage.hs:151:94: warning: [GHC-63394] [-Wx-partial]
    In the use of ‘head’
    (imported from Data.List, but defined in GHC.Internal.List):
    "This is a partial function, it throws an error on empty lists. Use pattern matching, 'Data.List.uncons' or 'Data.Maybe.listToMaybe' instead. Consider refactoring to use "Data.List.NonEmpty"."
    |
151 |        tr = CF.MortgageFlow (CF.getDate flow) endBal schedulePrin scheduleInt ppyAmt defAmt (head recVector) (head lossVector) 0.0 Nothing Nothing Nothing--TODO missing ppy-penalty here
    |                                                                                              ^^^^

src/AssetClass/Mortgage.hs:151:111: warning: [GHC-63394] [-Wx-partial]
    In the use of ‘head’
    (imported from Data.List, but defined in GHC.Internal.List):
    "This is a partial function, it throws an error on empty lists. Use pattern matching, 'Data.List.uncons' or 'Data.Maybe.listToMaybe' instead. Consider refactoring to use "Data.List.NonEmpty"."
    |
151 |        tr = CF.MortgageFlow (CF.getDate flow) endBal schedulePrin scheduleInt ppyAmt defAmt (head recVector) (head lossVector) 0.0 Nothing Nothing Nothing--TODO missing ppy-penalty here
    |                                                                                                               ^^^^

src/AssetClass/Mortgage.hs:177:51: warning: [GHC-63394] [-Wx-partial]
    In the use of ‘head’
    (imported from Data.List, but defined in GHC.Internal.List):
    "This is a partial function, it throws an error on empty lists. Use pattern matching, 'Data.List.uncons' or 'Data.Maybe.listToMaybe' instead. Consider refactoring to use "Data.List.NonEmpty"."
    |
177 |     (r1keep, r1merge) = splitByDate r1 (getDate  (head r3)) EqToRight  -- `debug` ("r3 \n"++ show r3)
    |                                                   ^^^^

src/AssetClass/Mortgage.hs:317:60: warning: [GHC-63394] [-Wx-partial]
    In the use of ‘head’
    (imported from Data.List, but defined in GHC.Internal.List):
    "This is a partial function, it throws an error on empty lists. Use pattern matching, 'Data.List.uncons' or 'Data.Maybe.listToMaybe' instead. Consider refactoring to use "Data.List.NonEmpty"."
    |
317 |     = Right $ CF.CashFlowFrame ( ((view CF.tsRowBalance) . head) flows, beg_date, Nothing ) flows
    |                                                            ^^^^

src/AssetClass/Mortgage.hs:394:32: warning: [GHC-63394] [-Wx-partial]
    In the use of ‘tail’
    (imported from Data.List, but defined in GHC.Internal.List):
    "This is a partial function, it throws an error on empty lists. Replace it with 'drop' 1, or use pattern matching or 'GHC.Internal.Data.List.uncons' instead. Consider refactoring to use "Data.List.NonEmpty"."
    |
394 |         unAppliedDefaultBals = tail $ scanl (-) dBal expectedDefaultBals
    |                                ^^^^

src/AssetClass/Mortgage.hs:420:32: warning: [GHC-63394] [-Wx-partial]
    In the use of ‘tail’
    (imported from Data.List, but defined in GHC.Internal.List):
    "This is a partial function, it throws an error on empty lists. Replace it with 'drop' 1, or use pattern matching or 'GHC.Internal.Data.List.uncons' instead. Consider refactoring to use "Data.List.NonEmpty"."
    |
420 |         unAppliedDefaultBals = tail $ scanl (-) dBal expectedDefaultBals
    |                                ^^^^

src/AssetClass/Mortgage.hs:434:40: warning: [GHC-63394] [-Wx-partial]
    In the use of ‘head’
    (imported from Data.List, but defined in GHC.Internal.List):
    "This is a partial function, it throws an error on empty lists. Use pattern matching, 'Data.List.uncons' or 'Data.Maybe.listToMaybe' instead. Consider refactoring to use "Data.List.NonEmpty"."
    |
434 |         begBal =  CF.mflowBegBalance $ head flows
    |                                        ^^^^

src/AssetClass/Mortgage.hs:435:29: warning: [GHC-63394] [-Wx-partial]
    In the use of ‘head’
    (imported from Data.List, but defined in GHC.Internal.List):
    "This is a partial function, it throws an error on empty lists. Use pattern matching, 'Data.List.uncons' or 'Data.Maybe.listToMaybe' instead. Consider refactoring to use "Data.List.NonEmpty"."
    |
435 |         begDate = getDate $ head flows 
    |                             ^^^^

src/AssetClass/Mortgage.hs:436:34: warning: [GHC-63394] [-Wx-partial]
    In the use of ‘head’
    (imported from Data.List, but defined in GHC.Internal.List):
    "This is a partial function, it throws an error on empty lists. Use pattern matching, 'Data.List.uncons' or 'Data.Maybe.listToMaybe' instead. Consider refactoring to use "Data.List.NonEmpty"."
    |
436 |         begRate = CF.mflowRate $ head flows 
    |                                  ^^^^

src/AssetClass/Mortgage.hs:437:40: warning: [GHC-63394] [-Wx-partial]
    In the use of ‘head’
    (imported from Data.List, but defined in GHC.Internal.List):
    "This is a partial function, it throws an error on empty lists. Use pattern matching, 'Data.List.uncons' or 'Data.Maybe.listToMaybe' instead. Consider refactoring to use "Data.List.NonEmpty"."
    |
437 |         begMbn = CF.mflowBorrowerNum $ head flows 
    |                                        ^^^^

src/AssetClass/Mortgage.hs:443:32: warning: [GHC-63394] [-Wx-partial]
    In the use of ‘tail’
    (imported from Data.List, but defined in GHC.Internal.List):
    "This is a partial function, it throws an error on empty lists. Replace it with 'drop' 1, or use pattern matching or 'GHC.Internal.Data.List.uncons' instead. Consider refactoring to use "Data.List.NonEmpty"."
    |
443 |         unAppliedDefaultBals = tail $ scanl (-) dBal expectedDefaultBals
    |                                ^^^^

src/AssetClass/Mortgage.hs:588:40: warning: [GHC-63394] [-Wx-partial]
    In the use of ‘head’
    (imported from Data.List, but defined in GHC.Internal.List):
    "This is a partial function, it throws an error on empty lists. Use pattern matching, 'Data.List.uncons' or 'Data.Maybe.listToMaybe' instead. Consider refactoring to use "Data.List.NonEmpty"."
    |
588 |         begBal =  CF.mflowBegBalance $ head flows 
    |                                        ^^^^

src/AssetClass/Mortgage.hs:609:40: warning: [GHC-63394] [-Wx-partial]
    In the use of ‘head’
    (imported from Data.List, but defined in GHC.Internal.List):
    "This is a partial function, it throws an error on empty lists. Use pattern matching, 'Data.List.uncons' or 'Data.Maybe.listToMaybe' instead. Consider refactoring to use "Data.List.NonEmpty"."
    |
609 |         begBal =  CF.mflowBegBalance $ head flows -- `debug` ("beg date"++show beg_date)
    |                                        ^^^^

[25 of 44] Compiling Pool
src/Pool.hs:11:44: warning: [GHC-47854] [-Wduplicate-exports]
    ‘poolFutureCf’ is exported by ‘poolFutureCf’ and ‘poolFutureCf’
   |
11 |        ,futureScheduleCfLens,futureCfLens, poolFutureCf
   |                                            ^^^^^^^^^^^^

[26 of 44] Compiling AssetClass.Loan
[27 of 44] Compiling AssetClass.Lease
src/AssetClass/Lease.hs:261:20: warning: [GHC-63394] [-Wx-partial]
    In the use of ‘tail’
    (imported from Data.List, but defined in GHC.Internal.List):
    "This is a partial function, it throws an error on empty lists. Replace it with 'drop' 1, or use pattern matching or 'GHC.Internal.Data.List.uncons' instead. Consider refactoring to use "Data.List.NonEmpty"."
    |
261 |         let bals = tail $ scanl (-) bal pmts  -- `debug` ("pDates "++ show pDates)
    |                    ^^^^

src/AssetClass/Lease.hs:263:36: warning: [GHC-63394] [-Wx-partial]
    In the use of ‘head’
    (imported from Data.List, but defined in GHC.Internal.List):
    "This is a partial function, it throws an error on empty lists. Use pattern matching, 'Data.List.uncons' or 'Data.Maybe.listToMaybe' instead. Consider refactoring to use "Data.List.NonEmpty"."
    |
263 |         return $ CF.CashFlowFrame (head bals,max d (getOriginDate l), Nothing) $ cutBy Inc Future d (zipWith4 CF.LeaseFlow pDates bals pmts defaults)
    |                                    ^^^^

src/AssetClass/Lease.hs:338:69: warning: [GHC-63394] [-Wx-partial]
    In the use of ‘head’
    (imported from Data.List, but defined in GHC.Internal.List):
    "This is a partial function, it throws an error on empty lists. Use pattern matching, 'Data.List.uncons' or 'Data.Maybe.listToMaybe' instead. Consider refactoring to use "Data.List.NonEmpty"."
    |
338 |             Right (CF.CashFlowFrame _ txns) -> CF.mflowBegBalance $ head txns
    |                                                                     ^^^^

[28 of 44] Compiling AssetClass.Installment
[29 of 44] Compiling AssetClass.FixedAsset
src/AssetClass/FixedAsset.hs:55:28: warning: [GHC-63394] [-Wx-partial]
    In the use of ‘head’
    (imported from Data.List, but defined in GHC.Internal.List):
    "This is a partial function, it throws an error on empty lists. Use pattern matching, 'Data.List.uncons' or 'Data.Maybe.listToMaybe' instead. Consider refactoring to use "Data.List.NonEmpty"."
   |
55 |                           (head futureBals')
   |                            ^^^^

src/AssetClass/FixedAsset.hs:60:7: warning: [GHC-53633] [-Woverlapping-patterns]
    Pattern match is redundant
    In a case alternative: _ -> ...
   |
60 |       _ -> Left ("Not implemented for depreciation rule"++show ar)
   |       ^^^^^^^^^^^^^^^^^^^^^^^^^^^^^^^^^^^^^^^^^^^^^^^^^^^^^^^^^^^^

src/AssetClass/FixedAsset.hs:70:10: warning: [GHC-06201] [-Wmissing-methods]
    • No explicit implementation for
        ‘Ast.getOriginBal’ and ‘Ast.getOriginRate’
    • In the instance declaration for ‘Asset FixedAsset’
   |
70 | instance Ast.Asset FixedAsset where 
   |          ^^^^^^^^^^^^^^^^^^^^

src/AssetClass/FixedAsset.hs:109:30: warning: [GHC-63394] [-Wx-partial]
    In the use of ‘tail’
    (imported from Data.List, but defined in GHC.Internal.List):
    "This is a partial function, it throws an error on empty lists. Replace it with 'drop' 1, or use pattern matching or 'GHC.Internal.Data.List.uncons' instead. Consider refactoring to use "Data.List.NonEmpty"."
    |
109 |           let scheduleBals = tail $ scanl (-) curBalance (amortizedBals ++ [0])
    |                              ^^^^

src/AssetClass/FixedAsset.hs:111:34: warning: [GHC-63394] [-Wx-partial]
    In the use of ‘tail’
    (imported from Data.List, but defined in GHC.Internal.List):
    "This is a partial function, it throws an error on empty lists. Replace it with 'drop' 1, or use pattern matching or 'GHC.Internal.Data.List.uncons' instead. Consider refactoring to use "Data.List.NonEmpty"."
    |
111 |           let cumuDepreciation = tail $ scanl (+) cumuDep amortizedBals 
    |                                  ^^^^

[30 of 44] Compiling AssetClass.MixedAsset
src/AssetClass/MixedAsset.hs:208:1: warning: [GHC-53633] [-Woverlapping-patterns]
    Pattern match is redundant
    In an equation for ‘calcAssetUnion’: calcAssetUnion x _ _ = ...
    |
208 | calcAssetUnion x _ _ = Left ("Failed to match  proj AssetUnion"++ show x)
    | ^^^^^^^^^^^^^^^^^^^^^^^^^^^^^^^^^^^^^^^^^^^^^^^^^^^^^^^^^^^^^^^^^^^^^^^^^

src/AssetClass/MixedAsset.hs:219:1: warning: [GHC-53633] [-Woverlapping-patterns]
    Pattern match is redundant
    In an equation for ‘projAssetUnion’: projAssetUnion x _ _ _ = ...
    |
219 | projAssetUnion x _ _ _ = Left ("Failed to match  proj AssetUnion"++ show x)
    | ^^^^^^^^^^^^^^^^^^^^^^^^^^^^^^^^^^^^^^^^^^^^^^^^^^^^^^^^^^^^^^^^^^^^^^^^^^^

[31 of 44] Compiling Accounts
src/Accounts.hs:147:10: warning: [GHC-06201] [-Wmissing-methods]
    • No explicit implementation for
        ‘IR.getIndexes’, ‘IR.getResetDates’, and ‘IR.getSpread’
    • In the instance declaration for ‘IR.UseRate Account’
    |
147 | instance IR.UseRate Account where 
    |          ^^^^^^^^^^^^^^^^^^

[32 of 44] Compiling Waterfall
[33 of 44] Compiling Deal.DealCollection
[34 of 44] Compiling Triggers
[35 of 44] Compiling Deal.DealBase
src/Deal/DealBase.hs:165:19: warning: [GHC-53633] [-Woverlapping-patterns]
    Pattern match is redundant
    In a case alternative: (_, CalcIRSwap _ _) -> ...
    |
165 |                   (_ , CalcIRSwap _ _) -> GT -- reset interest swap should be first
    |                   ^^^^^^^^^^^^^^^^^^^^^^^^^^

src/Deal/DealBase.hs:208:33: warning: [GHC-63394] [-Wx-partial]
    In the use of ‘head’
    (imported from Data.List, but defined in GHC.Internal.List):
    "This is a partial function, it throws an error on empty lists. Use pattern matching, 'Data.List.uncons' or 'Data.Maybe.listToMaybe' instead. Consider refactoring to use "Data.List.NonEmpty"."
    |
208 |   = Right (lastCollect, lastPay,head futurePayDates, pa, ba, end, []) 
    |                                 ^^^^

src/Deal/DealBase.hs:357:49: warning: [GHC-63394] [-Wx-partial]
    In the use of ‘head’
    (imported from Data.List, but defined in GHC.Internal.List):
    "This is a partial function, it throws an error on empty lists. Use pattern matching, 'Data.List.uncons' or 'Data.Maybe.listToMaybe' instead. Consider refactoring to use "Data.List.NonEmpty"."
    |
357 |               | otherwise -> getTxnBegBalance $ head (DL.toList txns) -- `debug` ("Getting beg bal"++bn++"Last smt"++show (head stmts))
    |                                                 ^^^^

src/Deal/DealBase.hs:514:7: warning: [GHC-53633] [-Woverlapping-patterns]
    Pattern match is redundant
    In a case alternative: _ -> ...
    |
514 |       _ -> error "failed to match pool type in pool ids"
    |       ^^^^^^^^^^^^^^^^^^^^^^^^^^^^^^^^^^^^^^^^^^^^^^^^^^

[36 of 44] Compiling Validation
[37 of 44] Compiling Deal.DealValidation
src/Deal/DealValidation.hs:146:5: warning: [GHC-53633] [-Woverlapping-patterns]
    Pattern match is redundant
    In an equation for ‘validateAction’:
        validateAction ((W.PayPrinResidual accName bnds) : as)
                       rs
                       accKeys
                       bndKeys
                       bgNames
                       feeKeys
                       liqProviderKeys
                       rateSwapKeys
                       rcKeys
                       ledgerKeys
                       rPoolKeys
                       poolKeys | not (Set.isSubsetOf (Set.fromList bnds) bndKeys)
                                    || Set.notMember accName accKeys = ...
    |
146 |   | not (Set.isSubsetOf (Set.fromList bnds) bndKeys) || Set.notMember accName accKeys
    |     ^^^^^^^^^^^^^^^^^^^^^^^^^^^^^^^^^^^^^^^^^^^^^^^^^^^^^^^^^^^^^^^^^^^^^^^^^^^^^^^^^

src/Deal/DealValidation.hs:148:5: warning: [GHC-53633] [-Woverlapping-patterns]
    Pattern match is redundant
    In an equation for ‘validateAction’:
        validateAction ((W.PayPrinResidual accName bnds) : as)
                       rs
                       accKeys
                       bndKeys
                       bgNames
                       feeKeys
                       liqProviderKeys
                       rateSwapKeys
                       rcKeys
                       ledgerKeys
                       rPoolKeys
                       poolKeys | otherwise = ...
    |
148 |   | otherwise = validateAction as rs accKeys bndKeys bgNames feeKeys liqProviderKeys rateSwapKeys rcKeys ledgerKeys rPoolKeys poolKeys
    |     ^^^^^^^^^

src/Deal/DealValidation.hs:160:5: warning: [GHC-53633] [-Woverlapping-patterns]
    Pattern match is redundant
    In an equation for ‘validateAction’:
        validateAction ((W.PayPrinBySeq _ accName bnds _) : as)
                       rs
                       accKeys
                       bndKeys
                       bgNames
                       feeKeys
                       liqProviderKeys
                       rateSwapKeys
                       rcKeys
                       ledgerKeys
                       rPoolKeys
                       poolKeys | not (Set.isSubsetOf (Set.fromList bnds) bndKeys)
                                    || Set.notMember accName accKeys = ...
    |
160 |   | not (Set.isSubsetOf (Set.fromList bnds) bndKeys) || Set.notMember accName accKeys
    |     ^^^^^^^^^^^^^^^^^^^^^^^^^^^^^^^^^^^^^^^^^^^^^^^^^^^^^^^^^^^^^^^^^^^^^^^^^^^^^^^^^

src/Deal/DealValidation.hs:162:5: warning: [GHC-53633] [-Woverlapping-patterns]
    Pattern match is redundant
    In an equation for ‘validateAction’:
        validateAction ((W.PayPrinBySeq _ accName bnds _) : as)
                       rs
                       accKeys
                       bndKeys
                       bgNames
                       feeKeys
                       liqProviderKeys
                       rateSwapKeys
                       rcKeys
                       ledgerKeys
                       rPoolKeys
                       poolKeys | otherwise = ...
    |
162 |   | otherwise = validateAction as rs accKeys bndKeys bgNames feeKeys liqProviderKeys rateSwapKeys rcKeys ledgerKeys rPoolKeys poolKeys
    |     ^^^^^^^^^

src/Deal/DealValidation.hs:165:5: warning: [GHC-53633] [-Woverlapping-patterns]
    Pattern match is redundant
    In an equation for ‘validateAction’:
        validateAction ((W.PayPrinGroup _ accName bg _ _) : as)
                       rs
                       accKeys
                       bndKeys
                       bgNames
                       feeKeys
                       liqProviderKeys
                       rateSwapKeys
                       rcKeys
                       ledgerKeys
                       rPoolKeys
                       poolKeys | Set.notMember bg bgNames
                                    || Set.notMember accName accKeys = ...
    |
165 |   | Set.notMember bg bgNames || Set.notMember accName accKeys
    |     ^^^^^^^^^^^^^^^^^^^^^^^^^^^^^^^^^^^^^^^^^^^^^^^^^^^^^^^^^

src/Deal/DealValidation.hs:167:5: warning: [GHC-53633] [-Woverlapping-patterns]
    Pattern match is redundant
    In an equation for ‘validateAction’:
        validateAction ((W.PayPrinGroup _ accName bg _ _) : as)
                       rs
                       accKeys
                       bndKeys
                       bgNames
                       feeKeys
                       liqProviderKeys
                       rateSwapKeys
                       rcKeys
                       ledgerKeys
                       rPoolKeys
                       poolKeys | otherwise = ...
    |
167 |   | otherwise = validateAction as rs accKeys bndKeys bgNames feeKeys liqProviderKeys rateSwapKeys rcKeys ledgerKeys rPoolKeys poolKeys
    |     ^^^^^^^^^

src/Deal/DealValidation.hs:170:5: warning: [GHC-53633] [-Woverlapping-patterns]
    Pattern match is redundant
    In an equation for ‘validateAction’:
        validateAction ((W.AccrueAndPayIntGroup _ accName bg _ _) : as)
                       rs
                       accKeys
                       bndKeys
                       bgNames
                       feeKeys
                       liqProviderKeys
                       rateSwapKeys
                       rcKeys
                       ledgerKeys
                       rPoolKeys
                       poolKeys | Set.notMember bg bgNames
                                    || Set.notMember accName accKeys = ...
    |
170 |   | Set.notMember bg bgNames || Set.notMember accName accKeys
    |     ^^^^^^^^^^^^^^^^^^^^^^^^^^^^^^^^^^^^^^^^^^^^^^^^^^^^^^^^^

src/Deal/DealValidation.hs:172:5: warning: [GHC-53633] [-Woverlapping-patterns]
    Pattern match is redundant
    In an equation for ‘validateAction’:
        validateAction ((W.AccrueAndPayIntGroup _ accName bg _ _) : as)
                       rs
                       accKeys
                       bndKeys
                       bgNames
                       feeKeys
                       liqProviderKeys
                       rateSwapKeys
                       rcKeys
                       ledgerKeys
                       rPoolKeys
                       poolKeys | otherwise = ...
    |
172 |   | otherwise = validateAction as rs accKeys bndKeys bgNames feeKeys liqProviderKeys rateSwapKeys rcKeys ledgerKeys rPoolKeys poolKeys
    |     ^^^^^^^^^

src/Deal/DealValidation.hs:175:5: warning: [GHC-53633] [-Woverlapping-patterns]
    Pattern match is redundant
    In an equation for ‘validateAction’:
        validateAction ((W.PayIntGroup _ accName bg _ _) : as)
                       rs
                       accKeys
                       bndKeys
                       bgNames
                       feeKeys
                       liqProviderKeys
                       rateSwapKeys
                       rcKeys
                       ledgerKeys
                       rPoolKeys
                       poolKeys | Set.notMember bg bgNames
                                    || Set.notMember accName accKeys = ...
    |
175 |   | Set.notMember bg bgNames || Set.notMember accName accKeys
    |     ^^^^^^^^^^^^^^^^^^^^^^^^^^^^^^^^^^^^^^^^^^^^^^^^^^^^^^^^^

src/Deal/DealValidation.hs:177:5: warning: [GHC-53633] [-Woverlapping-patterns]
    Pattern match is redundant
    In an equation for ‘validateAction’:
        validateAction ((W.PayIntGroup _ accName bg _ _) : as)
                       rs
                       accKeys
                       bndKeys
                       bgNames
                       feeKeys
                       liqProviderKeys
                       rateSwapKeys
                       rcKeys
                       ledgerKeys
                       rPoolKeys
                       poolKeys | otherwise = ...
    |
177 |   | otherwise = validateAction as rs accKeys bndKeys bgNames feeKeys liqProviderKeys rateSwapKeys rcKeys ledgerKeys rPoolKeys poolKeys
    |     ^^^^^^^^^

src/Deal/DealValidation.hs:180:5: warning: [GHC-53633] [-Woverlapping-patterns]
    Pattern match is redundant
    In an equation for ‘validateAction’:
        validateAction ((W.AccrueIntGroup bgs) : as)
                       rs
                       accKeys
                       bndKeys
                       bgNames
                       feeKeys
                       liqProviderKeys
                       rateSwapKeys
                       rcKeys
                       ledgerKeys
                       rPoolKeys
                       poolKeys | not (Set.isSubsetOf (Set.fromList bgs) bgNames) = ...
    |
180 |   | not (Set.isSubsetOf (Set.fromList bgs) bgNames) = validateAction as (rs ++ [ErrorMsg (show bgs++ " not in "++ show bgNames)]) accKeys bndKeys bgNames feeKeys liqProviderKeys rateSwapKeys rcKeys ledgerKeys rPoolKeys poolKeys
    |     ^^^^^^^^^^^^^^^^^^^^^^^^^^^^^^^^^^^^^^^^^^^^^^^

src/Deal/DealValidation.hs:181:5: warning: [GHC-53633] [-Woverlapping-patterns]
    Pattern match is redundant
    In an equation for ‘validateAction’:
        validateAction ((W.AccrueIntGroup bgs) : as)
                       rs
                       accKeys
                       bndKeys
                       bgNames
                       feeKeys
                       liqProviderKeys
                       rateSwapKeys
                       rcKeys
                       ledgerKeys
                       rPoolKeys
                       poolKeys | otherwise = ...
    |
181 |   | otherwise = validateAction as rs accKeys bndKeys bgNames feeKeys liqProviderKeys rateSwapKeys rcKeys ledgerKeys rPoolKeys poolKeys
    |     ^^^^^^^^^

src/Deal/DealValidation.hs:184:5: warning: [GHC-53633] [-Woverlapping-patterns]
    Pattern match is redundant
    In an equation for ‘validateAction’:
        validateAction ((W.PayPrinResidual accName bnds) : as)
                       rs
                       accKeys
                       bndKeys
                       bgNames
                       feeKeys
                       liqProviderKeys
                       rateSwapKeys
                       rcKeys
                       ledgerKeys
                       rPoolKeys
                       poolKeys | not (Set.isSubsetOf (Set.fromList bnds) bndKeys)
                                    || Set.notMember accName accKeys = ...
    |
184 |   | not (Set.isSubsetOf (Set.fromList bnds) bndKeys) || Set.notMember accName accKeys
    |     ^^^^^^^^^^^^^^^^^^^^^^^^^^^^^^^^^^^^^^^^^^^^^^^^^^^^^^^^^^^^^^^^^^^^^^^^^^^^^^^^^

src/Deal/DealValidation.hs:186:5: warning: [GHC-53633] [-Woverlapping-patterns]
    Pattern match is redundant
    In an equation for ‘validateAction’:
        validateAction ((W.PayPrinResidual accName bnds) : as)
                       rs
                       accKeys
                       bndKeys
                       bgNames
                       feeKeys
                       liqProviderKeys
                       rateSwapKeys
                       rcKeys
                       ledgerKeys
                       rPoolKeys
                       poolKeys | otherwise = ...
    |
186 |   | otherwise = validateAction as rs accKeys bndKeys bgNames feeKeys liqProviderKeys rateSwapKeys rcKeys ledgerKeys rPoolKeys poolKeys
    |     ^^^^^^^^^

src/Deal/DealValidation.hs:189:5: warning: [GHC-53633] [-Woverlapping-patterns]
    Pattern match is redundant
    In an equation for ‘validateAction’:
        validateAction ((W.BuyAsset _ _ accName _) : as)
                       rs
                       accKeys
                       bndKeys
                       bgNames
                       feeKeys
                       liqProviderKeys
                       rateSwapKeys
                       rcKeys
                       ledgerKeys
                       rPoolKeys
                       poolKeys | Set.notMember accName accKeys = ...
    |
189 |   | Set.notMember accName accKeys = validateAction as (rs ++ [ErrorMsg (accName++" not in "++show accKeys)]) accKeys bndKeys bgNames feeKeys liqProviderKeys rateSwapKeys rcKeys ledgerKeys rPoolKeys poolKeys
    |     ^^^^^^^^^^^^^^^^^^^^^^^^^^^^^

src/Deal/DealValidation.hs:190:5: warning: [GHC-53633] [-Woverlapping-patterns]
    Pattern match is redundant
    In an equation for ‘validateAction’:
        validateAction ((W.BuyAsset _ _ accName _) : as)
                       rs
                       accKeys
                       bndKeys
                       bgNames
                       feeKeys
                       liqProviderKeys
                       rateSwapKeys
                       rcKeys
                       ledgerKeys
                       rPoolKeys
                       poolKeys | otherwise = ...
    |
190 |   | otherwise = validateAction as rs accKeys bndKeys bgNames feeKeys liqProviderKeys rateSwapKeys rcKeys ledgerKeys rPoolKeys poolKeys
    |     ^^^^^^^^^

src/Deal/DealValidation.hs:193:5: warning: [GHC-53633] [-Woverlapping-patterns]
    Pattern match is redundant
    In an equation for ‘validateAction’:
        validateAction ((W.BuyAssetFrom _ _ accName mRPoolName mPid) : as)
                       rs
                       accKeys
                       bndKeys
                       bgNames
                       feeKeys
                       liqProviderKeys
                       rateSwapKeys
                       rcKeys
                       ledgerKeys
                       rPoolKeys
                       poolKeys | Set.notMember accName accKeys = ...
    |
193 |   | Set.notMember accName accKeys = validateAction as (rs ++ [ErrorMsg (accName++" not in "++show accKeys)]) accKeys bndKeys bgNames feeKeys liqProviderKeys rateSwapKeys rcKeys ledgerKeys rPoolKeys poolKeys
    |     ^^^^^^^^^^^^^^^^^^^^^^^^^^^^^

src/Deal/DealValidation.hs:194:5: warning: [GHC-53633] [-Woverlapping-patterns]
    Pattern match is redundant
    In an equation for ‘validateAction’:
        validateAction ((W.BuyAssetFrom _ _ accName mRPoolName mPid) : as)
                       rs
                       accKeys
                       bndKeys
                       bgNames
                       feeKeys
                       liqProviderKeys
                       rateSwapKeys
                       rcKeys
                       ledgerKeys
                       rPoolKeys
                       poolKeys | Set.notMember (fromMaybe PoolConsol mPid) poolKeys = ...
    |
194 |   | Set.notMember (fromMaybe PoolConsol mPid) poolKeys = validateAction as (rs ++ [ErrorMsg (show mPid++" not in "++show poolKeys)]) accKeys bndKeys bgNames feeKeys liqProviderKeys rateSwapKeys rcKeys ledgerKeys rPoolKeys poolKeys
    |     ^^^^^^^^^^^^^^^^^^^^^^^^^^^^^^^^^^^^^^^^^^^^^^^^^^

src/Deal/DealValidation.hs:195:5: warning: [GHC-53633] [-Woverlapping-patterns]
    Pattern match is redundant
    In an equation for ‘validateAction’:
        validateAction ((W.BuyAssetFrom _ _ accName mRPoolName mPid) : as)
                       rs
                       accKeys
                       bndKeys
                       bgNames
                       feeKeys
                       liqProviderKeys
                       rateSwapKeys
                       rcKeys
                       ledgerKeys
                       rPoolKeys
                       poolKeys | otherwise = ...
    |
195 |   | otherwise = validateAction as rs accKeys bndKeys bgNames feeKeys liqProviderKeys rateSwapKeys rcKeys ledgerKeys rPoolKeys poolKeys
    |     ^^^^^^^^^

src/Deal/DealValidation.hs:233:5: warning: [GHC-53633] [-Woverlapping-patterns]
    Pattern match is redundant
    In an equation for ‘validateAction’:
        validateAction ((W.LiqAccrue liqNames) : as)
                       rs
                       accKeys
                       bndKeys
                       bgNames
                       feeKeys
                       liqProviderKeys
                       rateSwapKeys
                       rcKeys
                       ledgerKeys
                       rPoolKeys
                       poolKeys | not
                                    (Set.isSubsetOf (Set.fromList liqNames) liqProviderKeys) = ...
    |
233 |   | not (Set.isSubsetOf (Set.fromList liqNames) liqProviderKeys) 
    |     ^^^^^^^^^^^^^^^^^^^^^^^^^^^^^^^^^^^^^^^^^^^^^^^^^^^^^^^^^^^^

src/Deal/DealValidation.hs:235:5: warning: [GHC-53633] [-Woverlapping-patterns]
    Pattern match is redundant
    In an equation for ‘validateAction’:
        validateAction ((W.LiqAccrue liqNames) : as)
                       rs
                       accKeys
                       bndKeys
                       bgNames
                       feeKeys
                       liqProviderKeys
                       rateSwapKeys
                       rcKeys
                       ledgerKeys
                       rPoolKeys
                       poolKeys | otherwise = ...
    |
235 |   | otherwise = validateAction as rs accKeys bndKeys bgNames feeKeys liqProviderKeys rateSwapKeys rcKeys ledgerKeys rPoolKeys poolKeys
    |     ^^^^^^^^^

[38 of 44] Compiling Deal.DealQuery
src/Deal/DealQuery.hs:112:5: warning: [GHC-53633] [-Woverlapping-patterns]
    Pattern match is redundant
    In a case alternative: _ -> ...
    |
112 |     _ -> Left $ "Bond "++ L.bndName b ++" is not a bond with target balance setting"
    |     ^^^^^^^^^^^^^^^^^^^^^^^^^^^^^^^^^^^^^^^^^^^^^^^^^^^^^^^^^^^^^^^^^^^^^^^^^^^^^^^^

src/Deal/DealQuery.hs:529:1: warning: [GHC-94817] [-Wtabs]
    Tab character found here, and in five further locations.
    Suggested fix: Please use spaces instead.
    |
529 |                           MultiPool poolMap -> Map.map (\p -> view (Pl.poolFutureScheduleCf . _Just . _1) p) poolMap
    | ^^^^^^^^

[39 of 44] Compiling Deal.DealMod
src/Deal/DealMod.hs:101:1: warning: [GHC-53633] [-Woverlapping-patterns]
    Pattern match is redundant
    In an equation for ‘modDeal’: modDeal x _ _ = ...
    |
101 | modDeal x _ _ = error $ "modify deal: not implemented"++ show x
    | ^^^^^^^^^^^^^^^^^^^^^^^^^^^^^^^^^^^^^^^^^^^^^^^^^^^^^^^^^^^^^^^

[40 of 44] Compiling Deal.DealDate
[41 of 44] Compiling Deal.DealAction
src/Deal/DealAction.hs:346:21: warning: [GHC-63394] [-Wx-partial]
    In the use of ‘head’
    (imported from Data.List, but defined in GHC.Internal.List):
    "This is a partial function, it throws an error on empty lists. Use pattern matching, 'Data.List.uncons' or 'Data.Maybe.listToMaybe' instead. Consider refactoring to use "Data.List.NonEmpty"."
    |
346 |       assetBought = head <$> splitedAssets
    |                     ^^^^

src/Deal/DealAction.hs:354:21: warning: [GHC-63394] [-Wx-partial]
    In the use of ‘head’
    (imported from Data.List, but defined in GHC.Internal.List):
    "This is a partial function, it throws an error on empty lists. Use pattern matching, 'Data.List.uncons' or 'Data.Maybe.listToMaybe' instead. Consider refactoring to use "Data.List.NonEmpty"."
    |
354 |       assetBought = head <$> splitedAssets
    |                     ^^^^

src/Deal/DealAction.hs:366:21: warning: [GHC-63394] [-Wx-partial]
    In the use of ‘head’
    (imported from Data.List, but defined in GHC.Internal.List):
    "This is a partial function, it throws an error on empty lists. Use pattern matching, 'Data.List.uncons' or 'Data.Maybe.listToMaybe' instead. Consider refactoring to use "Data.List.NonEmpty"."
    |
366 |       assetBought = head <$> splitedAssets
    |                     ^^^^

src/Deal/DealAction.hs:587:1: warning: [GHC-94817] [-Wtabs]
    Tab character found here, and in three further locations.
    Suggested fix: Please use spaces instead.
    |
587 |                                 ) 
    | ^^^^^^^^

src/Deal/DealAction.hs:595:1: warning: [GHC-53633] [-Woverlapping-patterns]
    Pattern match is redundant
    In an equation for ‘performActionWrap’:
        performActionWrap d
                          (t,
                           rc@RunContext {runPoolFlow = pcf, revolvingAssump = Nothing,
                                          revolvingInterestRateAssump = mRates},
                           logs)
                          (W.BuyAsset ml pricingMethod accName _) = ...
    |
595 | performActionWrap d 
    | ^^^^^^^^^^^^^^^^^^^^...

[42 of 44] Compiling Reports
[43 of 44] Compiling Deal.DealRun
src/Deal/DealRun.hs:258:1: warning: [GHC-94817] [-Wtabs]
    Tab character found here, and in 127 further locations.
    Suggested fix: Please use spaces instead.
    |
258 |                           -- insert aggregated pool flow
    | ^^^^^^^^

[44 of 44] Compiling Deal
src/Deal.hs:166:36: warning: [GHC-63394] [-Wx-partial]
    In the use of ‘head’
    (imported from Data.List, but defined in GHC.Internal.List):
    "This is a partial function, it throws an error on empty lists. Use pattern matching, 'Data.List.uncons' or 'Data.Maybe.listToMaybe' instead. Consider refactoring to use "Data.List.NonEmpty"."
    |
166 |       begBal = (getTxnBegBalance . head) txns
    |                                    ^^^^

src/Deal.hs:186:36: warning: [GHC-63394] [-Wx-partial]
    In the use of ‘head’
    (imported from Data.List, but defined in GHC.Internal.List):
    "This is a partial function, it throws an error on empty lists. Use pattern matching, 'Data.List.uncons' or 'Data.Maybe.listToMaybe' instead. Consider refactoring to use "Data.List.NonEmpty"."
    |
186 |       begBal = (getTxnBegBalance . head) txns
    |                                    ^^^^

src/Deal.hs:213:17: warning: [GHC-63394] [-Wx-partial]
    In the use of ‘head’
    (imported from Data.List, but defined in GHC.Internal.List):
    "This is a partial function, it throws an error on empty lists. Use pattern matching, 'Data.List.uncons' or 'Data.Maybe.listToMaybe' instead. Consider refactoring to use "Data.List.NonEmpty"."
    |
213 |       nextTxn = head futureFlow'
    |                 ^^^^

src/Deal.hs:291:1: warning: [GHC-94817] [-Wtabs]
    Tab character found here, and in 120 further locations.
    Suggested fix: Please use spaces instead.
    |
291 |         -- prepare deal with expected return
    | ^^^^^^^^

Configuring test suite 'Hastructure-test' for Hastructure-0.50.4...
Preprocessing test suite 'Hastructure-test' for Hastructure-0.50.4...
Building test suite 'Hastructure-test' for Hastructure-0.50.4...
[ 1 of 21] Compiling DealTest.DealTest
test/DealTest/DealTest.hs:37:13: warning: [GHC-20125] [-Wmissing-fields]
    • Fields of ‘D.TestDeal’ not initialised:
        stats :: (Deal.DealBase.BalDealStatMap, Deal.DealBase.RDealStatMap,
                  Deal.DealBase.BDealStatMap, Deal.DealBase.IDealStatMap)
        liqProvider :: Maybe (Map.Map String CE.LiqFacility)
        rateCap :: Maybe (Map.Map String Hedge.RateCap)
        custom :: Maybe (Map.Map String CustomDataType)
        triggers :: Maybe (Map.Map DealCycle (Map.Map String Trg.Trigger))
        ledgers :: Maybe (Map.Map String Ledger.Ledger)
    • In the expression:
        D.TestDeal
          {name = "empty case", status = Amortizing, rateSwap = Nothing,
           currencySwap = Nothing,
           dates = CurrentDates
                     (toDate "20220101", toDate "20220101") Nothing (toDate "20300101")
                     (toDate "20220201", MonthFirst) (toDate "20220225", MonthFirst),
           accounts = Map.empty, fees = Map.empty, bonds = Map.empty,
           pool = D.MultiPool
                    $ Map.fromList [(PoolConsol, (P.Pool {assets = []}))],
           waterfall = Map.empty, collects = []}
      In an equation for ‘emptyCase’:
          emptyCase
            = D.TestDeal
                {name = "empty case", status = Amortizing, rateSwap = Nothing,
                 currencySwap = Nothing,
                 dates = CurrentDates
                           (toDate "20220101", toDate "20220101") Nothing (toDate "20300101")
                           (toDate "20220201", MonthFirst) (toDate "20220225", MonthFirst),
                 accounts = Map.empty, fees = Map.empty, bonds = Map.empty,
                 pool = D.MultiPool
                          $ Map.fromList [(PoolConsol, (P.Pool {assets = []}))],
                 waterfall = Map.empty, collects = []}
   |
37 | emptyCase = D.TestDeal {
   |             ^^^^^^^^^^^^...

test/DealTest/DealTest.hs:47:55: warning: [GHC-20125] [-Wmissing-fields]
    • Fields of ‘P.Pool’ not initialised:
        futureCf :: Maybe CF.PoolCashflow
        futureScheduleCf :: Maybe CF.PoolCashflow
        asOfDate :: Date
        issuanceStat :: Maybe (Map.Map CutoffFields Balance)
        extendPeriods :: Maybe DatePattern
    • In the expression: P.Pool {assets = []}
      In the expression: (PoolConsol, (P.Pool {assets = []}))
      In the first argument of ‘Map.fromList’, namely
        ‘[(PoolConsol, (P.Pool {assets = []}))]’
   |
47 |   ,D.pool = D.MultiPool $ Map.fromList [(PoolConsol, (P.Pool {P.assets=[]}))] 
   |                                                       ^^^^^^^^^^^^^^^^^^^^

test/DealTest/DealTest.hs:52:12: warning: [GHC-20125] [-Wmissing-fields]
    • Fields of ‘D.TestDeal’ not initialised:
        custom :: Maybe (Map.Map String CustomDataType)
    • In the expression:
        D.TestDeal
          {name = "base case", status = Amortizing, rateSwap = Nothing,
           currencySwap = Nothing,
           dates = CurrentDates
                     (toDate "20220101", toDate "20220101") Nothing (toDate "20300101")
                     (toDate "20220201", MonthFirst) (toDate "20220225", MonthFirst),
           accounts = (Map.fromList
                         [("General", 
                           (A.Account
                              {accName = "General", accBalance = 1000.0, accType = Nothing,
                               accInterest = Nothing, accStmt = Nothing}))]),
           fees = Map.empty,
           bonds = (Map.fromList
                      [("A", 
                        L.Bond
                          {bndName = "A", bndType = L.Sequential,
                           bndOriginInfo = L.OriginalInfo
                                             {originBalance = 3000,
                                              originDate = (T.fromGregorian 2022 1 1),
                                              originRate = 0.08, maturityDate = Nothing},
                           bndInterestInfo = L.Fix 0.08 DC_ACT_365F, bndBalance = 3000,
                           bndRate = 0.08, bndDuePrin = 0.0, bndStepUp = Nothing,
                           bndDueInt = 0.0, bndDueIntDate = Nothing,
                           bndLastIntPay = Just (T.fromGregorian 2022 1 1),
                           bndLastPrinPay = Just (T.fromGregorian 2022 1 1),
                           bndStmt = Nothing, bndDueIntOverInt = 0})]),
           pool = D.MultiPool
                    $ (Map.fromList
                         [(PoolConsol, 
                           (P.Pool
                              {assets = [AB.Mortgage ... 4000 0.085 60 Nothing AB.Current],
                               futureCf = Nothing, asOfDate = T.fromGregorian 2022 1 1,
                               issuanceStat = Just $ Map.fromList [(IssuanceBalance, 4000)],
                               extendPeriods = Nothing}))]),
           waterfall = Map.fromList
                         [(DistributionDay Amortizing, 
                           [(W.PayInt Nothing "General" [...] Nothing),
                            (W.PayPrin Nothing "General" [...] Nothing)])],
           collects = [Collect Nothing CollectedInterest "General",
                       Collect Nothing CollectedPrincipal "General"],
           liqProvider = Nothing, rateCap = Nothing, triggers = Nothing,
           ledgers = Nothing,
           stats = (Map.empty, Map.empty, Map.empty, Map.empty)}
      In an equation for ‘baseCase’:
          baseCase
            = D.TestDeal
                {name = "base case", status = Amortizing, rateSwap = Nothing,
                 currencySwap = Nothing,
                 dates = CurrentDates
                           (toDate "20220101", toDate "20220101") Nothing (toDate "20300101")
                           (toDate "20220201", MonthFirst) (toDate "20220225", MonthFirst),
                 accounts = (Map.fromList
                               [("General", 
                                 (A.Account
                                    {accName = "General", accBalance = 1000.0, accType = Nothing,
                                     accInterest = Nothing, accStmt = Nothing}))]),
                 fees = Map.empty,
                 bonds = (Map.fromList
                            [("A", 
                              L.Bond
                                {bndName = "A", bndType = L.Sequential,
                                 bndOriginInfo = L.OriginalInfo
                                                   {originBalance = 3000,
                                                    originDate = (T.fromGregorian 2022 1 1),
                                                    originRate = 0.08, maturityDate = Nothing},
                                 bndInterestInfo = L.Fix 0.08 DC_ACT_365F, bndBalance = 3000,
                                 bndRate = 0.08, bndDuePrin = 0.0, bndStepUp = Nothing,
                                 bndDueInt = 0.0, bndDueIntDate = Nothing,
                                 bndLastIntPay = Just (T.fromGregorian 2022 1 1),
                                 bndLastPrinPay = Just (T.fromGregorian 2022 1 1),
                                 bndStmt = Nothing, bndDueIntOverInt = 0})]),
                 pool = D.MultiPool
                          $ (Map.fromList
                               [(PoolConsol, 
                                 (P.Pool
                                    {assets = [...], futureCf = Nothing,
                                     asOfDate = T.fromGregorian 2022 1 1,
                                     issuanceStat = Just $ Map.fromList [...],
                                     extendPeriods = Nothing}))]),
                 waterfall = Map.fromList
                               [(DistributionDay Amortizing, 
                                 [(W.PayInt Nothing "General" ... Nothing), ....])],
                 collects = [Collect Nothing CollectedInterest "General",
                             Collect Nothing CollectedPrincipal "General"],
                 liqProvider = Nothing, rateCap = Nothing, triggers = Nothing,
                 ledgers = Nothing,
                 stats = (Map.empty, Map.empty, Map.empty, Map.empty)}
   |
52 | baseCase = D.TestDeal {
   |            ^^^^^^^^^^^^...

test/DealTest/DealTest.hs:85:44: warning: [GHC-20125] [-Wmissing-fields]
    • Fields of ‘P.Pool’ not initialised:
        futureScheduleCf :: Maybe CF.PoolCashflow
    • In the expression:
        P.Pool
          {assets = [AB.Mortgage
                       AB.MortgageOriginalInfo
                         {originBalance = 4000, originRate = Fix DC_ACT_365F 0.085,
                          originTerm = 60, period = Monthly,
                          startDate = T.fromGregorian 2022 1 1, prinType = AB.Level,
                          prepaymentPenalty = Nothing}
                       4000 0.085 60 Nothing AB.Current],
           futureCf = Nothing, asOfDate = T.fromGregorian 2022 1 1,
           issuanceStat = Just $ Map.fromList [(IssuanceBalance, 4000)],
           extendPeriods = Nothing}
      In the expression:
        (PoolConsol, 
         (P.Pool
            {assets = [AB.Mortgage
                         AB.MortgageOriginalInfo
                           {originBalance = 4000, originRate = Fix DC_ACT_365F 0.085,
                            originTerm = 60, period = Monthly,
                            startDate = T.fromGregorian 2022 1 1, prinType = AB.Level,
                            prepaymentPenalty = Nothing}
                         4000 0.085 60 Nothing AB.Current],
             futureCf = Nothing, asOfDate = T.fromGregorian 2022 1 1,
             issuanceStat = Just $ Map.fromList [(IssuanceBalance, 4000)],
             extendPeriods = Nothing}))
      In the first argument of ‘Map.fromList’, namely
        ‘[(PoolConsol, 
           (P.Pool
              {assets = [AB.Mortgage
                           AB.MortgageOriginalInfo
                             {originBalance = 4000, originRate = Fix DC_ACT_365F 0.085,
                              originTerm = 60, period = Monthly,
                              startDate = T.fromGregorian 2022 1 1, prinType = AB.Level,
                              prepaymentPenalty = Nothing}
                           4000 0.085 60 Nothing AB.Current],
               futureCf = Nothing, asOfDate = T.fromGregorian 2022 1 1,
               issuanceStat = Just $ Map.fromList [(IssuanceBalance, 4000)],
               extendPeriods = Nothing}))]’
   |
85 |               (Map.fromList [(PoolConsol, (P.Pool {P.assets=[AB.Mortgage
   |                                            ^^^^^^^^^^^^^^^^^^^^^^^^^^^^^...

test/DealTest/DealTest.hs:86:42: warning: [GHC-20125] [-Wmissing-fields]
    • Fields of ‘AB.MortgageOriginalInfo’ not initialised:
        obligor :: Maybe AB.Obligor
    • In the first argument of ‘AB.Mortgage’, namely
        ‘AB.MortgageOriginalInfo
           {originBalance = 4000, originRate = Fix DC_ACT_365F 0.085,
            originTerm = 60, period = Monthly,
            startDate = T.fromGregorian 2022 1 1, prinType = AB.Level,
            prepaymentPenalty = Nothing}’
      In the expression:
        AB.Mortgage
          AB.MortgageOriginalInfo
            {originBalance = 4000, originRate = Fix DC_ACT_365F 0.085,
             originTerm = 60, period = Monthly,
             startDate = T.fromGregorian 2022 1 1, prinType = AB.Level,
             prepaymentPenalty = Nothing}
          4000 0.085 60 Nothing AB.Current
      In the ‘assets’ field of a record
   |
86 |                                          AB.MortgageOriginalInfo{
   |                                          ^^^^^^^^^^^^^^^^^^^^^^^^...

[ 2 of 21] Compiling DealTest.MultiPoolDealTest
test/DealTest/MultiPoolDealTest.hs:39:45: warning: [GHC-20125] [-Wmissing-fields]
    • Fields of ‘P.Pool’ not initialised:
        futureScheduleCf :: Maybe CF.PoolCashflow
    • In the expression:
        P.Pool
          {assets = [AB.Mortgage
                       AB.MortgageOriginalInfo
                         {originBalance = 4000, originRate = Fix DC_ACT_365F 0.085,
                          originTerm = 60, period = Monthly,
                          startDate = T.fromGregorian 2022 1 1, prinType = AB.Level,
                          prepaymentPenalty = Nothing}
                       1000 0.085 60 Nothing AB.Current],
           futureCf = Nothing, asOfDate = T.fromGregorian 2022 1 1,
           issuanceStat = Just $ Map.fromList [(IssuanceBalance, 1000)],
           extendPeriods = Nothing}
      In the expression:
        (PoolName "PoolA", 
         P.Pool
           {assets = [AB.Mortgage
                        AB.MortgageOriginalInfo
                          {originBalance = 4000, originRate = Fix DC_ACT_365F 0.085,
                           originTerm = 60, period = Monthly,
                           startDate = T.fromGregorian 2022 1 1, prinType = AB.Level,
                           prepaymentPenalty = Nothing}
                        1000 0.085 60 Nothing AB.Current],
            futureCf = Nothing, asOfDate = T.fromGregorian 2022 1 1,
            issuanceStat = Just $ Map.fromList [(IssuanceBalance, 1000)],
            extendPeriods = Nothing})
      In the first argument of ‘Map.fromList’, namely
        ‘[(PoolName "PoolA", 
           P.Pool
             {assets = [AB.Mortgage
                          AB.MortgageOriginalInfo
                            {originBalance = 4000, originRate = Fix DC_ACT_365F 0.085,
                             originTerm = 60, period = Monthly,
                             startDate = T.fromGregorian 2022 1 1, prinType = AB.Level,
                             prepaymentPenalty = Nothing}
                          1000 0.085 60 Nothing AB.Current],
              futureCf = Nothing, asOfDate = T.fromGregorian 2022 1 1,
              issuanceStat = Just $ Map.fromList [(IssuanceBalance, 1000)],
              extendPeriods = Nothing}),
          (PoolName "PoolB", 
           (P.Pool
              {assets = [AB.Mortgage
                           AB.MortgageOriginalInfo
                             {originBalance = 4000, originRate = Fix DC_ACT_365F 0.085,
                              originTerm = 60, period = Monthly,
                              startDate = T.fromGregorian 2022 1 1, prinType = AB.Level,
                              prepaymentPenalty = Nothing}
                           3000 0.085 60 Nothing AB.Current],
               futureCf = Nothing, asOfDate = T.fromGregorian 2022 1 1,
               issuanceStat = Just $ Map.fromList [(IssuanceBalance, 3000)],
               extendPeriods = Nothing}))]’
   |
39 | multiPool = Map.fromList [(PoolName "PoolA",P.Pool {P.assets=[AB.Mortgage
   |                                             ^^^^^^^^^^^^^^^^^^^^^^^^^^^^^...

test/DealTest/MultiPoolDealTest.hs:40:68: warning: [GHC-20125] [-Wmissing-fields]
    • Fields of ‘AB.MortgageOriginalInfo’ not initialised:
        obligor :: Maybe AB.Obligor
    • In the first argument of ‘AB.Mortgage’, namely
        ‘AB.MortgageOriginalInfo
           {originBalance = 4000, originRate = Fix DC_ACT_365F 0.085,
            originTerm = 60, period = Monthly,
            startDate = T.fromGregorian 2022 1 1, prinType = AB.Level,
            prepaymentPenalty = Nothing}’
      In the expression:
        AB.Mortgage
          AB.MortgageOriginalInfo
            {originBalance = 4000, originRate = Fix DC_ACT_365F 0.085,
             originTerm = 60, period = Monthly,
             startDate = T.fromGregorian 2022 1 1, prinType = AB.Level,
             prepaymentPenalty = Nothing}
          1000 0.085 60 Nothing AB.Current
      In the ‘assets’ field of a record
   |
40 |                                                                    AB.MortgageOriginalInfo{ AB.originBalance=4000 ,AB.originRate=Fix DC_ACT_365F 0.085 ,AB.originTerm=60 ,AB.period=Monthly ,AB.startDate=T.fromGregorian 2022 1 1 ,AB.prinType= AB.Level ,AB.prepaymentPenalty = Nothing}
   |                                                                    ^^^^^^^^^^^^^^^^^^^^^^^^^^^^^^^^^^^^^^^^^^^^^^^^^^^^^^^^^^^^^^^^^^^^^^^^^^^^^^^^^^^^^^^^^^^^^^^^^^^^^^^^^^^^^^^^^^^^^^^^^^^^^^^^^^^^^^^^^^^^^^^^^^^^^^^^^^^^^^^^^^^^^^^^^^^^^^^^^^^^^^^^^^^^^^^^^^^^^^^^^^^^^^^^^^^^^^^

test/DealTest/MultiPoolDealTest.hs:47:46: warning: [GHC-20125] [-Wmissing-fields]
    • Fields of ‘P.Pool’ not initialised:
        futureScheduleCf :: Maybe CF.PoolCashflow
    • In the expression:
        P.Pool
          {assets = [AB.Mortgage
                       AB.MortgageOriginalInfo
                         {originBalance = 4000, originRate = Fix DC_ACT_365F 0.085,
                          originTerm = 60, period = Monthly,
                          startDate = T.fromGregorian 2022 1 1, prinType = AB.Level,
                          prepaymentPenalty = Nothing}
                       3000 0.085 60 Nothing AB.Current],
           futureCf = Nothing, asOfDate = T.fromGregorian 2022 1 1,
           issuanceStat = Just $ Map.fromList [(IssuanceBalance, 3000)],
           extendPeriods = Nothing}
      In the expression:
        (PoolName "PoolB", 
         (P.Pool
            {assets = [AB.Mortgage
                         AB.MortgageOriginalInfo
                           {originBalance = 4000, originRate = Fix DC_ACT_365F 0.085,
                            originTerm = 60, period = Monthly,
                            startDate = T.fromGregorian 2022 1 1, prinType = AB.Level,
                            prepaymentPenalty = Nothing}
                         3000 0.085 60 Nothing AB.Current],
             futureCf = Nothing, asOfDate = T.fromGregorian 2022 1 1,
             issuanceStat = Just $ Map.fromList [(IssuanceBalance, 3000)],
             extendPeriods = Nothing}))
      In the first argument of ‘Map.fromList’, namely
        ‘[(PoolName "PoolA", 
           P.Pool
             {assets = [AB.Mortgage
                          AB.MortgageOriginalInfo
                            {originBalance = 4000, originRate = Fix DC_ACT_365F 0.085,
                             originTerm = 60, period = Monthly,
                             startDate = T.fromGregorian 2022 1 1, prinType = AB.Level,
                             prepaymentPenalty = Nothing}
                          1000 0.085 60 Nothing AB.Current],
              futureCf = Nothing, asOfDate = T.fromGregorian 2022 1 1,
              issuanceStat = Just $ Map.fromList [(IssuanceBalance, 1000)],
              extendPeriods = Nothing}),
          (PoolName "PoolB", 
           (P.Pool
              {assets = [AB.Mortgage
                           AB.MortgageOriginalInfo
                             {originBalance = 4000, originRate = Fix DC_ACT_365F 0.085,
                              originTerm = 60, period = Monthly,
                              startDate = T.fromGregorian 2022 1 1, prinType = AB.Level,
                              prepaymentPenalty = Nothing}
                           3000 0.085 60 Nothing AB.Current],
               futureCf = Nothing, asOfDate = T.fromGregorian 2022 1 1,
               issuanceStat = Just $ Map.fromList [(IssuanceBalance, 3000)],
               extendPeriods = Nothing}))]’
   |
47 |                          ,(PoolName "PoolB",(P.Pool {P.assets=[AB.Mortgage
   |                                              ^^^^^^^^^^^^^^^^^^^^^^^^^^^^^...

test/DealTest/MultiPoolDealTest.hs:48:68: warning: [GHC-20125] [-Wmissing-fields]
    • Fields of ‘AB.MortgageOriginalInfo’ not initialised:
        obligor :: Maybe AB.Obligor
    • In the first argument of ‘AB.Mortgage’, namely
        ‘AB.MortgageOriginalInfo
           {originBalance = 4000, originRate = Fix DC_ACT_365F 0.085,
            originTerm = 60, period = Monthly,
            startDate = T.fromGregorian 2022 1 1, prinType = AB.Level,
            prepaymentPenalty = Nothing}’
      In the expression:
        AB.Mortgage
          AB.MortgageOriginalInfo
            {originBalance = 4000, originRate = Fix DC_ACT_365F 0.085,
             originTerm = 60, period = Monthly,
             startDate = T.fromGregorian 2022 1 1, prinType = AB.Level,
             prepaymentPenalty = Nothing}
          3000 0.085 60 Nothing AB.Current
      In the ‘assets’ field of a record
   |
48 |                                                                    AB.MortgageOriginalInfo{ AB.originBalance=4000 ,AB.originRate=Fix DC_ACT_365F 0.085 ,AB.originTerm=60 ,AB.period=Monthly ,AB.startDate=T.fromGregorian 2022 1 1 ,AB.prinType= AB.Level ,AB.prepaymentPenalty = Nothing}
   |                                                                    ^^^^^^^^^^^^^^^^^^^^^^^^^^^^^^^^^^^^^^^^^^^^^^^^^^^^^^^^^^^^^^^^^^^^^^^^^^^^^^^^^^^^^^^^^^^^^^^^^^^^^^^^^^^^^^^^^^^^^^^^^^^^^^^^^^^^^^^^^^^^^^^^^^^^^^^^^^^^^^^^^^^^^^^^^^^^^^^^^^^^^^^^^^^^^^^^^^^^^^^^^^^^^^^^^^^^^^^

test/DealTest/MultiPoolDealTest.hs:56:12: warning: [GHC-20125] [-Wmissing-fields]
    • Fields of ‘D.TestDeal’ not initialised:
        custom :: Maybe (Map.Map String CustomDataType)
    • In the expression:
        D.TestDeal
          {name = "base case", status = Amortizing, rateSwap = Nothing,
           currencySwap = Nothing,
           dates = CurrentDates
                     (toDate "20220101", toDate "20220101") Nothing (toDate "20300101")
                     (toDate "20220201", MonthFirst) (toDate "20220225", MonthFirst),
           accounts = (Map.fromList
                         [("General", 
                           (A.Account
                              {accName = "General", accBalance = 1000.0, accType = Nothing,
                               accInterest = Nothing, accStmt = Nothing}))]),
           fees = Map.empty,
           bonds = (Map.fromList
                      [("A", 
                        L.Bond
                          {bndName = "A", bndType = L.Sequential,
                           bndOriginInfo = L.OriginalInfo
                                             {originBalance = 3000,
                                              originDate = (T.fromGregorian 2022 1 1),
                                              originRate = 0.08, maturityDate = Nothing},
                           bndInterestInfo = L.Fix 0.08 DC_ACT_365F, bndBalance = 3000,
                           bndRate = 0.08, bndDuePrin = 0.0, bndDueInt = 0.0,
                           bndStepUp = Nothing, bndDueIntDate = Nothing,
                           bndLastIntPay = Just (T.fromGregorian 2022 1 1),
                           bndLastPrinPay = Just (T.fromGregorian 2022 1 1),
                           bndDueIntOverInt = 0, bndStmt = Nothing})]),
           pool = D.MultiPool multiPool,
           waterfall = Map.fromList
                         [(DistributionDay Amortizing, 
                           [(W.PayInt Nothing "General" [...] Nothing),
                            (W.PayPrin Nothing "General" [...] Nothing)])],
           collects = [Collect
                         (Just [PoolName "PoolA", ....]) CollectedInterest "General",
                       Collect
                         (Just [PoolName "PoolA", ....]) CollectedPrincipal "General"],
           liqProvider = Nothing, rateCap = Nothing, triggers = Nothing,
           ledgers = Nothing,
           stats = (Map.empty, Map.empty, Map.empty, Map.empty)}
      In an equation for ‘baseCase’:
          baseCase
            = D.TestDeal
                {name = "base case", status = Amortizing, rateSwap = Nothing,
                 currencySwap = Nothing,
                 dates = CurrentDates
                           (toDate "20220101", toDate "20220101") Nothing (toDate "20300101")
                           (toDate "20220201", MonthFirst) (toDate "20220225", MonthFirst),
                 accounts = (Map.fromList
                               [("General", 
                                 (A.Account
                                    {accName = "General", accBalance = 1000.0, accType = Nothing,
                                     accInterest = Nothing, accStmt = Nothing}))]),
                 fees = Map.empty,
                 bonds = (Map.fromList
                            [("A", 
                              L.Bond
                                {bndName = "A", bndType = L.Sequential,
                                 bndOriginInfo = L.OriginalInfo
                                                   {originBalance = 3000,
                                                    originDate = (T.fromGregorian 2022 1 1),
                                                    originRate = 0.08, maturityDate = Nothing},
                                 bndInterestInfo = L.Fix 0.08 DC_ACT_365F, bndBalance = 3000,
                                 bndRate = 0.08, bndDuePrin = 0.0, bndDueInt = 0.0,
                                 bndStepUp = Nothing, bndDueIntDate = Nothing,
                                 bndLastIntPay = Just (T.fromGregorian 2022 1 1),
                                 bndLastPrinPay = Just (T.fromGregorian 2022 1 1),
                                 bndDueIntOverInt = 0, bndStmt = Nothing})]),
                 pool = D.MultiPool multiPool,
                 waterfall = Map.fromList
                               [(DistributionDay Amortizing, 
                                 [(W.PayInt Nothing "General" ... Nothing), ....])],
                 collects = [Collect (Just [...]) CollectedInterest "General",
                             Collect (Just [...]) CollectedPrincipal "General"],
                 liqProvider = Nothing, rateCap = Nothing, triggers = Nothing,
                 ledgers = Nothing,
                 stats = (Map.empty, Map.empty, Map.empty, Map.empty)}
   |
56 | baseCase = D.TestDeal {
   |            ^^^^^^^^^^^^...

[ 3 of 21] Compiling DealTest.ResecDealTest
test/DealTest/ResecDealTest.hs:38:12: warning: [GHC-20125] [-Wmissing-fields]
    • Fields of ‘D.TestDeal’ not initialised:
        stats :: (Deal.DealBase.BalDealStatMap, Deal.DealBase.RDealStatMap,
                  Deal.DealBase.BDealStatMap, Deal.DealBase.IDealStatMap)
        liqProvider :: Maybe (Map.Map String CE.LiqFacility)
        rateCap :: Maybe (Map.Map String Hedge.RateCap)
        custom :: Maybe (Map.Map String CustomDataType)
        triggers :: Maybe (Map.Map DealCycle (Map.Map String Trg.Trigger))
        ledgers :: Maybe (Map.Map String Ledger.Ledger)
    • In the expression:
        D.TestDeal
          {name = "base case", status = Amortizing, rateSwap = Nothing,
           currencySwap = Nothing,
           dates = CurrentDates
                     (toDate "20220101", toDate "20220101") Nothing (toDate "20300101")
                     (toDate "20220201", MonthFirst) (toDate "20220225", MonthFirst),
           accounts = (Map.fromList
                         [("General", 
                           (A.Account
                              {accName = "General", accBalance = 1000.0, accType = Nothing,
                               accInterest = Nothing, accStmt = Nothing}))]),
           fees = Map.empty,
           bonds = (Map.fromList
                      [("A", 
                        L.Bond
                          {bndName = "A", bndType = L.Sequential,
                           bndOriginInfo = L.OriginalInfo
                                             {originBalance = 3000,
                                              originDate = (T.fromGregorian 2022 1 1),
                                              originRate = 0.08, maturityDate = Nothing},
                           bndInterestInfo = L.Fix 0.08 DC_ACT_365F, bndBalance = 3000,
                           bndRate = 0.08, bndDuePrin = 0.0, bndDueInt = 0.0,
                           bndDueIntDate = Nothing,
                           bndLastIntPay = Just (T.fromGregorian 2022 1 1),
                           bndLastPrinPay = Just (T.fromGregorian 2022 1 1),
                           bndStmt = Nothing})]),
           pool = D.MultiPool
                    (Map.fromList
                       [(PoolConsol, 
                         (P.Pool
                            {assets = [AB.Mortgage ... 4000 0.085 60 Nothing AB.Current],
                             futureCf = Nothing, asOfDate = T.fromGregorian 2022 1 1,
                             issuanceStat = Nothing, extendPeriods = Nothing}))]),
           waterfall = Map.fromList
                         [(DistributionDay Amortizing, 
                           [(W.PayInt Nothing "General" [...] Nothing),
                            (W.PayPrin Nothing "General" [...] Nothing)])],
           collects = [Collect Nothing CollectedInterest "General",
                       Collect Nothing CollectedPrincipal "General"]}
      In an equation for ‘baseCase’:
          baseCase
            = D.TestDeal
                {name = "base case", status = Amortizing, rateSwap = Nothing,
                 currencySwap = Nothing,
                 dates = CurrentDates
                           (toDate "20220101", toDate "20220101") Nothing (toDate "20300101")
                           (toDate "20220201", MonthFirst) (toDate "20220225", MonthFirst),
                 accounts = (Map.fromList
                               [("General", 
                                 (A.Account
                                    {accName = "General", accBalance = 1000.0, accType = Nothing,
                                     accInterest = Nothing, accStmt = Nothing}))]),
                 fees = Map.empty,
                 bonds = (Map.fromList
                            [("A", 
                              L.Bond
                                {bndName = "A", bndType = L.Sequential,
                                 bndOriginInfo = L.OriginalInfo
                                                   {originBalance = 3000,
                                                    originDate = (T.fromGregorian 2022 1 1),
                                                    originRate = 0.08, maturityDate = Nothing},
                                 bndInterestInfo = L.Fix 0.08 DC_ACT_365F, bndBalance = 3000,
                                 bndRate = 0.08, bndDuePrin = 0.0, bndDueInt = 0.0,
                                 bndDueIntDate = Nothing,
                                 bndLastIntPay = Just (T.fromGregorian 2022 1 1),
                                 bndLastPrinPay = Just (T.fromGregorian 2022 1 1),
                                 bndStmt = Nothing})]),
                 pool = D.MultiPool
                          (Map.fromList
                             [(PoolConsol, 
                               (P.Pool
                                  {assets = [...], futureCf = Nothing,
                                   asOfDate = T.fromGregorian 2022 1 1, issuanceStat = Nothing,
                                   extendPeriods = Nothing}))]),
                 waterfall = Map.fromList
                               [(DistributionDay Amortizing, 
                                 [(W.PayInt Nothing "General" ... Nothing), ....])],
                 collects = [Collect Nothing CollectedInterest "General",
                             Collect Nothing CollectedPrincipal "General"]}
   |
38 | baseCase = D.TestDeal {
   |            ^^^^^^^^^^^^...

test/DealTest/ResecDealTest.hs:49:31: warning: [GHC-20125] [-Wmissing-fields]
    • Fields of ‘L.Bond’ not initialised:
        bndStepUp :: Maybe L.StepUp
        bndDueIntOverInt :: Balance
    • In the expression:
        L.Bond
          {bndName = "A", bndType = L.Sequential,
           bndOriginInfo = L.OriginalInfo
                             {originBalance = 3000, originDate = (T.fromGregorian 2022 1 1),
                              originRate = 0.08, maturityDate = Nothing},
           bndInterestInfo = L.Fix 0.08 DC_ACT_365F, bndBalance = 3000,
           bndRate = 0.08, bndDuePrin = 0.0, bndDueInt = 0.0,
           bndDueIntDate = Nothing,
           bndLastIntPay = Just (T.fromGregorian 2022 1 1),
           bndLastPrinPay = Just (T.fromGregorian 2022 1 1),
           bndStmt = Nothing}
      In the expression:
        ("A", 
         L.Bond
           {bndName = "A", bndType = L.Sequential,
            bndOriginInfo = L.OriginalInfo
                              {originBalance = 3000, originDate = (T.fromGregorian 2022 1 1),
                               originRate = 0.08, maturityDate = Nothing},
            bndInterestInfo = L.Fix 0.08 DC_ACT_365F, bndBalance = 3000,
            bndRate = 0.08, bndDuePrin = 0.0, bndDueInt = 0.0,
            bndDueIntDate = Nothing,
            bndLastIntPay = Just (T.fromGregorian 2022 1 1),
            bndLastPrinPay = Just (T.fromGregorian 2022 1 1),
            bndStmt = Nothing})
      In the first argument of ‘Map.fromList’, namely
        ‘[("A", 
           L.Bond
             {bndName = "A", bndType = L.Sequential,
              bndOriginInfo = L.OriginalInfo
                                {originBalance = 3000, originDate = (T.fromGregorian 2022 1 1),
                                 originRate = 0.08, maturityDate = Nothing},
              bndInterestInfo = L.Fix 0.08 DC_ACT_365F, bndBalance = 3000,
              bndRate = 0.08, bndDuePrin = 0.0, bndDueInt = 0.0,
              bndDueIntDate = Nothing,
              bndLastIntPay = Just (T.fromGregorian 2022 1 1),
              bndLastPrinPay = Just (T.fromGregorian 2022 1 1),
              bndStmt = Nothing})]’
   |
49 |                              ,L.Bond{
   |                               ^^^^^^^...

test/DealTest/ResecDealTest.hs:68:54: warning: [GHC-20125] [-Wmissing-fields]
    • Fields of ‘P.Pool’ not initialised:
        futureScheduleCf :: Maybe CF.PoolCashflow
    • In the expression:
        P.Pool
          {assets = [AB.Mortgage
                       AB.MortgageOriginalInfo
                         {originBalance = 4000, originRate = Fix DC_ACT_365F 0.085,
                          originTerm = 60, period = Monthly,
                          startDate = T.fromGregorian 2022 1 1, prinType = AB.Level,
                          prepaymentPenalty = Nothing}
                       4000 0.085 60 Nothing AB.Current],
           futureCf = Nothing, asOfDate = T.fromGregorian 2022 1 1,
           issuanceStat = Nothing, extendPeriods = Nothing}
      In the expression:
        (PoolConsol, 
         (P.Pool
            {assets = [AB.Mortgage
                         AB.MortgageOriginalInfo
                           {originBalance = 4000, originRate = Fix DC_ACT_365F 0.085,
                            originTerm = 60, period = Monthly,
                            startDate = T.fromGregorian 2022 1 1, prinType = AB.Level,
                            prepaymentPenalty = Nothing}
                         4000 0.085 60 Nothing AB.Current],
             futureCf = Nothing, asOfDate = T.fromGregorian 2022 1 1,
             issuanceStat = Nothing, extendPeriods = Nothing}))
      In the first argument of ‘Map.fromList’, namely
        ‘[(PoolConsol, 
           (P.Pool
              {assets = [AB.Mortgage
                           AB.MortgageOriginalInfo
                             {originBalance = 4000, originRate = Fix DC_ACT_365F 0.085,
                              originTerm = 60, period = Monthly,
                              startDate = T.fromGregorian 2022 1 1, prinType = AB.Level,
                              prepaymentPenalty = Nothing}
                           4000 0.085 60 Nothing AB.Current],
               futureCf = Nothing, asOfDate = T.fromGregorian 2022 1 1,
               issuanceStat = Nothing, extendPeriods = Nothing}))]’
   |
68 |   ,D.pool = D.MultiPool (Map.fromList [(PoolConsol, (P.Pool {P.assets=[AB.Mortgage
   |                                                      ^^^^^^^^^^^^^^^^^^^^^^^^^^^^^...

test/DealTest/ResecDealTest.hs:69:42: warning: [GHC-20125] [-Wmissing-fields]
    • Fields of ‘AB.MortgageOriginalInfo’ not initialised:
        obligor :: Maybe AB.Obligor
    • In the first argument of ‘AB.Mortgage’, namely
        ‘AB.MortgageOriginalInfo
           {originBalance = 4000, originRate = Fix DC_ACT_365F 0.085,
            originTerm = 60, period = Monthly,
            startDate = T.fromGregorian 2022 1 1, prinType = AB.Level,
            prepaymentPenalty = Nothing}’
      In the expression:
        AB.Mortgage
          AB.MortgageOriginalInfo
            {originBalance = 4000, originRate = Fix DC_ACT_365F 0.085,
             originTerm = 60, period = Monthly,
             startDate = T.fromGregorian 2022 1 1, prinType = AB.Level,
             prepaymentPenalty = Nothing}
          4000 0.085 60 Nothing AB.Current
      In the ‘assets’ field of a record
   |
69 |                                          AB.MortgageOriginalInfo{
   |                                          ^^^^^^^^^^^^^^^^^^^^^^^^...

test/DealTest/ResecDealTest.hs:94:13: warning: [GHC-20125] [-Wmissing-fields]
    • Fields of ‘D.TestDeal’ not initialised:
        stats :: (Deal.DealBase.BalDealStatMap, Deal.DealBase.RDealStatMap,
                  Deal.DealBase.BDealStatMap, Deal.DealBase.IDealStatMap)
        liqProvider :: Maybe (Map.Map String CE.LiqFacility)
        rateCap :: Maybe (Map.Map String Hedge.RateCap)
        custom :: Maybe (Map.Map String CustomDataType)
        triggers :: Maybe (Map.Map DealCycle (Map.Map String Trg.Trigger))
        ledgers :: Maybe (Map.Map String Ledger.Ledger)
    • In the expression:
        D.TestDeal
          {name = "Top Deal", status = Amortizing, rateSwap = Nothing,
           currencySwap = Nothing,
           dates = CurrentDates
                     (toDate "20220101", toDate "20220101") Nothing (toDate "20300101")
                     (toDate "20220201", MonthFirst) (toDate "20220225", MonthFirst),
           accounts = (Map.fromList
                         [("General", 
                           (A.Account
                              {accName = "General", accBalance = 1000.0, accType = Nothing,
                               accInterest = Nothing, accStmt = Nothing}))]),
           fees = Map.empty,
           bonds = (Map.fromList
                      [("A", 
                        L.Bond
                          {bndName = "A", bndType = L.Sequential,
                           bndOriginInfo = L.OriginalInfo
                                             {originBalance = 3000,
                                              originDate = (T.fromGregorian 2022 1 1),
                                              originRate = 0.08, maturityDate = Nothing},
                           bndInterestInfo = L.Fix 0.08 DC_ACT_365F, bndBalance = 3000,
                           bndRate = 0.08, bndDuePrin = 0.0, bndDueInt = 0.0,
                           bndDueIntDate = Nothing,
                           bndLastIntPay = Just (T.fromGregorian 2022 1 1),
                           bndLastPrinPay = Just (T.fromGregorian 2022 1 1),
                           bndStmt = Nothing})]),
           pool = D.ResecDeal
                    (Map.fromList
                       [(DealBondFlow "base case" "A" (toDate "20200101") 0.25, 
                         D.UnderlyingDeal
                           baseCase (Just CF.emptyCashflow) (Just CF.emptyCashflow)
                           Nothing)]),
           waterfall = Map.fromList
                         [(DistributionDay Amortizing, 
                           [(W.PayInt Nothing "General" [...] Nothing),
                            (W.PayPrin Nothing "General" [...] Nothing)])],
           collects = [Collect Nothing CollectedInterest "General",
                       Collect Nothing CollectedPrincipal "General"]}
      In an equation for ‘resecDeal’:
          resecDeal
            = D.TestDeal
                {name = "Top Deal", status = Amortizing, rateSwap = Nothing,
                 currencySwap = Nothing,
                 dates = CurrentDates
                           (toDate "20220101", toDate "20220101") Nothing (toDate "20300101")
                           (toDate "20220201", MonthFirst) (toDate "20220225", MonthFirst),
                 accounts = (Map.fromList
                               [("General", 
                                 (A.Account
                                    {accName = "General", accBalance = 1000.0, accType = Nothing,
                                     accInterest = Nothing, accStmt = Nothing}))]),
                 fees = Map.empty,
                 bonds = (Map.fromList
                            [("A", 
                              L.Bond
                                {bndName = "A", bndType = L.Sequential,
                                 bndOriginInfo = L.OriginalInfo
                                                   {originBalance = 3000,
                                                    originDate = (T.fromGregorian 2022 1 1),
                                                    originRate = 0.08, maturityDate = Nothing},
                                 bndInterestInfo = L.Fix 0.08 DC_ACT_365F, bndBalance = 3000,
                                 bndRate = 0.08, bndDuePrin = 0.0, bndDueInt = 0.0,
                                 bndDueIntDate = Nothing,
                                 bndLastIntPay = Just (T.fromGregorian 2022 1 1),
                                 bndLastPrinPay = Just (T.fromGregorian 2022 1 1),
                                 bndStmt = Nothing})]),
                 pool = D.ResecDeal
                          (Map.fromList
                             [(DealBondFlow "base case" "A" (toDate "20200101") 0.25, 
                               D.UnderlyingDeal
                                 baseCase (Just CF.emptyCashflow) (Just CF.emptyCashflow)
                                 Nothing)]),
                 waterfall = Map.fromList
                               [(DistributionDay Amortizing, 
                                 [(W.PayInt Nothing "General" ... Nothing), ....])],
                 collects = [Collect Nothing CollectedInterest "General",
                             Collect Nothing CollectedPrincipal "General"]}
   |
94 | resecDeal = D.TestDeal {
   |             ^^^^^^^^^^^^...

test/DealTest/ResecDealTest.hs:105:31: warning: [GHC-20125] [-Wmissing-fields]
    • Fields of ‘L.Bond’ not initialised:
        bndStepUp :: Maybe L.StepUp
        bndDueIntOverInt :: Balance
    • In the expression:
        L.Bond
          {bndName = "A", bndType = L.Sequential,
           bndOriginInfo = L.OriginalInfo
                             {originBalance = 3000, originDate = (T.fromGregorian 2022 1 1),
                              originRate = 0.08, maturityDate = Nothing},
           bndInterestInfo = L.Fix 0.08 DC_ACT_365F, bndBalance = 3000,
           bndRate = 0.08, bndDuePrin = 0.0, bndDueInt = 0.0,
           bndDueIntDate = Nothing,
           bndLastIntPay = Just (T.fromGregorian 2022 1 1),
           bndLastPrinPay = Just (T.fromGregorian 2022 1 1),
           bndStmt = Nothing}
      In the expression:
        ("A", 
         L.Bond
           {bndName = "A", bndType = L.Sequential,
            bndOriginInfo = L.OriginalInfo
                              {originBalance = 3000, originDate = (T.fromGregorian 2022 1 1),
                               originRate = 0.08, maturityDate = Nothing},
            bndInterestInfo = L.Fix 0.08 DC_ACT_365F, bndBalance = 3000,
            bndRate = 0.08, bndDuePrin = 0.0, bndDueInt = 0.0,
            bndDueIntDate = Nothing,
            bndLastIntPay = Just (T.fromGregorian 2022 1 1),
            bndLastPrinPay = Just (T.fromGregorian 2022 1 1),
            bndStmt = Nothing})
      In the first argument of ‘Map.fromList’, namely
        ‘[("A", 
           L.Bond
             {bndName = "A", bndType = L.Sequential,
              bndOriginInfo = L.OriginalInfo
                                {originBalance = 3000, originDate = (T.fromGregorian 2022 1 1),
                                 originRate = 0.08, maturityDate = Nothing},
              bndInterestInfo = L.Fix 0.08 DC_ACT_365F, bndBalance = 3000,
              bndRate = 0.08, bndDuePrin = 0.0, bndDueInt = 0.0,
              bndDueIntDate = Nothing,
              bndLastIntPay = Just (T.fromGregorian 2022 1 1),
              bndLastPrinPay = Just (T.fromGregorian 2022 1 1),
              bndStmt = Nothing})]’
    |
105 |                              ,L.Bond{
    |                               ^^^^^^^...

[ 4 of 21] Compiling DealTest.RevolvingTest
test/DealTest/RevolvingTest.hs:37:45: warning: [GHC-20125] [-Wmissing-fields]
    • Fields of ‘P.Pool’ not initialised:
        futureScheduleCf :: Maybe CF.PoolCashflow
    • In the expression:
        P.Pool
          {assets = [AB.Mortgage
                       AB.MortgageOriginalInfo
                         {originBalance = 4000, originRate = Fix DC_ACT_365F 0.085,
                          originTerm = 60, period = Monthly,
                          startDate = T.fromGregorian 2022 1 1, prinType = AB.Level,
                          prepaymentPenalty = Nothing}
                       1000 0.085 60 Nothing AB.Current],
           futureCf = Nothing, asOfDate = T.fromGregorian 2022 1 1,
           issuanceStat = Just $ Map.fromList [(IssuanceBalance, 1000)],
           extendPeriods = Nothing}
      In the expression:
        (PoolName "PoolA", 
         P.Pool
           {assets = [AB.Mortgage
                        AB.MortgageOriginalInfo
                          {originBalance = 4000, originRate = Fix DC_ACT_365F 0.085,
                           originTerm = 60, period = Monthly,
                           startDate = T.fromGregorian 2022 1 1, prinType = AB.Level,
                           prepaymentPenalty = Nothing}
                        1000 0.085 60 Nothing AB.Current],
            futureCf = Nothing, asOfDate = T.fromGregorian 2022 1 1,
            issuanceStat = Just $ Map.fromList [(IssuanceBalance, 1000)],
            extendPeriods = Nothing})
      In the first argument of ‘Map.fromList’, namely
        ‘[(PoolName "PoolA", 
           P.Pool
             {assets = [AB.Mortgage
                          AB.MortgageOriginalInfo
                            {originBalance = 4000, originRate = Fix DC_ACT_365F 0.085,
                             originTerm = 60, period = Monthly,
                             startDate = T.fromGregorian 2022 1 1, prinType = AB.Level,
                             prepaymentPenalty = Nothing}
                          1000 0.085 60 Nothing AB.Current],
              futureCf = Nothing, asOfDate = T.fromGregorian 2022 1 1,
              issuanceStat = Just $ Map.fromList [(IssuanceBalance, 1000)],
              extendPeriods = Nothing}),
          (PoolName "PoolB", 
           (P.Pool
              {assets = [AB.Mortgage
                           AB.MortgageOriginalInfo
                             {originBalance = 4000, originRate = Fix DC_ACT_365F 0.085,
                              originTerm = 60, period = Monthly,
                              startDate = T.fromGregorian 2022 1 1, prinType = AB.Level,
                              prepaymentPenalty = Nothing}
                           3000 0.085 60 Nothing AB.Current],
               futureCf = Nothing, asOfDate = T.fromGregorian 2022 1 1,
               issuanceStat = Just $ Map.fromList [(IssuanceBalance, 3000)],
               extendPeriods = Nothing}))]’
   |
37 | multiPool = Map.fromList [(PoolName "PoolA",P.Pool {P.assets=[AB.Mortgage
   |                                             ^^^^^^^^^^^^^^^^^^^^^^^^^^^^^...

test/DealTest/RevolvingTest.hs:38:68: warning: [GHC-20125] [-Wmissing-fields]
    • Fields of ‘AB.MortgageOriginalInfo’ not initialised:
        obligor :: Maybe AB.Obligor
    • In the first argument of ‘AB.Mortgage’, namely
        ‘AB.MortgageOriginalInfo
           {originBalance = 4000, originRate = Fix DC_ACT_365F 0.085,
            originTerm = 60, period = Monthly,
            startDate = T.fromGregorian 2022 1 1, prinType = AB.Level,
            prepaymentPenalty = Nothing}’
      In the expression:
        AB.Mortgage
          AB.MortgageOriginalInfo
            {originBalance = 4000, originRate = Fix DC_ACT_365F 0.085,
             originTerm = 60, period = Monthly,
             startDate = T.fromGregorian 2022 1 1, prinType = AB.Level,
             prepaymentPenalty = Nothing}
          1000 0.085 60 Nothing AB.Current
      In the ‘assets’ field of a record
   |
38 |                                                                    AB.MortgageOriginalInfo{ AB.originBalance=4000 ,AB.originRate=Fix DC_ACT_365F 0.085 ,AB.originTerm=60 ,AB.period=Monthly ,AB.startDate=T.fromGregorian 2022 1 1 ,AB.prinType= AB.Level ,AB.prepaymentPenalty = Nothing}
   |                                                                    ^^^^^^^^^^^^^^^^^^^^^^^^^^^^^^^^^^^^^^^^^^^^^^^^^^^^^^^^^^^^^^^^^^^^^^^^^^^^^^^^^^^^^^^^^^^^^^^^^^^^^^^^^^^^^^^^^^^^^^^^^^^^^^^^^^^^^^^^^^^^^^^^^^^^^^^^^^^^^^^^^^^^^^^^^^^^^^^^^^^^^^^^^^^^^^^^^^^^^^^^^^^^^^^^^^^^^^^

test/DealTest/RevolvingTest.hs:45:46: warning: [GHC-20125] [-Wmissing-fields]
    • Fields of ‘P.Pool’ not initialised:
        futureScheduleCf :: Maybe CF.PoolCashflow
    • In the expression:
        P.Pool
          {assets = [AB.Mortgage
                       AB.MortgageOriginalInfo
                         {originBalance = 4000, originRate = Fix DC_ACT_365F 0.085,
                          originTerm = 60, period = Monthly,
                          startDate = T.fromGregorian 2022 1 1, prinType = AB.Level,
                          prepaymentPenalty = Nothing}
                       3000 0.085 60 Nothing AB.Current],
           futureCf = Nothing, asOfDate = T.fromGregorian 2022 1 1,
           issuanceStat = Just $ Map.fromList [(IssuanceBalance, 3000)],
           extendPeriods = Nothing}
      In the expression:
        (PoolName "PoolB", 
         (P.Pool
            {assets = [AB.Mortgage
                         AB.MortgageOriginalInfo
                           {originBalance = 4000, originRate = Fix DC_ACT_365F 0.085,
                            originTerm = 60, period = Monthly,
                            startDate = T.fromGregorian 2022 1 1, prinType = AB.Level,
                            prepaymentPenalty = Nothing}
                         3000 0.085 60 Nothing AB.Current],
             futureCf = Nothing, asOfDate = T.fromGregorian 2022 1 1,
             issuanceStat = Just $ Map.fromList [(IssuanceBalance, 3000)],
             extendPeriods = Nothing}))
      In the first argument of ‘Map.fromList’, namely
        ‘[(PoolName "PoolA", 
           P.Pool
             {assets = [AB.Mortgage
                          AB.MortgageOriginalInfo
                            {originBalance = 4000, originRate = Fix DC_ACT_365F 0.085,
                             originTerm = 60, period = Monthly,
                             startDate = T.fromGregorian 2022 1 1, prinType = AB.Level,
                             prepaymentPenalty = Nothing}
                          1000 0.085 60 Nothing AB.Current],
              futureCf = Nothing, asOfDate = T.fromGregorian 2022 1 1,
              issuanceStat = Just $ Map.fromList [(IssuanceBalance, 1000)],
              extendPeriods = Nothing}),
          (PoolName "PoolB", 
           (P.Pool
              {assets = [AB.Mortgage
                           AB.MortgageOriginalInfo
                             {originBalance = 4000, originRate = Fix DC_ACT_365F 0.085,
                              originTerm = 60, period = Monthly,
                              startDate = T.fromGregorian 2022 1 1, prinType = AB.Level,
                              prepaymentPenalty = Nothing}
                           3000 0.085 60 Nothing AB.Current],
               futureCf = Nothing, asOfDate = T.fromGregorian 2022 1 1,
               issuanceStat = Just $ Map.fromList [(IssuanceBalance, 3000)],
               extendPeriods = Nothing}))]’
   |
45 |                          ,(PoolName "PoolB",(P.Pool {P.assets=[AB.Mortgage
   |                                              ^^^^^^^^^^^^^^^^^^^^^^^^^^^^^...

test/DealTest/RevolvingTest.hs:46:68: warning: [GHC-20125] [-Wmissing-fields]
    • Fields of ‘AB.MortgageOriginalInfo’ not initialised:
        obligor :: Maybe AB.Obligor
    • In the first argument of ‘AB.Mortgage’, namely
        ‘AB.MortgageOriginalInfo
           {originBalance = 4000, originRate = Fix DC_ACT_365F 0.085,
            originTerm = 60, period = Monthly,
            startDate = T.fromGregorian 2022 1 1, prinType = AB.Level,
            prepaymentPenalty = Nothing}’
      In the expression:
        AB.Mortgage
          AB.MortgageOriginalInfo
            {originBalance = 4000, originRate = Fix DC_ACT_365F 0.085,
             originTerm = 60, period = Monthly,
             startDate = T.fromGregorian 2022 1 1, prinType = AB.Level,
             prepaymentPenalty = Nothing}
          3000 0.085 60 Nothing AB.Current
      In the ‘assets’ field of a record
   |
46 |                                                                    AB.MortgageOriginalInfo{ AB.originBalance=4000 ,AB.originRate=Fix DC_ACT_365F 0.085 ,AB.originTerm=60 ,AB.period=Monthly ,AB.startDate=T.fromGregorian 2022 1 1 ,AB.prinType= AB.Level ,AB.prepaymentPenalty = Nothing}
   |                                                                    ^^^^^^^^^^^^^^^^^^^^^^^^^^^^^^^^^^^^^^^^^^^^^^^^^^^^^^^^^^^^^^^^^^^^^^^^^^^^^^^^^^^^^^^^^^^^^^^^^^^^^^^^^^^^^^^^^^^^^^^^^^^^^^^^^^^^^^^^^^^^^^^^^^^^^^^^^^^^^^^^^^^^^^^^^^^^^^^^^^^^^^^^^^^^^^^^^^^^^^^^^^^^^^^^^^^^^^^

test/DealTest/RevolvingTest.hs:54:12: warning: [GHC-20125] [-Wmissing-fields]
    • Fields of ‘D.TestDeal’ not initialised:
        custom :: Maybe (Map.Map String CustomDataType)
    • In the expression:
        D.TestDeal
          {name = "base case", status = Amortizing, rateSwap = Nothing,
           currencySwap = Nothing,
           dates = CurrentDates
                     (toDate "20220101", toDate "20220101") Nothing (toDate "20300101")
                     (toDate "20220201", MonthFirst) (toDate "20220225", MonthFirst),
           accounts = (Map.fromList
                         [("General", 
                           (A.Account
                              {accName = "General", accBalance = 1000.0, accType = Nothing,
                               accInterest = Nothing, accStmt = Nothing}))]),
           fees = Map.empty,
           bonds = (Map.fromList
                      [("A", 
                        L.Bond
                          {bndName = "A", bndType = L.Sequential,
                           bndOriginInfo = L.OriginalInfo
                                             {originBalance = 3000,
                                              originDate = (T.fromGregorian 2022 1 1),
                                              originRate = 0.08, maturityDate = Nothing},
                           bndInterestInfo = L.Fix 0.08 DC_ACT_365F, bndBalance = 3000,
                           bndRate = 0.08, bndDuePrin = 0.0, bndDueInt = 0.0,
                           bndStepUp = Nothing, bndDueIntDate = Nothing,
                           bndLastIntPay = Just (T.fromGregorian 2022 1 1),
                           bndLastPrinPay = Just (T.fromGregorian 2022 1 1),
                           bndDueIntOverInt = 0, bndStmt = Nothing})]),
           pool = D.MultiPool multiPool,
           waterfall = Map.fromList
                         [(DistributionDay Amortizing, 
                           [(W.PayInt Nothing "General" [...] Nothing),
                            (W.PayPrin Nothing "General" [...] Nothing)])],
           collects = [Collect
                         (Just [PoolName "PoolA", ....]) CollectedInterest "General",
                       Collect
                         (Just [PoolName "PoolA", ....]) CollectedPrincipal "General"],
           liqProvider = Nothing, rateCap = Nothing, triggers = Nothing,
           ledgers = Nothing,
           stats = (Map.empty, Map.empty, Map.empty, Map.empty)}
      In an equation for ‘baseCase’:
          baseCase
            = D.TestDeal
                {name = "base case", status = Amortizing, rateSwap = Nothing,
                 currencySwap = Nothing,
                 dates = CurrentDates
                           (toDate "20220101", toDate "20220101") Nothing (toDate "20300101")
                           (toDate "20220201", MonthFirst) (toDate "20220225", MonthFirst),
                 accounts = (Map.fromList
                               [("General", 
                                 (A.Account
                                    {accName = "General", accBalance = 1000.0, accType = Nothing,
                                     accInterest = Nothing, accStmt = Nothing}))]),
                 fees = Map.empty,
                 bonds = (Map.fromList
                            [("A", 
                              L.Bond
                                {bndName = "A", bndType = L.Sequential,
                                 bndOriginInfo = L.OriginalInfo
                                                   {originBalance = 3000,
                                                    originDate = (T.fromGregorian 2022 1 1),
                                                    originRate = 0.08, maturityDate = Nothing},
                                 bndInterestInfo = L.Fix 0.08 DC_ACT_365F, bndBalance = 3000,
                                 bndRate = 0.08, bndDuePrin = 0.0, bndDueInt = 0.0,
                                 bndStepUp = Nothing, bndDueIntDate = Nothing,
                                 bndLastIntPay = Just (T.fromGregorian 2022 1 1),
                                 bndLastPrinPay = Just (T.fromGregorian 2022 1 1),
                                 bndDueIntOverInt = 0, bndStmt = Nothing})]),
                 pool = D.MultiPool multiPool,
                 waterfall = Map.fromList
                               [(DistributionDay Amortizing, 
                                 [(W.PayInt Nothing "General" ... Nothing), ....])],
                 collects = [Collect (Just [...]) CollectedInterest "General",
                             Collect (Just [...]) CollectedPrincipal "General"],
                 liqProvider = Nothing, rateCap = Nothing, triggers = Nothing,
                 ledgers = Nothing,
                 stats = (Map.empty, Map.empty, Map.empty, Map.empty)}
   |
54 | baseCase = D.TestDeal {
   |            ^^^^^^^^^^^^...

test/DealTest/RevolvingTest.hs:103:36: warning: [GHC-20125] [-Wmissing-fields]
    • Fields of ‘AB.LoanOriginalInfo’ not initialised:
        obligor :: Maybe AB.Obligor
    • In the first argument of ‘AB.PersonalLoan’, namely
        ‘AB.LoanOriginalInfo
           {originBalance = 1000, originRate = Fix DC_ACT_365F 0.08,
            originTerm = 24, period = Monthly,
            startDate = (T.fromGregorian 2022 1 1), prinType = AB.I_P}’
      In the expression:
        AB.PersonalLoan
          AB.LoanOriginalInfo
            {originBalance = 1000, originRate = Fix DC_ACT_365F 0.08,
             originTerm = 24, period = Monthly,
             startDate = (T.fromGregorian 2022 1 1), prinType = AB.I_P}
          1000 0.08 24 AB.Current
      In the expression:
        [(AB.PersonalLoan
            AB.LoanOriginalInfo
              {originBalance = 1000, originRate = Fix DC_ACT_365F 0.08,
               originTerm = 24, period = Monthly,
               startDate = (T.fromGregorian 2022 1 1), prinType = AB.I_P}
            1000 0.08 24 AB.Current)]
    |
103 |     poolAssets = [(AB.PersonalLoan AB.LoanOriginalInfo{AB.originBalance= 1000, AB.originRate= Fix DC_ACT_365F 0.08,
    |                                    ^^^^^^^^^^^^^^^^^^^^^^^^^^^^^^^^^^^^^^^^^^^^^^^^^^^^^^^^^^^^^^^^^^^^^^^^^^^^^^^^...

[ 5 of 21] Compiling Paths_Hastructure
[ 6 of 21] Compiling UT.AnalyticsTest
[ 7 of 21] Compiling UT.AssetTest
test/UT/AssetTest.hs:106:67: warning: [GHC-63394] [-Wx-partial]
    In the use of ‘head’
    (imported from Prelude, but defined in GHC.Internal.List):
    "This is a partial function, it throws an error on empty lists. Use pattern matching, 'Data.List.uncons' or 'Data.Maybe.listToMaybe' instead. Consider refactoring to use "Data.List.NonEmpty"."
    |
106 |      assertEqual "first date" (L.toDate "20210701")  (CF.getDate (head trs)) -- `debug` ("result"++show(tmcf_00))
    |                                                                   ^^^^

test/UT/AssetTest.hs:116:60: warning: [GHC-63394] [-Wx-partial]
    In the use of ‘head’
    (imported from Prelude, but defined in GHC.Internal.List):
    "This is a partial function, it throws an error on empty lists. Use pattern matching, 'Data.List.uncons' or 'Data.Maybe.listToMaybe' instead. Consider refactoring to use "Data.List.NonEmpty"."
    |
116 |         assertEqual "first row" 12.63  (CF.mflowPrincipal (head trs)) -- `debug` ("result"++show(tmcf_00))
    |                                                            ^^^^

test/UT/AssetTest.hs:128:41: warning: [GHC-63394] [-Wx-partial]
    In the use of ‘head’
    (imported from Prelude, but defined in GHC.Internal.List):
    "This is a partial function, it throws an error on empty lists. Use pattern matching, 'Data.List.uncons' or 'Data.Maybe.listToMaybe' instead. Consider refactoring to use "Data.List.NonEmpty"."
    |
128 |                     (CF.mflowPrincipal (head trs)
    |                                         ^^^^

test/UT/AssetTest.hs:129:39: warning: [GHC-63394] [-Wx-partial]
    In the use of ‘head’
    (imported from Prelude, but defined in GHC.Internal.List):
    "This is a partial function, it throws an error on empty lists. Use pattern matching, 'Data.List.uncons' or 'Data.Maybe.listToMaybe' instead. Consider refactoring to use "Data.List.NonEmpty"."
    |
129 |                     ,(view CF.tsDate (head trs))
    |                                       ^^^^

test/UT/AssetTest.hs:143:43: warning: [GHC-63394] [-Wx-partial]
    In the use of ‘head’
    (imported from Prelude, but defined in GHC.Internal.List):
    "This is a partial function, it throws an error on empty lists. Use pattern matching, 'Data.List.uncons' or 'Data.Maybe.listToMaybe' instead. Consider refactoring to use "Data.List.NonEmpty"."
    |
143 |                     ,(CF.mflowPrincipal . head . tail) trs
    |                                           ^^^^

test/UT/AssetTest.hs:143:50: warning: [GHC-63394] [-Wx-partial]
    In the use of ‘tail’
    (imported from Prelude, but defined in GHC.Internal.List):
    "This is a partial function, it throws an error on empty lists. Replace it with 'drop' 1, or use pattern matching or 'GHC.Internal.Data.List.uncons' instead. Consider refactoring to use "Data.List.NonEmpty"."
    |
143 |                     ,(CF.mflowPrincipal . head . tail) trs
    |                                                  ^^^^

test/UT/AssetTest.hs:144:42: warning: [GHC-63394] [-Wx-partial]
    In the use of ‘head’
    (imported from Prelude, but defined in GHC.Internal.List):
    "This is a partial function, it throws an error on empty lists. Use pattern matching, 'Data.List.uncons' or 'Data.Maybe.listToMaybe' instead. Consider refactoring to use "Data.List.NonEmpty"."
    |
144 |                     ,(CF.mflowInterest . head . tail) trs ] -- `debug` ("trs for balloon"++show tm1cf_00)
    |                                          ^^^^

test/UT/AssetTest.hs:144:49: warning: [GHC-63394] [-Wx-partial]
    In the use of ‘tail’
    (imported from Prelude, but defined in GHC.Internal.List):
    "This is a partial function, it throws an error on empty lists. Replace it with 'drop' 1, or use pattern matching or 'GHC.Internal.Data.List.uncons' instead. Consider refactoring to use "Data.List.NonEmpty"."
    |
144 |                     ,(CF.mflowInterest . head . tail) trs ] -- `debug` ("trs for balloon"++show tm1cf_00)
    |                                                 ^^^^

test/UT/AssetTest.hs:157:43: warning: [GHC-63394] [-Wx-partial]
    In the use of ‘head’
    (imported from Prelude, but defined in GHC.Internal.List):
    "This is a partial function, it throws an error on empty lists. Use pattern matching, 'Data.List.uncons' or 'Data.Maybe.listToMaybe' instead. Consider refactoring to use "Data.List.NonEmpty"."
    |
157 |                     ,(CF.mflowPrincipal . head . tail) trs
    |                                           ^^^^

test/UT/AssetTest.hs:157:50: warning: [GHC-63394] [-Wx-partial]
    In the use of ‘tail’
    (imported from Prelude, but defined in GHC.Internal.List):
    "This is a partial function, it throws an error on empty lists. Replace it with 'drop' 1, or use pattern matching or 'GHC.Internal.Data.List.uncons' instead. Consider refactoring to use "Data.List.NonEmpty"."
    |
157 |                     ,(CF.mflowPrincipal . head . tail) trs
    |                                                  ^^^^

test/UT/AssetTest.hs:158:42: warning: [GHC-63394] [-Wx-partial]
    In the use of ‘head’
    (imported from Prelude, but defined in GHC.Internal.List):
    "This is a partial function, it throws an error on empty lists. Use pattern matching, 'Data.List.uncons' or 'Data.Maybe.listToMaybe' instead. Consider refactoring to use "Data.List.NonEmpty"."
    |
158 |                     ,(CF.mflowInterest . head . tail) trs ] -- `debug` ("trs for balloon"++show tm1cf_00)
    |                                          ^^^^

test/UT/AssetTest.hs:158:49: warning: [GHC-63394] [-Wx-partial]
    In the use of ‘tail’
    (imported from Prelude, but defined in GHC.Internal.List):
    "This is a partial function, it throws an error on empty lists. Replace it with 'drop' 1, or use pattern matching or 'GHC.Internal.Data.List.uncons' instead. Consider refactoring to use "Data.List.NonEmpty"."
    |
158 |                     ,(CF.mflowInterest . head . tail) trs ] -- `debug` ("trs for balloon"++show tm1cf_00)
    |                                                 ^^^^

test/UT/AssetTest.hs:314:18: warning: [GHC-63394] [-Wx-partial]
    In the use of ‘head’
    (imported from Prelude, but defined in GHC.Internal.List):
    "This is a partial function, it throws an error on empty lists. Use pattern matching, 'Data.List.uncons' or 'Data.Maybe.listToMaybe' instead. Consider refactoring to use "Data.List.NonEmpty"."
    |
314 |                 (head (cf1 ^. CF.cashflowTxn))
    |                  ^^^^

test/UT/AssetTest.hs:326:18: warning: [GHC-63394] [-Wx-partial]
    In the use of ‘head’
    (imported from Prelude, but defined in GHC.Internal.List):
    "This is a partial function, it throws an error on empty lists. Use pattern matching, 'Data.List.uncons' or 'Data.Maybe.listToMaybe' instead. Consider refactoring to use "Data.List.NonEmpty"."
    |
326 |                 (head (CF.getDatesCashFlowFrame cf1))
    |                  ^^^^

test/UT/AssetTest.hs:330:18: warning: [GHC-63394] [-Wx-partial]
    In the use of ‘head’
    (imported from Prelude, but defined in GHC.Internal.List):
    "This is a partial function, it throws an error on empty lists. Use pattern matching, 'Data.List.uncons' or 'Data.Maybe.listToMaybe' instead. Consider refactoring to use "Data.List.NonEmpty"."
    |
330 |                 (head (cf2 ^. CF.cashflowTxn))
    |                  ^^^^

test/UT/AssetTest.hs:342:18: warning: [GHC-63394] [-Wx-partial]
    In the use of ‘head’
    (imported from Prelude, but defined in GHC.Internal.List):
    "This is a partial function, it throws an error on empty lists. Use pattern matching, 'Data.List.uncons' or 'Data.Maybe.listToMaybe' instead. Consider refactoring to use "Data.List.NonEmpty"."
    |
342 |                 (head (cf3_0 ^. CF.cashflowTxn )) 
    |                  ^^^^

test/UT/AssetTest.hs:346:18: warning: [GHC-63394] [-Wx-partial]
    In the use of ‘head’
    (imported from Prelude, but defined in GHC.Internal.List):
    "This is a partial function, it throws an error on empty lists. Use pattern matching, 'Data.List.uncons' or 'Data.Maybe.listToMaybe' instead. Consider refactoring to use "Data.List.NonEmpty"."
    |
346 |                 (head (cf3 ^. CF.cashflowTxn)) -- `debug` ("CF3->"++show cf3)
    |                  ^^^^

test/UT/AssetTest.hs:643:20: warning: [GHC-63394] [-Wx-partial]
    In the use of ‘head’
    (imported from Prelude, but defined in GHC.Internal.List):
    "This is a partial function, it throws an error on empty lists. Use pattern matching, 'Data.List.uncons' or 'Data.Maybe.listToMaybe' instead. Consider refactoring to use "Data.List.NonEmpty"."
    |
643 |     poolCf = fst . head $ 
    |                    ^^^^

test/UT/AssetTest.hs:647:21: warning: [GHC-63394] [-Wx-partial]
    In the use of ‘head’
    (imported from Prelude, but defined in GHC.Internal.List):
    "This is a partial function, it throws an error on empty lists. Use pattern matching, 'Data.List.uncons' or 'Data.Maybe.listToMaybe' instead. Consider refactoring to use "Data.List.NonEmpty"."
    |
647 |     poolCf2 = fst . head $ 
    |                     ^^^^

[ 8 of 21] Compiling UT.BondTest
[ 9 of 21] Compiling UT.CashflowTest
test/UT/CashflowTest.hs:47:9: warning: [GHC-63394] [-Wx-partial]
    In the use of ‘head’
    (imported from Prelude, but defined in GHC.Internal.List):
    "This is a partial function, it throws an error on empty lists. Use pattern matching, 'Data.List.uncons' or 'Data.Maybe.listToMaybe' instead. Consider refactoring to use "Data.List.NonEmpty"."
   |
47 |        (head aggTs1)
   |         ^^^^

test/UT/CashflowTest.hs:53:9: warning: [GHC-63394] [-Wx-partial]
    In the use of ‘head’
    (imported from Prelude, but defined in GHC.Internal.List):
    "This is a partial function, it throws an error on empty lists. Use pattern matching, 'Data.List.uncons' or 'Data.Maybe.listToMaybe' instead. Consider refactoring to use "Data.List.NonEmpty"."
   |
53 |        (head aggTs2)
   |         ^^^^

test/UT/CashflowTest.hs:298:40: warning: [GHC-20125] [-Wmissing-fields]
    • Fields of ‘A.ExtraStress’ not initialised:
        defaultFactors :: Maybe Ts
        prepaymentFactors :: Maybe Ts
    • In the first argument of ‘Just’, namely
        ‘A.ExtraStress {poolHairCut = Just [(CollectedPrincipal, 0.5)]}’
      In the first argument of ‘P.applyHaircut’, namely
        ‘(Just
            A.ExtraStress {poolHairCut = Just [(CollectedPrincipal, 0.5)]})’
      In the first argument of ‘CF.cfAt’, namely
        ‘(P.applyHaircut
            (Just
               A.ExtraStress {poolHairCut = Just [(CollectedPrincipal, 0.5)]})
            cflow)’
    |
298 |         (CF.cfAt (P.applyHaircut (Just A.ExtraStress{A.poolHairCut = Just [(CollectedPrincipal,0.5)]}) cflow) 0)
    |                                        ^^^^^^^^^^^^^^^^^^^^^^^^^^^^^^^^^^^^^^^^^^^^^^^^^^^^^^^^^^^^^^

test/UT/CashflowTest.hs:302:40: warning: [GHC-20125] [-Wmissing-fields]
    • Fields of ‘A.ExtraStress’ not initialised:
        defaultFactors :: Maybe Ts
        prepaymentFactors :: Maybe Ts
    • In the first argument of ‘Just’, namely
        ‘A.ExtraStress {poolHairCut = Just [(CollectedInterest, 0.3)]}’
      In the first argument of ‘P.applyHaircut’, namely
        ‘(Just
            A.ExtraStress {poolHairCut = Just [(CollectedInterest, 0.3)]})’
      In the first argument of ‘CF.cfAt’, namely
        ‘(P.applyHaircut
            (Just
               A.ExtraStress {poolHairCut = Just [(CollectedInterest, 0.3)]})
            cflow)’
    |
302 |         (CF.cfAt (P.applyHaircut (Just A.ExtraStress{A.poolHairCut = Just [(CollectedInterest,0.3)]}) cflow) 0)
    |                                        ^^^^^^^^^^^^^^^^^^^^^^^^^^^^^^^^^^^^^^^^^^^^^^^^^^^^^^^^^^^^^

test/UT/CashflowTest.hs:306:40: warning: [GHC-20125] [-Wmissing-fields]
    • Fields of ‘A.ExtraStress’ not initialised:
        defaultFactors :: Maybe Ts
        prepaymentFactors :: Maybe Ts
    • In the first argument of ‘Just’, namely
        ‘A.ExtraStress {poolHairCut = Just [(CollectedPrepayment, 0.4)]}’
      In the first argument of ‘P.applyHaircut’, namely
        ‘(Just
            A.ExtraStress {poolHairCut = Just [(CollectedPrepayment, 0.4)]})’
      In the first argument of ‘CF.cfAt’, namely
        ‘(P.applyHaircut
            (Just
               A.ExtraStress {poolHairCut = Just [(CollectedPrepayment, 0.4)]})
            cflow)’
    |
306 |         (CF.cfAt (P.applyHaircut (Just A.ExtraStress{A.poolHairCut = Just [(CollectedPrepayment,0.4)]}) cflow) 0)
    |                                        ^^^^^^^^^^^^^^^^^^^^^^^^^^^^^^^^^^^^^^^^^^^^^^^^^^^^^^^^^^^^^^^

test/UT/CashflowTest.hs:310:40: warning: [GHC-20125] [-Wmissing-fields]
    • Fields of ‘A.ExtraStress’ not initialised:
        defaultFactors :: Maybe Ts
        prepaymentFactors :: Maybe Ts
    • In the first argument of ‘Just’, namely
        ‘A.ExtraStress {poolHairCut = Just [(CollectedRecoveries, 0.1)]}’
      In the first argument of ‘P.applyHaircut’, namely
        ‘(Just
            A.ExtraStress {poolHairCut = Just [(CollectedRecoveries, 0.1)]})’
      In the first argument of ‘CF.cfAt’, namely
        ‘(P.applyHaircut
            (Just
               A.ExtraStress {poolHairCut = Just [(CollectedRecoveries, 0.1)]})
            cflow)’
    |
310 |         (CF.cfAt (P.applyHaircut (Just A.ExtraStress{A.poolHairCut = Just [(CollectedRecoveries,0.1)]}) cflow) 0)
    |                                        ^^^^^^^^^^^^^^^^^^^^^^^^^^^^^^^^^^^^^^^^^^^^^^^^^^^^^^^^^^^^^^^

test/UT/CashflowTest.hs:314:40: warning: [GHC-20125] [-Wmissing-fields]
    • Fields of ‘A.ExtraStress’ not initialised:
        defaultFactors :: Maybe Ts
        prepaymentFactors :: Maybe Ts
    • In the first argument of ‘Just’, namely
        ‘A.ExtraStress
           {poolHairCut = Just [(CollectedPrepaymentPenalty, 0.2)]}’
      In the first argument of ‘P.applyHaircut’, namely
        ‘(Just
            A.ExtraStress
              {poolHairCut = Just [(CollectedPrepaymentPenalty, 0.2)]})’
      In the first argument of ‘CF.cfAt’, namely
        ‘(P.applyHaircut
            (Just
               A.ExtraStress
                 {poolHairCut = Just [(CollectedPrepaymentPenalty, 0.2)]})
            cflow)’
    |
314 |         (CF.cfAt (P.applyHaircut (Just A.ExtraStress{A.poolHairCut = Just [(CollectedPrepaymentPenalty,0.2)]}) cflow) 0)
    |                                        ^^^^^^^^^^^^^^^^^^^^^^^^^^^^^^^^^^^^^^^^^^^^^^^^^^^^^^^^^^^^^^^^^^^^^^

test/UT/CashflowTest.hs:318:40: warning: [GHC-20125] [-Wmissing-fields]
    • Fields of ‘A.ExtraStress’ not initialised:
        defaultFactors :: Maybe Ts
        prepaymentFactors :: Maybe Ts
    • In the first argument of ‘Just’, namely
        ‘A.ExtraStress
           {poolHairCut = Just
                            [(CollectedPrepaymentPenalty, 0.2), (CollectedPrincipal, 0.5),
                             (CollectedInterest, 0.3)]}’
      In the first argument of ‘P.applyHaircut’, namely
        ‘(Just
            A.ExtraStress
              {poolHairCut = Just
                               [(CollectedPrepaymentPenalty, 0.2), (CollectedPrincipal, 0.5),
                                (CollectedInterest, 0.3)]})’
      In the first argument of ‘CF.cfAt’, namely
        ‘(P.applyHaircut
            (Just
               A.ExtraStress
                 {poolHairCut = Just
                                  [(CollectedPrepaymentPenalty, 0.2), (CollectedPrincipal, 0.5),
                                   (CollectedInterest, 0.3)]})
            cflow)’
    |
318 |         (CF.cfAt (P.applyHaircut (Just A.ExtraStress{A.poolHairCut = Just [(CollectedPrepaymentPenalty,0.2)
    |                                        ^^^^^^^^^^^^^^^^^^^^^^^^^^^^^^^^^^^^^^^^^^^^^^^^^^^^^^^^^^^^^^^^^^^^...

[10 of 21] Compiling UT.CeTest
[11 of 21] Compiling UT.DealTest
test/UT/DealTest.hs:49:7: warning: [GHC-20125] [-Wmissing-fields]
    • Fields of ‘D.TestDeal’ not initialised:
        rateCap :: Maybe (Map.Map String Hedge.RateCap)
    • In the expression:
        D.TestDeal
          {name = "test deal1", status = Amortizing, rateSwap = Nothing,
           currencySwap = Nothing,
           dates = CurrentDates
                     (toDate "20220101", toDate "20220101") Nothing (toDate "20300101")
                     (toDate "20220201", MonthFirst) (toDate "20220225", MonthFirst),
           accounts = (Map.fromList
                         [("General", 
                           (A.Account
                              {accName = "General", accBalance = 1000.0, accType = Nothing,
                               accInterest = Nothing, accStmt = Nothing})),
                          ("Reserve", 
                           (A.Account
                              {accName = "Reserve", accBalance = 0.0,
                               accType = Just (A.FixReserve 500), accInterest = Nothing,
                               accStmt = Nothing}))]),
           fees = (Map.fromList
                     [("Service-Fee", 
                       F.Fee
                         {feeName = "service-fee", feeType = F.FixFee 10,
                          feeStart = (T.fromGregorian 2022 1 1), feeDue = 100,
                          feeDueDate = Nothing, feeArrears = 0, feeLastPaidDay = Nothing,
                          feeStmt = Nothing})]),
           bonds = (Map.fromList
                      [("A", 
                        L.Bond
                          {bndName = "A", bndType = L.Sequential,
                           bndOriginInfo = L.OriginalInfo
                                             {originBalance = 3000,
                                              originDate = (T.fromGregorian 2022 1 1),
                                              originRate = 0.08, maturityDate = Nothing},
                           bndInterestInfo = L.Fix 0.08 DC_ACT_365F, bndBalance = 3000,
                           bndRate = 0.08, bndDuePrin = 0.0, bndDueInt = 0.0,
                           bndDueIntOverInt = 0.0, bndDueIntDate = Nothing,
                           bndLastIntPay = Just (T.fromGregorian 2022 1 1),
                           bndLastPrinPay = Just (T.fromGregorian 2022 1 1),
                           bndStmt = Nothing}),
                       ("B", 
                        L.Bond
                          {bndName = "B", bndType = L.Equity,
                           bndOriginInfo = L.OriginalInfo
                                             {originBalance = 3000,
                                              originDate = (T.fromGregorian 2022 1 1),
                                              originRate = 0.08, maturityDate = Nothing},
                           bndInterestInfo = L.Fix 0.08 DC_ACT_365F, bndBalance = 500,
                           bndRate = 0.08, bndDuePrin = 0.0, bndDueInt = 0.0,
                           bndDueIntDate = Nothing,
                           bndLastIntPay = Just (T.fromGregorian 2022 1 1),
                           bndLastPrinPay = Just (T.fromGregorian 2022 1 1),
                           bndStmt = Nothing})]),
           pool = D.MultiPool
                    $ Map.fromList
                        $ [(PoolConsol, 
                            P.Pool
                              {assets = [AB.Mortgage ... 4000 0.085 60 Nothing AB.Current, ....],
                               futureCf = Nothing, asOfDate = T.fromGregorian 2022 1 1,
                               issuanceStat = Just
                                                $ Map.fromList [(RuntimeCurrentPoolBalance, 70)]})],
           waterfall = Map.fromList
                         [(DistributionDay Amortizing, 
                           [(W.PayFee Nothing "General" [...] Nothing),
                            (W.PayInt Nothing "General" [...] Nothing), ....])],
           collects = [Collect Nothing CollectedInterest "General",
                       Collect Nothing CollectedPrincipal "General"],
           custom = Nothing,
           liqProvider = Just
                           $ Map.fromList
                               $ [("Liq1", 
                                   CE.LiqFacility
                                     "" (CE.FixSupport 100) 50 (Just 100) Nothing Nothing Nothing
                                     Nothing Nothing Nothing 0 0 (toDate "20220201") Nothing
                                     (Just
                                        (Stmt.Statement
                                           (DL.fromList
                                              [SupportTxn
                                                 (toDate "20220215") (Just 110) 10 40 0 0 Empty,
                                               ....]))))],
           triggers = Just
                        $ Map.fromList
                            $ [(BeginDistributionWF, 
                                Map.fromList
                                  [("revolving trigger", 
                                    Trg.Trigger
                                      {trgCondition = IfDate G (toDate "20220501"),
                                       trgEffects = Trg.DealStatusTo Revolving, trgStatus = False,
                                       trgCurable = False})])],
           ledgers = Nothing,
           stats = (Map.empty, Map.empty, Map.empty, Map.empty)}
      In an equation for ‘td2’:
          td2
            = D.TestDeal
                {name = "test deal1", status = Amortizing, rateSwap = Nothing,
                 currencySwap = Nothing,
                 dates = CurrentDates
                           (toDate "20220101", toDate "20220101") Nothing (toDate "20300101")
                           (toDate "20220201", MonthFirst) (toDate "20220225", MonthFirst),
                 accounts = (Map.fromList
                               [("General", 
                                 (A.Account
                                    {accName = "General", accBalance = 1000.0, accType = Nothing,
                                     accInterest = Nothing, accStmt = Nothing})),
                                ("Reserve", 
                                 (A.Account
                                    {accName = "Reserve", accBalance = 0.0,
                                     accType = Just (A.FixReserve 500), accInterest = Nothing,
                                     accStmt = Nothing}))]),
                 fees = (Map.fromList
                           [("Service-Fee", 
                             F.Fee
                               {feeName = "service-fee", feeType = F.FixFee 10,
                                feeStart = (T.fromGregorian 2022 1 1), feeDue = 100,
                                feeDueDate = Nothing, feeArrears = 0, feeLastPaidDay = Nothing,
                                feeStmt = Nothing})]),
                 bonds = (Map.fromList
                            [("A", 
                              L.Bond
                                {bndName = "A", bndType = L.Sequential,
                                 bndOriginInfo = L.OriginalInfo
                                                   {originBalance = 3000,
                                                    originDate = (T.fromGregorian 2022 1 1),
                                                    originRate = 0.08, maturityDate = Nothing},
                                 bndInterestInfo = L.Fix 0.08 DC_ACT_365F, bndBalance = 3000,
                                 bndRate = 0.08, bndDuePrin = 0.0, bndDueInt = 0.0,
                                 bndDueIntOverInt = 0.0, bndDueIntDate = Nothing,
                                 bndLastIntPay = Just (T.fromGregorian 2022 1 1),
                                 bndLastPrinPay = Just (T.fromGregorian 2022 1 1),
                                 bndStmt = Nothing}),
                             ("B", 
                              L.Bond
                                {bndName = "B", bndType = L.Equity,
                                 bndOriginInfo = L.OriginalInfo
                                                   {originBalance = 3000,
                                                    originDate = (T.fromGregorian 2022 1 1),
                                                    originRate = 0.08, maturityDate = Nothing},
                                 bndInterestInfo = L.Fix 0.08 DC_ACT_365F, bndBalance = 500,
                                 bndRate = 0.08, bndDuePrin = 0.0, bndDueInt = 0.0,
                                 bndDueIntDate = Nothing,
                                 bndLastIntPay = Just (T.fromGregorian 2022 1 1),
                                 bndLastPrinPay = Just (T.fromGregorian 2022 1 1),
                                 bndStmt = Nothing})]),
                 pool = D.MultiPool
                          $ Map.fromList
                              $ [(PoolConsol, 
                                  P.Pool
                                    {assets = [...], futureCf = Nothing,
                                     asOfDate = T.fromGregorian 2022 1 1,
                                     issuanceStat = Just $ Map.fromList [...]})],
                 waterfall = Map.fromList
                               [(DistributionDay Amortizing, 
                                 [(W.PayFee Nothing "General" ... Nothing), ....])],
                 collects = [Collect Nothing CollectedInterest "General",
                             Collect Nothing CollectedPrincipal "General"],
                 custom = Nothing,
                 liqProvider = Just
                                 $ Map.fromList
                                     $ [("Liq1", 
                                         CE.LiqFacility
                                           "" (CE.FixSupport 100) 50 (Just 100) Nothing Nothing
                                           Nothing Nothing Nothing Nothing 0 0 (toDate "20220201")
                                           Nothing (Just (Stmt.Statement (DL.fromList [...]))))],
                 triggers = Just
                              $ Map.fromList $ [(BeginDistributionWF, Map.fromList [...])],
                 ledgers = Nothing,
                 stats = (Map.empty, Map.empty, Map.empty, Map.empty)}
   |
49 | td2 = D.TestDeal {
   |       ^^^^^^^^^^^^...

test/UT/DealTest.hs:72:31: warning: [GHC-20125] [-Wmissing-fields]
    • Fields of ‘L.Bond’ not initialised:
        bndStepUp :: Maybe L.StepUp
    • In the expression:
        L.Bond
          {bndName = "A", bndType = L.Sequential,
           bndOriginInfo = L.OriginalInfo
                             {originBalance = 3000, originDate = (T.fromGregorian 2022 1 1),
                              originRate = 0.08, maturityDate = Nothing},
           bndInterestInfo = L.Fix 0.08 DC_ACT_365F, bndBalance = 3000,
           bndRate = 0.08, bndDuePrin = 0.0, bndDueInt = 0.0,
           bndDueIntOverInt = 0.0, bndDueIntDate = Nothing,
           bndLastIntPay = Just (T.fromGregorian 2022 1 1),
           bndLastPrinPay = Just (T.fromGregorian 2022 1 1),
           bndStmt = Nothing}
      In the expression:
        ("A", 
         L.Bond
           {bndName = "A", bndType = L.Sequential,
            bndOriginInfo = L.OriginalInfo
                              {originBalance = 3000, originDate = (T.fromGregorian 2022 1 1),
                               originRate = 0.08, maturityDate = Nothing},
            bndInterestInfo = L.Fix 0.08 DC_ACT_365F, bndBalance = 3000,
            bndRate = 0.08, bndDuePrin = 0.0, bndDueInt = 0.0,
            bndDueIntOverInt = 0.0, bndDueIntDate = Nothing,
            bndLastIntPay = Just (T.fromGregorian 2022 1 1),
            bndLastPrinPay = Just (T.fromGregorian 2022 1 1),
            bndStmt = Nothing})
      In the first argument of ‘Map.fromList’, namely
        ‘[("A", 
           L.Bond
             {bndName = "A", bndType = L.Sequential,
              bndOriginInfo = L.OriginalInfo
                                {originBalance = 3000, originDate = (T.fromGregorian 2022 1 1),
                                 originRate = 0.08, maturityDate = Nothing},
              bndInterestInfo = L.Fix 0.08 DC_ACT_365F, bndBalance = 3000,
              bndRate = 0.08, bndDuePrin = 0.0, bndDueInt = 0.0,
              bndDueIntOverInt = 0.0, bndDueIntDate = Nothing,
              bndLastIntPay = Just (T.fromGregorian 2022 1 1),
              bndLastPrinPay = Just (T.fromGregorian 2022 1 1),
              bndStmt = Nothing}),
          ("B", 
           L.Bond
             {bndName = "B", bndType = L.Equity,
              bndOriginInfo = L.OriginalInfo
                                {originBalance = 3000, originDate = (T.fromGregorian 2022 1 1),
                                 originRate = 0.08, maturityDate = Nothing},
              bndInterestInfo = L.Fix 0.08 DC_ACT_365F, bndBalance = 500,
              bndRate = 0.08, bndDuePrin = 0.0, bndDueInt = 0.0,
              bndDueIntDate = Nothing,
              bndLastIntPay = Just (T.fromGregorian 2022 1 1),
              bndLastPrinPay = Just (T.fromGregorian 2022 1 1),
              bndStmt = Nothing})]’
   |
72 |                              ,L.Bond{
   |                               ^^^^^^^...

test/UT/DealTest.hs:91:33: warning: [GHC-20125] [-Wmissing-fields]
    • Fields of ‘L.Bond’ not initialised:
        bndStepUp :: Maybe L.StepUp
        bndDueIntOverInt :: Balance
    • In the expression:
        L.Bond
          {bndName = "B", bndType = L.Equity,
           bndOriginInfo = L.OriginalInfo
                             {originBalance = 3000, originDate = (T.fromGregorian 2022 1 1),
                              originRate = 0.08, maturityDate = Nothing},
           bndInterestInfo = L.Fix 0.08 DC_ACT_365F, bndBalance = 500,
           bndRate = 0.08, bndDuePrin = 0.0, bndDueInt = 0.0,
           bndDueIntDate = Nothing,
           bndLastIntPay = Just (T.fromGregorian 2022 1 1),
           bndLastPrinPay = Just (T.fromGregorian 2022 1 1),
           bndStmt = Nothing}
      In the expression:
        ("B", 
         L.Bond
           {bndName = "B", bndType = L.Equity,
            bndOriginInfo = L.OriginalInfo
                              {originBalance = 3000, originDate = (T.fromGregorian 2022 1 1),
                               originRate = 0.08, maturityDate = Nothing},
            bndInterestInfo = L.Fix 0.08 DC_ACT_365F, bndBalance = 500,
            bndRate = 0.08, bndDuePrin = 0.0, bndDueInt = 0.0,
            bndDueIntDate = Nothing,
            bndLastIntPay = Just (T.fromGregorian 2022 1 1),
            bndLastPrinPay = Just (T.fromGregorian 2022 1 1),
            bndStmt = Nothing})
      In the first argument of ‘Map.fromList’, namely
        ‘[("A", 
           L.Bond
             {bndName = "A", bndType = L.Sequential,
              bndOriginInfo = L.OriginalInfo
                                {originBalance = 3000, originDate = (T.fromGregorian 2022 1 1),
                                 originRate = 0.08, maturityDate = Nothing},
              bndInterestInfo = L.Fix 0.08 DC_ACT_365F, bndBalance = 3000,
              bndRate = 0.08, bndDuePrin = 0.0, bndDueInt = 0.0,
              bndDueIntOverInt = 0.0, bndDueIntDate = Nothing,
              bndLastIntPay = Just (T.fromGregorian 2022 1 1),
              bndLastPrinPay = Just (T.fromGregorian 2022 1 1),
              bndStmt = Nothing}),
          ("B", 
           L.Bond
             {bndName = "B", bndType = L.Equity,
              bndOriginInfo = L.OriginalInfo
                                {originBalance = 3000, originDate = (T.fromGregorian 2022 1 1),
                                 originRate = 0.08, maturityDate = Nothing},
              bndInterestInfo = L.Fix 0.08 DC_ACT_365F, bndBalance = 500,
              bndRate = 0.08, bndDuePrin = 0.0, bndDueInt = 0.0,
              bndDueIntDate = Nothing,
              bndLastIntPay = Just (T.fromGregorian 2022 1 1),
              bndLastPrinPay = Just (T.fromGregorian 2022 1 1),
              bndStmt = Nothing})]’
   |
91 |                                ,L.Bond{
   |                                 ^^^^^^^...

test/UT/DealTest.hs:113:23: warning: [GHC-20125] [-Wmissing-fields]
    • Fields of ‘P.Pool’ not initialised:
        futureScheduleCf :: Maybe CF.PoolCashflow
        extendPeriods :: Maybe DatePattern
    • In the expression:
        P.Pool
          {assets = [AB.Mortgage
                       AB.MortgageOriginalInfo
                         {originBalance = 4000, originRate = Fix DC_ACT_365F 0.085,
                          originTerm = 60, period = Monthly,
                          startDate = (T.fromGregorian 2022 1 1), prinType = AB.Level,
                          prepaymentPenalty = Nothing}
                       4000 0.085 60 Nothing AB.Current,
                     AB.Mortgage
                       AB.MortgageOriginalInfo
                         {originBalance = 4000, originRate = Fix DC_ACT_365F 0.085,
                          originTerm = 60, period = Monthly,
                          startDate = (T.fromGregorian 2022 1 1), prinType = AB.Level,
                          prepaymentPenalty = Nothing}
                       200 0.085 60 Nothing (AB.Defaulted Nothing)],
           futureCf = Nothing, asOfDate = T.fromGregorian 2022 1 1,
           issuanceStat = Just
                            $ Map.fromList [(RuntimeCurrentPoolBalance, 70)]}
      In the expression:
        (PoolConsol, 
         P.Pool
           {assets = [AB.Mortgage
                        AB.MortgageOriginalInfo
                          {originBalance = 4000, originRate = Fix DC_ACT_365F 0.085,
                           originTerm = 60, period = Monthly,
                           startDate = (T.fromGregorian 2022 1 1), prinType = AB.Level,
                           prepaymentPenalty = Nothing}
                        4000 0.085 60 Nothing AB.Current,
                      AB.Mortgage
                        AB.MortgageOriginalInfo
                          {originBalance = 4000, originRate = Fix DC_ACT_365F 0.085,
                           originTerm = 60, period = Monthly,
                           startDate = (T.fromGregorian 2022 1 1), prinType = AB.Level,
                           prepaymentPenalty = Nothing}
                        200 0.085 60 Nothing (AB.Defaulted Nothing)],
            futureCf = Nothing, asOfDate = T.fromGregorian 2022 1 1,
            issuanceStat = Just
                             $ Map.fromList [(RuntimeCurrentPoolBalance, 70)]})
      In the second argument of ‘($)’, namely
        ‘[(PoolConsol, 
           P.Pool
             {assets = [AB.Mortgage
                          AB.MortgageOriginalInfo
                            {originBalance = 4000, originRate = Fix DC_ACT_365F 0.085,
                             originTerm = 60, period = Monthly,
                             startDate = (T.fromGregorian 2022 1 1), prinType = AB.Level,
                             prepaymentPenalty = Nothing}
                          4000 0.085 60 Nothing AB.Current,
                        AB.Mortgage
                          AB.MortgageOriginalInfo
                            {originBalance = 4000, originRate = Fix DC_ACT_365F 0.085,
                             originTerm = 60, period = Monthly,
                             startDate = (T.fromGregorian 2022 1 1), prinType = AB.Level,
                             prepaymentPenalty = Nothing}
                          200 0.085 60 Nothing (AB.Defaulted Nothing)],
              futureCf = Nothing, asOfDate = T.fromGregorian 2022 1 1,
              issuanceStat = Just
                               $ Map.fromList [(RuntimeCurrentPoolBalance, 70)]})]’
    |
113 |                       P.Pool {P.assets=[AB.Mortgage
    |                       ^^^^^^^^^^^^^^^^^^^^^^^^^^^^^...

test/UT/DealTest.hs:114:42: warning: [GHC-20125] [-Wmissing-fields]
    • Fields of ‘AB.MortgageOriginalInfo’ not initialised:
        obligor :: Maybe AB.Obligor
    • In the first argument of ‘AB.Mortgage’, namely
        ‘AB.MortgageOriginalInfo
           {originBalance = 4000, originRate = Fix DC_ACT_365F 0.085,
            originTerm = 60, period = Monthly,
            startDate = (T.fromGregorian 2022 1 1), prinType = AB.Level,
            prepaymentPenalty = Nothing}’
      In the expression:
        AB.Mortgage
          AB.MortgageOriginalInfo
            {originBalance = 4000, originRate = Fix DC_ACT_365F 0.085,
             originTerm = 60, period = Monthly,
             startDate = (T.fromGregorian 2022 1 1), prinType = AB.Level,
             prepaymentPenalty = Nothing}
          4000 0.085 60 Nothing AB.Current
      In the ‘assets’ field of a record
    |
114 |                                          AB.MortgageOriginalInfo{
    |                                          ^^^^^^^^^^^^^^^^^^^^^^^^...

test/UT/DealTest.hs:128:36: warning: [GHC-20125] [-Wmissing-fields]
    • Fields of ‘AB.MortgageOriginalInfo’ not initialised:
        obligor :: Maybe AB.Obligor
    • In the first argument of ‘AB.Mortgage’, namely
        ‘AB.MortgageOriginalInfo
           {originBalance = 4000, originRate = Fix DC_ACT_365F 0.085,
            originTerm = 60, period = Monthly,
            startDate = (T.fromGregorian 2022 1 1), prinType = AB.Level,
            prepaymentPenalty = Nothing}’
      In the expression:
        AB.Mortgage
          AB.MortgageOriginalInfo
            {originBalance = 4000, originRate = Fix DC_ACT_365F 0.085,
             originTerm = 60, period = Monthly,
             startDate = (T.fromGregorian 2022 1 1), prinType = AB.Level,
             prepaymentPenalty = Nothing}
          200 0.085 60 Nothing (AB.Defaulted Nothing)
      In the ‘assets’ field of a record
    |
128 |                                    AB.MortgageOriginalInfo{
    |                                    ^^^^^^^^^^^^^^^^^^^^^^^^...

test/UT/DealTest.hs:175:57: warning: [GHC-20125] [-Wmissing-fields]
    • Fields of ‘Trg.Trigger’ not initialised:
        trgStmt :: Maybe Stmt.Statement
    • In the expression:
        Trg.Trigger
          {trgCondition = IfDate G (toDate "20220501"),
           trgEffects = Trg.DealStatusTo Revolving, trgStatus = False,
           trgCurable = False}
      In the expression:
        ("revolving trigger", 
         Trg.Trigger
           {trgCondition = IfDate G (toDate "20220501"),
            trgEffects = Trg.DealStatusTo Revolving, trgStatus = False,
            trgCurable = False})
      In the first argument of ‘Map.fromList’, namely
        ‘[("revolving trigger", 
           Trg.Trigger
             {trgCondition = IfDate G (toDate "20220501"),
              trgEffects = Trg.DealStatusTo Revolving, trgStatus = False,
              trgCurable = False})]’
    |
175 |                     Map.fromList [ ("revolving trigger",Trg.Trigger{Trg.trgCondition = IfDate G (toDate "20220501")
    |                                                         ^^^^^^^^^^^^^^^^^^^^^^^^^^^^^^^^^^^^^^^^^^^^^^^^^^^^^^^^^^^...

test/UT/DealTest.hs:239:23: warning: [GHC-20125] [-Wmissing-fields]
    • Fields of ‘P.Pool’ not initialised:
        futureScheduleCf :: Maybe CF.PoolCashflow
    • In the expression:
        P.Pool
          {assets = [AB.Mortgage
                       AB.MortgageOriginalInfo
                         {originBalance = 4000, originRate = Fix DC_ACT_365F 0.085,
                          originTerm = 60, period = Monthly,
                          startDate = (T.fromGregorian 2022 1 1), prinType = AB.Level,
                          obligor = Nothing, prepaymentPenalty = Nothing}
                       4000 0.085 60 Nothing AB.Current],
           futureCf = Nothing, extendPeriods = Nothing,
           asOfDate = T.fromGregorian 2022 1 1,
           issuanceStat = Just
                            $ Map.fromList
                                [(RuntimeCurrentPoolBalance, 70), (IssuanceBalance, 4000)]}
      In the expression:
        (PoolConsol, 
         P.Pool
           {assets = [AB.Mortgage
                        AB.MortgageOriginalInfo
                          {originBalance = 4000, originRate = Fix DC_ACT_365F 0.085,
                           originTerm = 60, period = Monthly,
                           startDate = (T.fromGregorian 2022 1 1), prinType = AB.Level,
                           obligor = Nothing, prepaymentPenalty = Nothing}
                        4000 0.085 60 Nothing AB.Current],
            futureCf = Nothing, extendPeriods = Nothing,
            asOfDate = T.fromGregorian 2022 1 1,
            issuanceStat = Just
                             $ Map.fromList
                                 [(RuntimeCurrentPoolBalance, 70), (IssuanceBalance, 4000)]})
      In the second argument of ‘($)’, namely
        ‘[(PoolConsol, 
           P.Pool
             {assets = [AB.Mortgage
                          AB.MortgageOriginalInfo
                            {originBalance = 4000, originRate = Fix DC_ACT_365F 0.085,
                             originTerm = 60, period = Monthly,
                             startDate = (T.fromGregorian 2022 1 1), prinType = AB.Level,
                             obligor = Nothing, prepaymentPenalty = Nothing}
                          4000 0.085 60 Nothing AB.Current],
              futureCf = Nothing, extendPeriods = Nothing,
              asOfDate = T.fromGregorian 2022 1 1,
              issuanceStat = Just
                               $ Map.fromList
                                   [(RuntimeCurrentPoolBalance, 70), (IssuanceBalance, 4000)]})]’
    |
239 |                       P.Pool {P.assets=[AB.Mortgage
    |                       ^^^^^^^^^^^^^^^^^^^^^^^^^^^^^...

test/UT/DealTest.hs:317:1: warning: [GHC-94817] [-Wtabs]
    Tab character found here, and in one further location.
    Suggested fix: Please use spaces instead.
    |
317 |                    ,Nothing)
    | ^^^^^^^^

[12 of 21] Compiling UT.AccountTest
[13 of 21] Compiling UT.DealTest2
test/UT/DealTest2.hs:37:6: warning: [GHC-20125] [-Wmissing-fields]
    • Fields of ‘D.TestDeal’ not initialised:
        stats :: (Deal.DealBase.BalDealStatMap, Deal.DealBase.RDealStatMap,
                  Deal.DealBase.BDealStatMap, Deal.DealBase.IDealStatMap)
        rateCap :: Maybe (Map.Map String Hedge.RateCap)
    • In the expression:
        D.TestDeal
          {name = "test deal", status = Amortizing, rateSwap = Nothing,
           currencySwap = Nothing,
           dates = CurrentDates
                     (toDate "20220101", toDate "20220101") Nothing (toDate "20300101")
                     (toDate "20220201", MonthFirst) (toDate "20220225", MonthFirst),
           accounts = Map.fromList
                        [("General", 
                          A.Account
                            {accName = "General", accBalance = 1000.0, accType = Nothing,
                             accInterest = Nothing, accStmt = Nothing})],
           fees = (Map.fromList
                     [("Service-Fee", 
                       F.Fee
                         {feeName = "service-fee", feeType = F.FixFee 10,
                          feeStart = (T.fromGregorian 2022 1 1), feeDue = 100,
                          feeDueDate = Nothing, feeArrears = 0, feeLastPaidDay = Nothing,
                          feeStmt = Nothing})]),
           bonds = (Map.fromList
                      [("A", 
                        L.Bond
                          {bndName = "A", bndType = L.Sequential,
                           bndOriginInfo = L.OriginalInfo
                                             {originBalance = 3000,
                                              originDate = (T.fromGregorian 2022 1 1),
                                              originRate = 0.08, maturityDate = Nothing},
                           bndInterestInfo = L.Fix 0.08 DC_ACT_365F, bndBalance = 3000,
                           bndRate = 0.08, bndDuePrin = 0.0, bndDueInt = 0.0,
                           bndDueIntOverInt = 0.0, bndDueIntDate = Nothing,
                           bndLastIntPay = Just (T.fromGregorian 2022 1 1),
                           bndLastPrinPay = Just (T.fromGregorian 2022 1 1),
                           bndStmt = Nothing}),
                       ("B", 
                        L.Bond
                          {bndName = "B", bndType = L.Equity,
                           bndOriginInfo = L.OriginalInfo
                                             {originBalance = 3000,
                                              originDate = (T.fromGregorian 2022 1 1),
                                              originRate = 0.08, maturityDate = Nothing},
                           bndInterestInfo = L.Fix 0.08 DC_ACT_365F, bndBalance = 500,
                           bndRate = 0.08, bndDuePrin = 0.0, bndDueInt = 0.0,
                           bndDueIntDate = Nothing,
                           bndLastIntPay = Just (T.fromGregorian 2022 1 1),
                           bndLastPrinPay = Just (T.fromGregorian 2022 1 1),
                           bndStmt = Nothing})]),
           pool = D.MultiPool
                    $ Map.fromList
                        [(PoolConsol, 
                          P.Pool
                            {assets = [AB.Mortgage ... 4000 0.085 60 Nothing AB.Current, ....],
                             futureCf = Nothing, asOfDate = T.fromGregorian 2022 1 1,
                             issuanceStat = Nothing})],
           waterfall = Map.fromList
                         [(DistributionDay Amortizing, 
                           [(W.PayFee Nothing "General" [...] Nothing),
                            (W.PayInt Nothing "General" [...] Nothing), ....])],
           collects = [Collect Nothing CollectedCash "General"],
           custom = Nothing, liqProvider = Nothing, triggers = Nothing,
           ledgers = Nothing}
      In an equation for ‘td’:
          td
            = D.TestDeal
                {name = "test deal", status = Amortizing, rateSwap = Nothing,
                 currencySwap = Nothing,
                 dates = CurrentDates
                           (toDate "20220101", toDate "20220101") Nothing (toDate "20300101")
                           (toDate "20220201", MonthFirst) (toDate "20220225", MonthFirst),
                 accounts = Map.fromList
                              [("General", 
                                A.Account
                                  {accName = "General", accBalance = 1000.0, accType = Nothing,
                                   accInterest = Nothing, accStmt = Nothing})],
                 fees = (Map.fromList
                           [("Service-Fee", 
                             F.Fee
                               {feeName = "service-fee", feeType = F.FixFee 10,
                                feeStart = (T.fromGregorian 2022 1 1), feeDue = 100,
                                feeDueDate = Nothing, feeArrears = 0, feeLastPaidDay = Nothing,
                                feeStmt = Nothing})]),
                 bonds = (Map.fromList
                            [("A", 
                              L.Bond
                                {bndName = "A", bndType = L.Sequential,
                                 bndOriginInfo = L.OriginalInfo
                                                   {originBalance = 3000,
                                                    originDate = (T.fromGregorian 2022 1 1),
                                                    originRate = 0.08, maturityDate = Nothing},
                                 bndInterestInfo = L.Fix 0.08 DC_ACT_365F, bndBalance = 3000,
                                 bndRate = 0.08, bndDuePrin = 0.0, bndDueInt = 0.0,
                                 bndDueIntOverInt = 0.0, bndDueIntDate = Nothing,
                                 bndLastIntPay = Just (T.fromGregorian 2022 1 1),
                                 bndLastPrinPay = Just (T.fromGregorian 2022 1 1),
                                 bndStmt = Nothing}),
                             ("B", 
                              L.Bond
                                {bndName = "B", bndType = L.Equity,
                                 bndOriginInfo = L.OriginalInfo
                                                   {originBalance = 3000,
                                                    originDate = (T.fromGregorian 2022 1 1),
                                                    originRate = 0.08, maturityDate = Nothing},
                                 bndInterestInfo = L.Fix 0.08 DC_ACT_365F, bndBalance = 500,
                                 bndRate = 0.08, bndDuePrin = 0.0, bndDueInt = 0.0,
                                 bndDueIntDate = Nothing,
                                 bndLastIntPay = Just (T.fromGregorian 2022 1 1),
                                 bndLastPrinPay = Just (T.fromGregorian 2022 1 1),
                                 bndStmt = Nothing})]),
                 pool = D.MultiPool
                          $ Map.fromList
                              [(PoolConsol, 
                                P.Pool
                                  {assets = [...], futureCf = Nothing,
                                   asOfDate = T.fromGregorian 2022 1 1, issuanceStat = Nothing})],
                 waterfall = Map.fromList
                               [(DistributionDay Amortizing, 
                                 [(W.PayFee Nothing "General" ... Nothing), ....])],
                 collects = [Collect Nothing CollectedCash "General"],
                 custom = Nothing, liqProvider = Nothing, triggers = Nothing,
                 ledgers = Nothing}
   |
37 | td = D.TestDeal {
   |      ^^^^^^^^^^^^...

test/UT/DealTest2.hs:56:31: warning: [GHC-20125] [-Wmissing-fields]
    • Fields of ‘L.Bond’ not initialised:
        bndStepUp :: Maybe L.StepUp
    • In the expression:
        L.Bond
          {bndName = "A", bndType = L.Sequential,
           bndOriginInfo = L.OriginalInfo
                             {originBalance = 3000, originDate = (T.fromGregorian 2022 1 1),
                              originRate = 0.08, maturityDate = Nothing},
           bndInterestInfo = L.Fix 0.08 DC_ACT_365F, bndBalance = 3000,
           bndRate = 0.08, bndDuePrin = 0.0, bndDueInt = 0.0,
           bndDueIntOverInt = 0.0, bndDueIntDate = Nothing,
           bndLastIntPay = Just (T.fromGregorian 2022 1 1),
           bndLastPrinPay = Just (T.fromGregorian 2022 1 1),
           bndStmt = Nothing}
      In the expression:
        ("A", 
         L.Bond
           {bndName = "A", bndType = L.Sequential,
            bndOriginInfo = L.OriginalInfo
                              {originBalance = 3000, originDate = (T.fromGregorian 2022 1 1),
                               originRate = 0.08, maturityDate = Nothing},
            bndInterestInfo = L.Fix 0.08 DC_ACT_365F, bndBalance = 3000,
            bndRate = 0.08, bndDuePrin = 0.0, bndDueInt = 0.0,
            bndDueIntOverInt = 0.0, bndDueIntDate = Nothing,
            bndLastIntPay = Just (T.fromGregorian 2022 1 1),
            bndLastPrinPay = Just (T.fromGregorian 2022 1 1),
            bndStmt = Nothing})
      In the first argument of ‘Map.fromList’, namely
        ‘[("A", 
           L.Bond
             {bndName = "A", bndType = L.Sequential,
              bndOriginInfo = L.OriginalInfo
                                {originBalance = 3000, originDate = (T.fromGregorian 2022 1 1),
                                 originRate = 0.08, maturityDate = Nothing},
              bndInterestInfo = L.Fix 0.08 DC_ACT_365F, bndBalance = 3000,
              bndRate = 0.08, bndDuePrin = 0.0, bndDueInt = 0.0,
              bndDueIntOverInt = 0.0, bndDueIntDate = Nothing,
              bndLastIntPay = Just (T.fromGregorian 2022 1 1),
              bndLastPrinPay = Just (T.fromGregorian 2022 1 1),
              bndStmt = Nothing}),
          ("B", 
           L.Bond
             {bndName = "B", bndType = L.Equity,
              bndOriginInfo = L.OriginalInfo
                                {originBalance = 3000, originDate = (T.fromGregorian 2022 1 1),
                                 originRate = 0.08, maturityDate = Nothing},
              bndInterestInfo = L.Fix 0.08 DC_ACT_365F, bndBalance = 500,
              bndRate = 0.08, bndDuePrin = 0.0, bndDueInt = 0.0,
              bndDueIntDate = Nothing,
              bndLastIntPay = Just (T.fromGregorian 2022 1 1),
              bndLastPrinPay = Just (T.fromGregorian 2022 1 1),
              bndStmt = Nothing})]’
   |
56 |                              ,L.Bond{
   |                               ^^^^^^^...

test/UT/DealTest2.hs:75:33: warning: [GHC-20125] [-Wmissing-fields]
    • Fields of ‘L.Bond’ not initialised:
        bndStepUp :: Maybe L.StepUp
        bndDueIntOverInt :: Balance
    • In the expression:
        L.Bond
          {bndName = "B", bndType = L.Equity,
           bndOriginInfo = L.OriginalInfo
                             {originBalance = 3000, originDate = (T.fromGregorian 2022 1 1),
                              originRate = 0.08, maturityDate = Nothing},
           bndInterestInfo = L.Fix 0.08 DC_ACT_365F, bndBalance = 500,
           bndRate = 0.08, bndDuePrin = 0.0, bndDueInt = 0.0,
           bndDueIntDate = Nothing,
           bndLastIntPay = Just (T.fromGregorian 2022 1 1),
           bndLastPrinPay = Just (T.fromGregorian 2022 1 1),
           bndStmt = Nothing}
      In the expression:
        ("B", 
         L.Bond
           {bndName = "B", bndType = L.Equity,
            bndOriginInfo = L.OriginalInfo
                              {originBalance = 3000, originDate = (T.fromGregorian 2022 1 1),
                               originRate = 0.08, maturityDate = Nothing},
            bndInterestInfo = L.Fix 0.08 DC_ACT_365F, bndBalance = 500,
            bndRate = 0.08, bndDuePrin = 0.0, bndDueInt = 0.0,
            bndDueIntDate = Nothing,
            bndLastIntPay = Just (T.fromGregorian 2022 1 1),
            bndLastPrinPay = Just (T.fromGregorian 2022 1 1),
            bndStmt = Nothing})
      In the first argument of ‘Map.fromList’, namely
        ‘[("A", 
           L.Bond
             {bndName = "A", bndType = L.Sequential,
              bndOriginInfo = L.OriginalInfo
                                {originBalance = 3000, originDate = (T.fromGregorian 2022 1 1),
                                 originRate = 0.08, maturityDate = Nothing},
              bndInterestInfo = L.Fix 0.08 DC_ACT_365F, bndBalance = 3000,
              bndRate = 0.08, bndDuePrin = 0.0, bndDueInt = 0.0,
              bndDueIntOverInt = 0.0, bndDueIntDate = Nothing,
              bndLastIntPay = Just (T.fromGregorian 2022 1 1),
              bndLastPrinPay = Just (T.fromGregorian 2022 1 1),
              bndStmt = Nothing}),
          ("B", 
           L.Bond
             {bndName = "B", bndType = L.Equity,
              bndOriginInfo = L.OriginalInfo
                                {originBalance = 3000, originDate = (T.fromGregorian 2022 1 1),
                                 originRate = 0.08, maturityDate = Nothing},
              bndInterestInfo = L.Fix 0.08 DC_ACT_365F, bndBalance = 500,
              bndRate = 0.08, bndDuePrin = 0.0, bndDueInt = 0.0,
              bndDueIntDate = Nothing,
              bndLastIntPay = Just (T.fromGregorian 2022 1 1),
              bndLastPrinPay = Just (T.fromGregorian 2022 1 1),
              bndStmt = Nothing})]’
   |
75 |                                ,L.Bond{
   |                                 ^^^^^^^...

test/UT/DealTest2.hs:96:23: warning: [GHC-20125] [-Wmissing-fields]
    • Fields of ‘P.Pool’ not initialised:
        futureScheduleCf :: Maybe CF.PoolCashflow
        extendPeriods :: Maybe DatePattern
    • In the expression:
        P.Pool
          {assets = [AB.Mortgage
                       AB.MortgageOriginalInfo
                         {originBalance = 4000, originRate = Fix DC_ACT_365F 0.085,
                          originTerm = 60, period = Monthly,
                          startDate = (T.fromGregorian 2022 1 1), prinType = AB.Level,
                          prepaymentPenalty = Nothing}
                       4000 0.085 60 Nothing AB.Current,
                     AB.Mortgage
                       AB.MortgageOriginalInfo
                         {originBalance = 4000, originRate = Fix DC_ACT_365F 0.085,
                          originTerm = 60, period = Monthly,
                          startDate = (T.fromGregorian 2022 1 1), prinType = AB.Level,
                          prepaymentPenalty = Nothing}
                       200 0.085 60 Nothing (AB.Defaulted Nothing)],
           futureCf = Nothing, asOfDate = T.fromGregorian 2022 1 1,
           issuanceStat = Nothing}
      In the expression:
        (PoolConsol, 
         P.Pool
           {assets = [AB.Mortgage
                        AB.MortgageOriginalInfo
                          {originBalance = 4000, originRate = Fix DC_ACT_365F 0.085,
                           originTerm = 60, period = Monthly,
                           startDate = (T.fromGregorian 2022 1 1), prinType = AB.Level,
                           prepaymentPenalty = Nothing}
                        4000 0.085 60 Nothing AB.Current,
                      AB.Mortgage
                        AB.MortgageOriginalInfo
                          {originBalance = 4000, originRate = Fix DC_ACT_365F 0.085,
                           originTerm = 60, period = Monthly,
                           startDate = (T.fromGregorian 2022 1 1), prinType = AB.Level,
                           prepaymentPenalty = Nothing}
                        200 0.085 60 Nothing (AB.Defaulted Nothing)],
            futureCf = Nothing, asOfDate = T.fromGregorian 2022 1 1,
            issuanceStat = Nothing})
      In the first argument of ‘Map.fromList’, namely
        ‘[(PoolConsol, 
           P.Pool
             {assets = [AB.Mortgage
                          AB.MortgageOriginalInfo
                            {originBalance = 4000, originRate = Fix DC_ACT_365F 0.085,
                             originTerm = 60, period = Monthly,
                             startDate = (T.fromGregorian 2022 1 1), prinType = AB.Level,
                             prepaymentPenalty = Nothing}
                          4000 0.085 60 Nothing AB.Current,
                        AB.Mortgage
                          AB.MortgageOriginalInfo
                            {originBalance = 4000, originRate = Fix DC_ACT_365F 0.085,
                             originTerm = 60, period = Monthly,
                             startDate = (T.fromGregorian 2022 1 1), prinType = AB.Level,
                             prepaymentPenalty = Nothing}
                          200 0.085 60 Nothing (AB.Defaulted Nothing)],
              futureCf = Nothing, asOfDate = T.fromGregorian 2022 1 1,
              issuanceStat = Nothing})]’
   |
96 |                       P.Pool {P.assets=[AB.Mortgage
   |                       ^^^^^^^^^^^^^^^^^^^^^^^^^^^^^...

test/UT/DealTest2.hs:97:42: warning: [GHC-20125] [-Wmissing-fields]
    • Fields of ‘AB.MortgageOriginalInfo’ not initialised:
        obligor :: Maybe AB.Obligor
    • In the first argument of ‘AB.Mortgage’, namely
        ‘AB.MortgageOriginalInfo
           {originBalance = 4000, originRate = Fix DC_ACT_365F 0.085,
            originTerm = 60, period = Monthly,
            startDate = (T.fromGregorian 2022 1 1), prinType = AB.Level,
            prepaymentPenalty = Nothing}’
      In the expression:
        AB.Mortgage
          AB.MortgageOriginalInfo
            {originBalance = 4000, originRate = Fix DC_ACT_365F 0.085,
             originTerm = 60, period = Monthly,
             startDate = (T.fromGregorian 2022 1 1), prinType = AB.Level,
             prepaymentPenalty = Nothing}
          4000 0.085 60 Nothing AB.Current
      In the ‘assets’ field of a record
   |
97 |                                          AB.MortgageOriginalInfo{
   |                                          ^^^^^^^^^^^^^^^^^^^^^^^^...

test/UT/DealTest2.hs:111:36: warning: [GHC-20125] [-Wmissing-fields]
    • Fields of ‘AB.MortgageOriginalInfo’ not initialised:
        obligor :: Maybe AB.Obligor
    • In the first argument of ‘AB.Mortgage’, namely
        ‘AB.MortgageOriginalInfo
           {originBalance = 4000, originRate = Fix DC_ACT_365F 0.085,
            originTerm = 60, period = Monthly,
            startDate = (T.fromGregorian 2022 1 1), prinType = AB.Level,
            prepaymentPenalty = Nothing}’
      In the expression:
        AB.Mortgage
          AB.MortgageOriginalInfo
            {originBalance = 4000, originRate = Fix DC_ACT_365F 0.085,
             originTerm = 60, period = Monthly,
             startDate = (T.fromGregorian 2022 1 1), prinType = AB.Level,
             prepaymentPenalty = Nothing}
          200 0.085 60 Nothing (AB.Defaulted Nothing)
      In the ‘assets’ field of a record
    |
111 |                                    AB.MortgageOriginalInfo{
    |                                    ^^^^^^^^^^^^^^^^^^^^^^^^...

test/UT/DealTest2.hs:155:1: warning: [GHC-94817] [-Wtabs]
    Tab character found here, and in 8 further locations.
    Suggested fix: Please use spaces instead.
    |
155 |                                         ,L.bndStepUp = Nothing
    | ^^^^^^^^

test/UT/DealTest2.hs:185:33: warning: [GHC-20125] [-Wmissing-fields]
    • Fields of ‘L.Bond’ not initialised:
        bndDueIntOverInt :: Balance
    • In the expression:
        L.Bond
          {bndName = "B", bndType = L.Equity, bndStepUp = Nothing,
           bndOriginInfo = L.OriginalInfo
                             {originBalance = 3000, originDate = (T.fromGregorian 2022 1 1),
                              originRate = 0.08, maturityDate = Nothing},
           bndInterestInfo = L.Fix 0.08 DC_ACT_365F, bndBalance = 500,
           bndRate = 0.08, bndDuePrin = 0.0, bndDueInt = 0.0,
           bndDueIntDate = Nothing,
           bndLastIntPay = Just (T.fromGregorian 2022 1 1),
           bndLastPrinPay = Just (T.fromGregorian 2022 1 1),
           bndStmt = Nothing}
      In the expression:
        ("B", 
         L.Bond
           {bndName = "B", bndType = L.Equity, bndStepUp = Nothing,
            bndOriginInfo = L.OriginalInfo
                              {originBalance = 3000, originDate = (T.fromGregorian 2022 1 1),
                               originRate = 0.08, maturityDate = Nothing},
            bndInterestInfo = L.Fix 0.08 DC_ACT_365F, bndBalance = 500,
            bndRate = 0.08, bndDuePrin = 0.0, bndDueInt = 0.0,
            bndDueIntDate = Nothing,
            bndLastIntPay = Just (T.fromGregorian 2022 1 1),
            bndLastPrinPay = Just (T.fromGregorian 2022 1 1),
            bndStmt = Nothing})
      In the first argument of ‘Map.fromList’, namely
        ‘[("A", 
           L.BondGroup
             (Map.fromList
                [("A-1", 
                  L.Bond
                    {bndName = "A-1", bndType = L.Sequential,
                     bndOriginInfo = L.OriginalInfo
                                       {originBalance = 3000,
                                        originDate = (T.fromGregorian 2022 1 1), originRate = 0.08,
                                        maturityDate = Nothing},
                     bndInterestInfo = L.Fix 0.08 DC_ACT_365F, bndBalance = 1500,
                     bndRate = 0.08, bndStepUp = Nothing, bndDuePrin = 0.0,
                     bndDueInt = 0.0, bndDueIntOverInt = 0.0, bndDueIntDate = Nothing,
                     bndLastIntPay = Just (T.fromGregorian 2022 1 1),
                     bndLastPrinPay = Just (T.fromGregorian 2022 1 1),
                     bndStmt = Nothing}),
                 ("A-2", 
                  L.Bond
                    {bndName = "A-2", bndType = L.Sequential,
                     bndOriginInfo = L.OriginalInfo
                                       {originBalance = 2000,
                                        originDate = (T.fromGregorian 2022 1 1), originRate = 0.08,
                                        maturityDate = Nothing},
                     bndInterestInfo = L.Fix 0.08 DC_ACT_365F, bndBalance = 1000,
                     bndRate = 0.08, bndDuePrin = 0.0, bndDueInt = 0.0,
                     bndStepUp = Nothing, bndDueIntOverInt = 0.0,
                     bndDueIntDate = Nothing,
                     bndLastIntPay = Just (T.fromGregorian 2022 1 1),
                     bndLastPrinPay = Just (T.fromGregorian 2022 1 1),
                     bndStmt = Nothing})])
             Nothing),
          ("B", 
           L.Bond
             {bndName = "B", bndType = L.Equity, bndStepUp = Nothing,
              bndOriginInfo = L.OriginalInfo
                                {originBalance = 3000, originDate = (T.fromGregorian 2022 1 1),
                                 originRate = 0.08, maturityDate = Nothing},
              bndInterestInfo = L.Fix 0.08 DC_ACT_365F, bndBalance = 500,
              bndRate = 0.08, bndDuePrin = 0.0, bndDueInt = 0.0,
              bndDueIntDate = Nothing,
              bndLastIntPay = Just (T.fromGregorian 2022 1 1),
              bndLastPrinPay = Just (T.fromGregorian 2022 1 1),
              bndStmt = Nothing})]’
    |
185 |                                ,L.Bond{
    |                                 ^^^^^^^...

[14 of 21] Compiling UT.ExpTest
[15 of 21] Compiling UT.InterestRateTest
[16 of 21] Compiling UT.LibTest
[17 of 21] Compiling UT.QueryTest
[18 of 21] Compiling UT.RateHedgeTest
[19 of 21] Compiling UT.StmtTest
[20 of 21] Compiling UT.UtilTest
test/UT/UtilTest.hs:456:14: warning: [GHC-63394] [-Wx-partial]
    In the use of ‘tail’
    (imported from Prelude, but defined in GHC.Internal.List):
    "This is a partial function, it throws an error on empty lists. Replace it with 'drop' 1, or use pattern matching or 'GHC.Internal.Data.List.uncons' instead. Consider refactoring to use "Data.List.NonEmpty"."
    |
456 |             (tail ds)
    |              ^^^^

[21 of 21] Compiling Main
[22 of 22] Linking /tmp/workdir-Hastructure/Hastructure-0.50.4/dist-newstyle/build/x86_64-linux/ghc-9.10.2/Hastructure-0.50.4/t/Hastructure-test/build/Hastructure-test/Hastructure-test
Configuring executable 'Hastructure-exe' for Hastructure-0.50.4...
Preprocessing executable 'Hastructure-exe' for Hastructure-0.50.4...
Building executable 'Hastructure-exe' for Hastructure-0.50.4...
[1 of 3] Compiling MainBase
[2 of 3] Compiling Main
app/Main.hs:148:86: warning: [GHC-20125] [-Wmissing-fields]
    • Fields of ‘AP.NonPerfAssumption’ not initialised:
        stopRunBy :: Maybe AP.StopBy
        projectedExpense :: Maybe [(FeeName, Ts)]
        callWhen :: Maybe [AP.CallOpt]
        revolving :: Maybe AP.RevolvingAssumption
        inspectOn :: Maybe [AP.InspectType]
        buildFinancialReport :: Maybe DatePattern
        pricing :: Maybe AP.BondPricingInput
        fireTrigger :: Maybe [(Date, DealCycle, String)]
        makeWholeWhen :: Maybe (Date, Spread, Table Float Spread)
        issueBondSchedule :: Maybe [TsPoint AP.IssueBondEvent]
        refinance :: Maybe [TsPoint AP.RefiEvent]
    • In the first argument of ‘Just’, namely
        ‘(AP.NonPerfAssumption {interest = mRates})’
      In the second argument of ‘($)’, namely
        ‘Just (AP.NonPerfAssumption {interest = mRates})’
      In the expression:
        D.runPoolType flag pt assump
          $ Just (AP.NonPerfAssumption {interest = mRates})
    |
148 | wrapRunPoolType flag (MPool pt) assump mRates = D.runPoolType flag pt assump $ Just (AP.NonPerfAssumption{AP.interest = mRates})
    |                                                                                      ^^^^^^^^^^^^^^^^^^^^^^^^^^^^^^^^^^^^^^^^^^

app/Main.hs:149:86: warning: [GHC-20125] [-Wmissing-fields]
    • Fields of ‘AP.NonPerfAssumption’ not initialised:
        stopRunBy :: Maybe AP.StopBy
        projectedExpense :: Maybe [(FeeName, Ts)]
        callWhen :: Maybe [AP.CallOpt]
        revolving :: Maybe AP.RevolvingAssumption
        inspectOn :: Maybe [AP.InspectType]
        buildFinancialReport :: Maybe DatePattern
        pricing :: Maybe AP.BondPricingInput
        fireTrigger :: Maybe [(Date, DealCycle, String)]
        makeWholeWhen :: Maybe (Date, Spread, Table Float Spread)
        issueBondSchedule :: Maybe [TsPoint AP.IssueBondEvent]
        refinance :: Maybe [TsPoint AP.RefiEvent]
    • In the first argument of ‘Just’, namely
        ‘(AP.NonPerfAssumption {interest = mRates})’
      In the second argument of ‘($)’, namely
        ‘Just (AP.NonPerfAssumption {interest = mRates})’
      In the expression:
        D.runPoolType flag pt assump
          $ Just (AP.NonPerfAssumption {interest = mRates})
    |
149 | wrapRunPoolType flag (LPool pt) assump mRates = D.runPoolType flag pt assump $ Just (AP.NonPerfAssumption{AP.interest = mRates})
    |                                                                                      ^^^^^^^^^^^^^^^^^^^^^^^^^^^^^^^^^^^^^^^^^^

app/Main.hs:150:86: warning: [GHC-20125] [-Wmissing-fields]
    • Fields of ‘AP.NonPerfAssumption’ not initialised:
        stopRunBy :: Maybe AP.StopBy
        projectedExpense :: Maybe [(FeeName, Ts)]
        callWhen :: Maybe [AP.CallOpt]
        revolving :: Maybe AP.RevolvingAssumption
        inspectOn :: Maybe [AP.InspectType]
        buildFinancialReport :: Maybe DatePattern
        pricing :: Maybe AP.BondPricingInput
        fireTrigger :: Maybe [(Date, DealCycle, String)]
        makeWholeWhen :: Maybe (Date, Spread, Table Float Spread)
        issueBondSchedule :: Maybe [TsPoint AP.IssueBondEvent]
        refinance :: Maybe [TsPoint AP.RefiEvent]
    • In the first argument of ‘Just’, namely
        ‘(AP.NonPerfAssumption {interest = mRates})’
      In the second argument of ‘($)’, namely
        ‘Just (AP.NonPerfAssumption {interest = mRates})’
      In the expression:
        D.runPoolType flag pt assump
          $ Just (AP.NonPerfAssumption {interest = mRates})
    |
150 | wrapRunPoolType flag (IPool pt) assump mRates = D.runPoolType flag pt assump $ Just (AP.NonPerfAssumption{AP.interest = mRates})
    |                                                                                      ^^^^^^^^^^^^^^^^^^^^^^^^^^^^^^^^^^^^^^^^^^

app/Main.hs:151:86: warning: [GHC-20125] [-Wmissing-fields]
    • Fields of ‘AP.NonPerfAssumption’ not initialised:
        stopRunBy :: Maybe AP.StopBy
        projectedExpense :: Maybe [(FeeName, Ts)]
        callWhen :: Maybe [AP.CallOpt]
        revolving :: Maybe AP.RevolvingAssumption
        inspectOn :: Maybe [AP.InspectType]
        buildFinancialReport :: Maybe DatePattern
        pricing :: Maybe AP.BondPricingInput
        fireTrigger :: Maybe [(Date, DealCycle, String)]
        makeWholeWhen :: Maybe (Date, Spread, Table Float Spread)
        issueBondSchedule :: Maybe [TsPoint AP.IssueBondEvent]
        refinance :: Maybe [TsPoint AP.RefiEvent]
    • In the first argument of ‘Just’, namely
        ‘(AP.NonPerfAssumption {interest = mRates})’
      In the second argument of ‘($)’, namely
        ‘Just (AP.NonPerfAssumption {interest = mRates})’
      In the expression:
        D.runPoolType flag pt assump
          $ Just (AP.NonPerfAssumption {interest = mRates})
    |
151 | wrapRunPoolType flag (RPool pt) assump mRates = D.runPoolType flag pt assump $ Just (AP.NonPerfAssumption{AP.interest = mRates})
    |                                                                                      ^^^^^^^^^^^^^^^^^^^^^^^^^^^^^^^^^^^^^^^^^^

app/Main.hs:152:86: warning: [GHC-20125] [-Wmissing-fields]
    • Fields of ‘AP.NonPerfAssumption’ not initialised:
        stopRunBy :: Maybe AP.StopBy
        projectedExpense :: Maybe [(FeeName, Ts)]
        callWhen :: Maybe [AP.CallOpt]
        revolving :: Maybe AP.RevolvingAssumption
        inspectOn :: Maybe [AP.InspectType]
        buildFinancialReport :: Maybe DatePattern
        pricing :: Maybe AP.BondPricingInput
        fireTrigger :: Maybe [(Date, DealCycle, String)]
        makeWholeWhen :: Maybe (Date, Spread, Table Float Spread)
        issueBondSchedule :: Maybe [TsPoint AP.IssueBondEvent]
        refinance :: Maybe [TsPoint AP.RefiEvent]
    • In the first argument of ‘Just’, namely
        ‘(AP.NonPerfAssumption {interest = mRates})’
      In the second argument of ‘($)’, namely
        ‘Just (AP.NonPerfAssumption {interest = mRates})’
      In the expression:
        D.runPoolType flag pt assump
          $ Just (AP.NonPerfAssumption {interest = mRates})
    |
152 | wrapRunPoolType flag (FPool pt) assump mRates = D.runPoolType flag pt assump $ Just (AP.NonPerfAssumption{AP.interest = mRates})
    |                                                                                      ^^^^^^^^^^^^^^^^^^^^^^^^^^^^^^^^^^^^^^^^^^

app/Main.hs:153:86: warning: [GHC-20125] [-Wmissing-fields]
    • Fields of ‘AP.NonPerfAssumption’ not initialised:
        stopRunBy :: Maybe AP.StopBy
        projectedExpense :: Maybe [(FeeName, Ts)]
        callWhen :: Maybe [AP.CallOpt]
        revolving :: Maybe AP.RevolvingAssumption
        inspectOn :: Maybe [AP.InspectType]
        buildFinancialReport :: Maybe DatePattern
        pricing :: Maybe AP.BondPricingInput
        fireTrigger :: Maybe [(Date, DealCycle, String)]
        makeWholeWhen :: Maybe (Date, Spread, Table Float Spread)
        issueBondSchedule :: Maybe [TsPoint AP.IssueBondEvent]
        refinance :: Maybe [TsPoint AP.RefiEvent]
    • In the first argument of ‘Just’, namely
        ‘(AP.NonPerfAssumption {interest = mRates})’
      In the second argument of ‘($)’, namely
        ‘Just (AP.NonPerfAssumption {interest = mRates})’
      In the expression:
        D.runPoolType flag pt assump
          $ Just (AP.NonPerfAssumption {interest = mRates})
    |
153 | wrapRunPoolType flag (VPool pt) assump mRates = D.runPoolType flag pt assump $ Just (AP.NonPerfAssumption{AP.interest = mRates})
    |                                                                                      ^^^^^^^^^^^^^^^^^^^^^^^^^^^^^^^^^^^^^^^^^^

app/Main.hs:154:86: warning: [GHC-20125] [-Wmissing-fields]
    • Fields of ‘AP.NonPerfAssumption’ not initialised:
        stopRunBy :: Maybe AP.StopBy
        projectedExpense :: Maybe [(FeeName, Ts)]
        callWhen :: Maybe [AP.CallOpt]
        revolving :: Maybe AP.RevolvingAssumption
        inspectOn :: Maybe [AP.InspectType]
        buildFinancialReport :: Maybe DatePattern
        pricing :: Maybe AP.BondPricingInput
        fireTrigger :: Maybe [(Date, DealCycle, String)]
        makeWholeWhen :: Maybe (Date, Spread, Table Float Spread)
        issueBondSchedule :: Maybe [TsPoint AP.IssueBondEvent]
        refinance :: Maybe [TsPoint AP.RefiEvent]
    • In the first argument of ‘Just’, namely
        ‘(AP.NonPerfAssumption {interest = mRates})’
      In the second argument of ‘($)’, namely
        ‘Just (AP.NonPerfAssumption {interest = mRates})’
      In the expression:
        D.runPoolType flag pt assump
          $ Just (AP.NonPerfAssumption {interest = mRates})
    |
154 | wrapRunPoolType flag (PPool pt) assump mRates = D.runPoolType flag pt assump $ Just (AP.NonPerfAssumption{AP.interest = mRates})
    |                                                                                      ^^^^^^^^^^^^^^^^^^^^^^^^^^^^^^^^^^^^^^^^^^

app/Main.hs:155:86: warning: [GHC-20125] [-Wmissing-fields]
    • Fields of ‘AP.NonPerfAssumption’ not initialised:
        stopRunBy :: Maybe AP.StopBy
        projectedExpense :: Maybe [(FeeName, Ts)]
        callWhen :: Maybe [AP.CallOpt]
        revolving :: Maybe AP.RevolvingAssumption
        inspectOn :: Maybe [AP.InspectType]
        buildFinancialReport :: Maybe DatePattern
        pricing :: Maybe AP.BondPricingInput
        fireTrigger :: Maybe [(Date, DealCycle, String)]
        makeWholeWhen :: Maybe (Date, Spread, Table Float Spread)
        issueBondSchedule :: Maybe [TsPoint AP.IssueBondEvent]
        refinance :: Maybe [TsPoint AP.RefiEvent]
    • In the first argument of ‘Just’, namely
        ‘(AP.NonPerfAssumption {interest = mRates})’
      In the second argument of ‘($)’, namely
        ‘Just (AP.NonPerfAssumption {interest = mRates})’
      In the expression:
        D.runPoolType flag pt assump
          $ Just (AP.NonPerfAssumption {interest = mRates})
    |
155 | wrapRunPoolType flag (UPool pt) assump mRates = D.runPoolType flag pt assump $ Just (AP.NonPerfAssumption{AP.interest = mRates})
    |                                                                                      ^^^^^^^^^^^^^^^^^^^^^^^^^^^^^^^^^^^^^^^^^^

[3 of 3] Compiling Paths_Hastructure
[4 of 4] Linking /tmp/workdir-Hastructure/Hastructure-0.50.4/dist-newstyle/build/x86_64-linux/ghc-9.10.2/Hastructure-0.50.4/x/Hastructure-exe/build/Hastructure-exe/Hastructure-exe
