Resolving dependencies...
Build profile: -w ghc-9.10.2 -O1
In order, the following will be built (use -v for more details):
 - persistent-qq-2.12.0.7 (lib) (first run)
 - persistent-qq-2.12.0.7 (test:specs) (first run)
Configuring library for persistent-qq-2.12.0.7...
Preprocessing library for persistent-qq-2.12.0.7...
Building library for persistent-qq-2.12.0.7...
[1 of 2] Compiling Database.Persist.Sql.Raw.QQ
[2 of 2] Compiling Paths_persistent_qq
Configuring test suite 'specs' for persistent-qq-2.12.0.7...
Preprocessing test suite 'specs' for persistent-qq-2.12.0.7...
Building test suite 'specs' for persistent-qq-2.12.0.7...
[1 of 5] Compiling PersistTestPetCollarType
[2 of 5] Compiling PersistTestPetType
[3 of 5] Compiling PersistentTestModels
test/PersistentTestModels.hs:(34,23)-(113,2): Splicing expression
    Language.Haskell.TH.Quote.quoteExp
      persistUpperCase
      "\n\
      \\n\
      \-- Dedented comment\n\
      \  -- Header-level comment\n\
      \    -- Indented comment\n\
      \  Person json\n\
      \    name Text\n\
      \    age Int some=\"ignored -- \\\" attribute\"\n\
      \    color Text Maybe -- this is a comment sql=foobarbaz\n\
      \    PersonNameKey name -- this is a comment sql=foobarbaz\n\
      \    deriving Show Eq\n\
      \  Person1\n\
      \-- Dedented comment\n\
      \  -- Header-level comment\n\
      \    -- Indented comment\n\
      \    name Text\n\
      \    age Int\n\
      \    deriving Show Eq\n\
      \  PersonMaybeAge\n\
      \    name Text\n\
      \    age Int Maybe\n\
      \  PersonMay json\n\
      \    name Text Maybe\n\
      \    color Text Maybe\n\
      \    deriving Show Eq\n\
      \  Pet\n\
      \    ownerId PersonId\n\
      \    name Text\n\
      \    -- deriving Show Eq\n\
      \-- Dedented comment\n\
      \  -- Header-level comment\n\
      \    -- Indented comment\n\
      \    type PetType\n\
      \  MaybeOwnedPet\n\
      \    ownerId PersonId Maybe\n\
      \    name Text\n\
      \    type PetType\n\
      \-- Dedented comment\n\
      \  -- Header-level comment\n\
      \    -- Indented comment\n\
      \  NeedsPet\n\
      \    petKey PetId\n\
      \  OutdoorPet\n\
      \    ownerId PersonId\n\
      \    collar PetCollar\n\
      \    type PetType\n\
      \\n\
      \  -- From the scaffold\n\
      \  UserPT\n\
      \    ident Text\n\
      \    password Text Maybe\n\
      \    UniqueUserPT ident\n\
      \  EmailPT\n\
      \    email Text\n\
      \    user UserPTId Maybe\n\
      \    verkey Text Maybe\n\
      \    UniqueEmailPT email\n\
      \\n\
      \  Upsert\n\
      \    email Text\n\
      \    attr Text\n\
      \    extra Text\n\
      \    age Int\n\
      \    UniqueUpsert email\n\
      \    deriving Eq Show\n\
      \\n\
      \  UpsertBy\n\
      \    email Text\n\
      \    city Text\n\
      \    attr Text\n\
      \    UniqueUpsertBy email\n\
      \    UniqueUpsertByCity city\n\
      \    deriving Eq Show\n\
      \\n\
      \  Strict\n\
      \    !yes Int\n\
      \    ~no Int\n\
      \    def Int\n\
      \\n"
  ======>
    [Database.Persist.Quasi.Internal.UnboundEntityDef
       []
       (Database.Persist.Quasi.Internal.DefaultKey
          (FieldNameDB
             (Data.Text.unpackCStringLen# "id"# (ghc-prim:GHC.Types.I# 2#))))
       (persistent-2.17.1.0-c22d16c4b9cbf19fd9770839449a580b26760e764f59489ca2b0b6000691b229:Database.Persist.Types.Base.EntityDef
          (EntityNameHS
             (Data.Text.unpackCStringLen# "Person"# (ghc-prim:GHC.Types.I# 6#)))
          (EntityNameDB
             (Data.Text.unpackCStringLen# "Person"# (ghc-prim:GHC.Types.I# 6#)))
          (EntityIdField
             (FieldDef
                (FieldNameHS
                   (Data.Text.unpackCStringLen# "Id"# (ghc-prim:GHC.Types.I# 2#)))
                (FieldNameDB
                   (Data.Text.unpackCStringLen# "id"# (ghc-prim:GHC.Types.I# 2#)))
                (FTTypeCon
                   Nothing
                   (Data.Text.unpackCStringLen#
                      "PersonId"# (ghc-prim:GHC.Types.I# 8#)))
                SqlInt64 [] True NoReference (FieldCascade Nothing Nothing) Nothing
                Nothing True))
          [Data.Text.unpackCStringLen# "json"# (ghc-prim:GHC.Types.I# 4#)] []
          [UniqueDef
             (ConstraintNameHS
                (Data.Text.unpackCStringLen#
                   "PersonNameKey"# (ghc-prim:GHC.Types.I# 13#)))
             (ConstraintNameDB
                (Data.Text.unpackCStringLen#
                   "PersonNameKey"# (ghc-prim:GHC.Types.I# 13#)))
             ((FieldNameHS
                 (Data.Text.unpackCStringLen# "name"# (ghc-prim:GHC.Types.I# 4#)), 
               FieldNameDB
                 (Data.Text.unpackCStringLen# "name"# (ghc-prim:GHC.Types.I# 4#)))
                NEL.:| [])
             []]
          []
          [Data.Text.unpackCStringLen# "Show"# (ghc-prim:GHC.Types.I# 4#),
           Data.Text.unpackCStringLen# "Eq"# (ghc-prim:GHC.Types.I# 2#)]
          containers-0.7-inplace:Data.Map.Internal.Tip False Nothing
          (Just
             (Database.Persist.Types.SourceSpan.SourceSpan
                (Data.Text.unpackCStringLen#
                   "test/PersistentTestModels.hs"# (ghc-prim:GHC.Types.I# 28#))
                40 26 45 5)))
       [Database.Persist.Quasi.Internal.UnboundFieldDef
          (FieldNameHS
             (Data.Text.unpackCStringLen# "name"# (ghc-prim:GHC.Types.I# 4#)))
          (FieldNameDB
             (Data.Text.unpackCStringLen# "name"# (ghc-prim:GHC.Types.I# 4#)))
          [] True
          (FTTypeCon
             Nothing
             (Data.Text.unpackCStringLen# "Text"# (ghc-prim:GHC.Types.I# 4#)))
          (FieldCascade Nothing Nothing) Nothing Nothing,
        Database.Persist.Quasi.Internal.UnboundFieldDef
          (FieldNameHS
             (Data.Text.unpackCStringLen# "age"# (ghc-prim:GHC.Types.I# 3#)))
          (FieldNameDB
             (Data.Text.unpackCStringLen# "age"# (ghc-prim:GHC.Types.I# 3#)))
          [FieldAttrOther
             (Data.Text.unpackCStringLen#
                "some=ignored -- \" attribute"# (ghc-prim:GHC.Types.I# 27#))]
          True
          (FTTypeCon
             Nothing
             (Data.Text.unpackCStringLen# "Int"# (ghc-prim:GHC.Types.I# 3#)))
          (FieldCascade Nothing Nothing) Nothing Nothing,
        Database.Persist.Quasi.Internal.UnboundFieldDef
          (FieldNameHS
             (Data.Text.unpackCStringLen# "color"# (ghc-prim:GHC.Types.I# 5#)))
          (FieldNameDB
             (Data.Text.unpackCStringLen# "color"# (ghc-prim:GHC.Types.I# 5#)))
          [FieldAttrMaybe] True
          (FTTypeCon
             Nothing
             (Data.Text.unpackCStringLen# "Text"# (ghc-prim:GHC.Types.I# 4#)))
          (FieldCascade Nothing Nothing) Nothing Nothing]
       (Just
          (Database.Persist.Types.SourceSpan.SourceSpan
             (Data.Text.unpackCStringLen#
                "test/PersistentTestModels.hs"# (ghc-prim:GHC.Types.I# 28#))
             40 26 45 5)),
     Database.Persist.Quasi.Internal.UnboundEntityDef
       []
       (Database.Persist.Quasi.Internal.DefaultKey
          (FieldNameDB
             (Data.Text.unpackCStringLen# "id"# (ghc-prim:GHC.Types.I# 2#))))
       (persistent-2.17.1.0-c22d16c4b9cbf19fd9770839449a580b26760e764f59489ca2b0b6000691b229:Database.Persist.Types.Base.EntityDef
          (EntityNameHS
             (Data.Text.unpackCStringLen#
                "Person1"# (ghc-prim:GHC.Types.I# 7#)))
          (EntityNameDB
             (Data.Text.unpackCStringLen#
                "Person1"# (ghc-prim:GHC.Types.I# 7#)))
          (EntityIdField
             (FieldDef
                (FieldNameHS
                   (Data.Text.unpackCStringLen# "Id"# (ghc-prim:GHC.Types.I# 2#)))
                (FieldNameDB
                   (Data.Text.unpackCStringLen# "id"# (ghc-prim:GHC.Types.I# 2#)))
                (FTTypeCon
                   Nothing
                   (Data.Text.unpackCStringLen#
                      "Person1Id"# (ghc-prim:GHC.Types.I# 9#)))
                SqlInt64 [] True NoReference (FieldCascade Nothing Nothing) Nothing
                Nothing True))
          [] [] [] []
          [Data.Text.unpackCStringLen# "Show"# (ghc-prim:GHC.Types.I# 4#),
           Data.Text.unpackCStringLen# "Eq"# (ghc-prim:GHC.Types.I# 2#)]
          containers-0.7-inplace:Data.Map.Internal.Tip False Nothing
          (Just
             (Database.Persist.Types.SourceSpan.SourceSpan
                (Data.Text.unpackCStringLen#
                   "test/PersistentTestModels.hs"# (ghc-prim:GHC.Types.I# 28#))
                46 26 52 5)))
       [Database.Persist.Quasi.Internal.UnboundFieldDef
          (FieldNameHS
             (Data.Text.unpackCStringLen# "name"# (ghc-prim:GHC.Types.I# 4#)))
          (FieldNameDB
             (Data.Text.unpackCStringLen# "name"# (ghc-prim:GHC.Types.I# 4#)))
          [] True
          (FTTypeCon
             Nothing
             (Data.Text.unpackCStringLen# "Text"# (ghc-prim:GHC.Types.I# 4#)))
          (FieldCascade Nothing Nothing) Nothing Nothing,
        Database.Persist.Quasi.Internal.UnboundFieldDef
          (FieldNameHS
             (Data.Text.unpackCStringLen# "age"# (ghc-prim:GHC.Types.I# 3#)))
          (FieldNameDB
             (Data.Text.unpackCStringLen# "age"# (ghc-prim:GHC.Types.I# 3#)))
          [] True
          (FTTypeCon
             Nothing
             (Data.Text.unpackCStringLen# "Int"# (ghc-prim:GHC.Types.I# 3#)))
          (FieldCascade Nothing Nothing) Nothing Nothing]
       (Just
          (Database.Persist.Types.SourceSpan.SourceSpan
             (Data.Text.unpackCStringLen#
                "test/PersistentTestModels.hs"# (ghc-prim:GHC.Types.I# 28#))
             46 26 52 5)),
     Database.Persist.Quasi.Internal.UnboundEntityDef
       []
       (Database.Persist.Quasi.Internal.DefaultKey
          (FieldNameDB
             (Data.Text.unpackCStringLen# "id"# (ghc-prim:GHC.Types.I# 2#))))
       (persistent-2.17.1.0-c22d16c4b9cbf19fd9770839449a580b26760e764f59489ca2b0b6000691b229:Database.Persist.Types.Base.EntityDef
          (EntityNameHS
             (Data.Text.unpackCStringLen#
                "PersonMaybeAge"# (ghc-prim:GHC.Types.I# 14#)))
          (EntityNameDB
             (Data.Text.unpackCStringLen#
                "PersonMaybeAge"# (ghc-prim:GHC.Types.I# 14#)))
          (EntityIdField
             (FieldDef
                (FieldNameHS
                   (Data.Text.unpackCStringLen# "Id"# (ghc-prim:GHC.Types.I# 2#)))
                (FieldNameDB
                   (Data.Text.unpackCStringLen# "id"# (ghc-prim:GHC.Types.I# 2#)))
                (FTTypeCon
                   Nothing
                   (Data.Text.unpackCStringLen#
                      "PersonMaybeAgeId"# (ghc-prim:GHC.Types.I# 16#)))
                SqlInt64 [] True NoReference (FieldCascade Nothing Nothing) Nothing
                Nothing True))
          [] [] [] [] [] containers-0.7-inplace:Data.Map.Internal.Tip False
          Nothing
          (Just
             (Database.Persist.Types.SourceSpan.SourceSpan
                (Data.Text.unpackCStringLen#
                   "test/PersistentTestModels.hs"# (ghc-prim:GHC.Types.I# 28#))
                53 26 55 5)))
       [Database.Persist.Quasi.Internal.UnboundFieldDef
          (FieldNameHS
             (Data.Text.unpackCStringLen# "name"# (ghc-prim:GHC.Types.I# 4#)))
          (FieldNameDB
             (Data.Text.unpackCStringLen# "name"# (ghc-prim:GHC.Types.I# 4#)))
          [] True
          (FTTypeCon
             Nothing
             (Data.Text.unpackCStringLen# "Text"# (ghc-prim:GHC.Types.I# 4#)))
          (FieldCascade Nothing Nothing) Nothing Nothing,
        Database.Persist.Quasi.Internal.UnboundFieldDef
          (FieldNameHS
             (Data.Text.unpackCStringLen# "age"# (ghc-prim:GHC.Types.I# 3#)))
          (FieldNameDB
             (Data.Text.unpackCStringLen# "age"# (ghc-prim:GHC.Types.I# 3#)))
          [FieldAttrMaybe] True
          (FTTypeCon
             Nothing
             (Data.Text.unpackCStringLen# "Int"# (ghc-prim:GHC.Types.I# 3#)))
          (FieldCascade Nothing Nothing) Nothing Nothing]
       (Just
          (Database.Persist.Types.SourceSpan.SourceSpan
             (Data.Text.unpackCStringLen#
                "test/PersistentTestModels.hs"# (ghc-prim:GHC.Types.I# 28#))
             53 26 55 5)),
     Database.Persist.Quasi.Internal.UnboundEntityDef
       []
       (Database.Persist.Quasi.Internal.DefaultKey
          (FieldNameDB
             (Data.Text.unpackCStringLen# "id"# (ghc-prim:GHC.Types.I# 2#))))
       (persistent-2.17.1.0-c22d16c4b9cbf19fd9770839449a580b26760e764f59489ca2b0b6000691b229:Database.Persist.Types.Base.EntityDef
          (EntityNameHS
             (Data.Text.unpackCStringLen#
                "PersonMay"# (ghc-prim:GHC.Types.I# 9#)))
          (EntityNameDB
             (Data.Text.unpackCStringLen#
                "PersonMay"# (ghc-prim:GHC.Types.I# 9#)))
          (EntityIdField
             (FieldDef
                (FieldNameHS
                   (Data.Text.unpackCStringLen# "Id"# (ghc-prim:GHC.Types.I# 2#)))
                (FieldNameDB
                   (Data.Text.unpackCStringLen# "id"# (ghc-prim:GHC.Types.I# 2#)))
                (FTTypeCon
                   Nothing
                   (Data.Text.unpackCStringLen#
                      "PersonMayId"# (ghc-prim:GHC.Types.I# 11#)))
                SqlInt64 [] True NoReference (FieldCascade Nothing Nothing) Nothing
                Nothing True))
          [Data.Text.unpackCStringLen# "json"# (ghc-prim:GHC.Types.I# 4#)] []
          [] []
          [Data.Text.unpackCStringLen# "Show"# (ghc-prim:GHC.Types.I# 4#),
           Data.Text.unpackCStringLen# "Eq"# (ghc-prim:GHC.Types.I# 2#)]
          containers-0.7-inplace:Data.Map.Internal.Tip False Nothing
          (Just
             (Database.Persist.Types.SourceSpan.SourceSpan
                (Data.Text.unpackCStringLen#
                   "test/PersistentTestModels.hs"# (ghc-prim:GHC.Types.I# 28#))
                56 26 59 5)))
       [Database.Persist.Quasi.Internal.UnboundFieldDef
          (FieldNameHS
             (Data.Text.unpackCStringLen# "name"# (ghc-prim:GHC.Types.I# 4#)))
          (FieldNameDB
             (Data.Text.unpackCStringLen# "name"# (ghc-prim:GHC.Types.I# 4#)))
          [FieldAttrMaybe] True
          (FTTypeCon
             Nothing
             (Data.Text.unpackCStringLen# "Text"# (ghc-prim:GHC.Types.I# 4#)))
          (FieldCascade Nothing Nothing) Nothing Nothing,
        Database.Persist.Quasi.Internal.UnboundFieldDef
          (FieldNameHS
             (Data.Text.unpackCStringLen# "color"# (ghc-prim:GHC.Types.I# 5#)))
          (FieldNameDB
             (Data.Text.unpackCStringLen# "color"# (ghc-prim:GHC.Types.I# 5#)))
          [FieldAttrMaybe] True
          (FTTypeCon
             Nothing
             (Data.Text.unpackCStringLen# "Text"# (ghc-prim:GHC.Types.I# 4#)))
          (FieldCascade Nothing Nothing) Nothing Nothing]
       (Just
          (Database.Persist.Types.SourceSpan.SourceSpan
             (Data.Text.unpackCStringLen#
                "test/PersistentTestModels.hs"# (ghc-prim:GHC.Types.I# 28#))
             56 26 59 5)),
     Database.Persist.Quasi.Internal.UnboundEntityDef
       []
       (Database.Persist.Quasi.Internal.DefaultKey
          (FieldNameDB
             (Data.Text.unpackCStringLen# "id"# (ghc-prim:GHC.Types.I# 2#))))
       (persistent-2.17.1.0-c22d16c4b9cbf19fd9770839449a580b26760e764f59489ca2b0b6000691b229:Database.Persist.Types.Base.EntityDef
          (EntityNameHS
             (Data.Text.unpackCStringLen# "Pet"# (ghc-prim:GHC.Types.I# 3#)))
          (EntityNameDB
             (Data.Text.unpackCStringLen# "Pet"# (ghc-prim:GHC.Types.I# 3#)))
          (EntityIdField
             (FieldDef
                (FieldNameHS
                   (Data.Text.unpackCStringLen# "Id"# (ghc-prim:GHC.Types.I# 2#)))
                (FieldNameDB
                   (Data.Text.unpackCStringLen# "id"# (ghc-prim:GHC.Types.I# 2#)))
                (FTTypeCon
                   Nothing
                   (Data.Text.unpackCStringLen# "PetId"# (ghc-prim:GHC.Types.I# 5#)))
                SqlInt64 [] True NoReference (FieldCascade Nothing Nothing) Nothing
                Nothing True))
          [] [] [] [] [] containers-0.7-inplace:Data.Map.Internal.Tip False
          Nothing
          (Just
             (Database.Persist.Types.SourceSpan.SourceSpan
                (Data.Text.unpackCStringLen#
                   "test/PersistentTestModels.hs"# (ghc-prim:GHC.Types.I# 28#))
                60 26 67 5)))
       [Database.Persist.Quasi.Internal.UnboundFieldDef
          (FieldNameHS
             (Data.Text.unpackCStringLen#
                "ownerId"# (ghc-prim:GHC.Types.I# 7#)))
          (FieldNameDB
             (Data.Text.unpackCStringLen#
                "ownerId"# (ghc-prim:GHC.Types.I# 7#)))
          [] True
          (FTTypeCon
             Nothing
             (Data.Text.unpackCStringLen#
                "PersonId"# (ghc-prim:GHC.Types.I# 8#)))
          (FieldCascade Nothing Nothing) Nothing Nothing,
        Database.Persist.Quasi.Internal.UnboundFieldDef
          (FieldNameHS
             (Data.Text.unpackCStringLen# "name"# (ghc-prim:GHC.Types.I# 4#)))
          (FieldNameDB
             (Data.Text.unpackCStringLen# "name"# (ghc-prim:GHC.Types.I# 4#)))
          [] True
          (FTTypeCon
             Nothing
             (Data.Text.unpackCStringLen# "Text"# (ghc-prim:GHC.Types.I# 4#)))
          (FieldCascade Nothing Nothing) Nothing Nothing,
        Database.Persist.Quasi.Internal.UnboundFieldDef
          (FieldNameHS
             (Data.Text.unpackCStringLen# "type"# (ghc-prim:GHC.Types.I# 4#)))
          (FieldNameDB
             (Data.Text.unpackCStringLen# "type"# (ghc-prim:GHC.Types.I# 4#)))
          [] True
          (FTTypeCon
             Nothing
             (Data.Text.unpackCStringLen#
                "PetType"# (ghc-prim:GHC.Types.I# 7#)))
          (FieldCascade Nothing Nothing) Nothing Nothing]
       (Just
          (Database.Persist.Types.SourceSpan.SourceSpan
             (Data.Text.unpackCStringLen#
                "test/PersistentTestModels.hs"# (ghc-prim:GHC.Types.I# 28#))
             60 26 67 5)),
     Database.Persist.Quasi.Internal.UnboundEntityDef
       []
       (Database.Persist.Quasi.Internal.DefaultKey
          (FieldNameDB
             (Data.Text.unpackCStringLen# "id"# (ghc-prim:GHC.Types.I# 2#))))
       (persistent-2.17.1.0-c22d16c4b9cbf19fd9770839449a580b26760e764f59489ca2b0b6000691b229:Database.Persist.Types.Base.EntityDef
          (EntityNameHS
             (Data.Text.unpackCStringLen#
                "MaybeOwnedPet"# (ghc-prim:GHC.Types.I# 13#)))
          (EntityNameDB
             (Data.Text.unpackCStringLen#
                "MaybeOwnedPet"# (ghc-prim:GHC.Types.I# 13#)))
          (EntityIdField
             (FieldDef
                (FieldNameHS
                   (Data.Text.unpackCStringLen# "Id"# (ghc-prim:GHC.Types.I# 2#)))
                (FieldNameDB
                   (Data.Text.unpackCStringLen# "id"# (ghc-prim:GHC.Types.I# 2#)))
                (FTTypeCon
                   Nothing
                   (Data.Text.unpackCStringLen#
                      "MaybeOwnedPetId"# (ghc-prim:GHC.Types.I# 15#)))
                SqlInt64 [] True NoReference (FieldCascade Nothing Nothing) Nothing
                Nothing True))
          [] [] [] [] [] containers-0.7-inplace:Data.Map.Internal.Tip False
          Nothing
          (Just
             (Database.Persist.Types.SourceSpan.SourceSpan
                (Data.Text.unpackCStringLen#
                   "test/PersistentTestModels.hs"# (ghc-prim:GHC.Types.I# 28#))
                68 26 71 5)))
       [Database.Persist.Quasi.Internal.UnboundFieldDef
          (FieldNameHS
             (Data.Text.unpackCStringLen#
                "ownerId"# (ghc-prim:GHC.Types.I# 7#)))
          (FieldNameDB
             (Data.Text.unpackCStringLen#
                "ownerId"# (ghc-prim:GHC.Types.I# 7#)))
          [FieldAttrMaybe] True
          (FTTypeCon
             Nothing
             (Data.Text.unpackCStringLen#
                "PersonId"# (ghc-prim:GHC.Types.I# 8#)))
          (FieldCascade Nothing Nothing) Nothing Nothing,
        Database.Persist.Quasi.Internal.UnboundFieldDef
          (FieldNameHS
             (Data.Text.unpackCStringLen# "name"# (ghc-prim:GHC.Types.I# 4#)))
          (FieldNameDB
             (Data.Text.unpackCStringLen# "name"# (ghc-prim:GHC.Types.I# 4#)))
          [] True
          (FTTypeCon
             Nothing
             (Data.Text.unpackCStringLen# "Text"# (ghc-prim:GHC.Types.I# 4#)))
          (FieldCascade Nothing Nothing) Nothing Nothing,
        Database.Persist.Quasi.Internal.UnboundFieldDef
          (FieldNameHS
             (Data.Text.unpackCStringLen# "type"# (ghc-prim:GHC.Types.I# 4#)))
          (FieldNameDB
             (Data.Text.unpackCStringLen# "type"# (ghc-prim:GHC.Types.I# 4#)))
          [] True
          (FTTypeCon
             Nothing
             (Data.Text.unpackCStringLen#
                "PetType"# (ghc-prim:GHC.Types.I# 7#)))
          (FieldCascade Nothing Nothing) Nothing Nothing]
       (Just
          (Database.Persist.Types.SourceSpan.SourceSpan
             (Data.Text.unpackCStringLen#
                "test/PersistentTestModels.hs"# (ghc-prim:GHC.Types.I# 28#))
             68 26 71 5)),
     Database.Persist.Quasi.Internal.UnboundEntityDef
       []
       (Database.Persist.Quasi.Internal.DefaultKey
          (FieldNameDB
             (Data.Text.unpackCStringLen# "id"# (ghc-prim:GHC.Types.I# 2#))))
       (persistent-2.17.1.0-c22d16c4b9cbf19fd9770839449a580b26760e764f59489ca2b0b6000691b229:Database.Persist.Types.Base.EntityDef
          (EntityNameHS
             (Data.Text.unpackCStringLen#
                "NeedsPet"# (ghc-prim:GHC.Types.I# 8#)))
          (EntityNameDB
             (Data.Text.unpackCStringLen#
                "NeedsPet"# (ghc-prim:GHC.Types.I# 8#)))
          (EntityIdField
             (FieldDef
                (FieldNameHS
                   (Data.Text.unpackCStringLen# "Id"# (ghc-prim:GHC.Types.I# 2#)))
                (FieldNameDB
                   (Data.Text.unpackCStringLen# "id"# (ghc-prim:GHC.Types.I# 2#)))
                (FTTypeCon
                   Nothing
                   (Data.Text.unpackCStringLen#
                      "NeedsPetId"# (ghc-prim:GHC.Types.I# 10#)))
                SqlInt64 [] True NoReference (FieldCascade Nothing Nothing) Nothing
                Nothing True))
          [] [] [] [] [] containers-0.7-inplace:Data.Map.Internal.Tip False
          Nothing
          (Just
             (Database.Persist.Types.SourceSpan.SourceSpan
                (Data.Text.unpackCStringLen#
                   "test/PersistentTestModels.hs"# (ghc-prim:GHC.Types.I# 28#))
                75 26 76 5)))
       [Database.Persist.Quasi.Internal.UnboundFieldDef
          (FieldNameHS
             (Data.Text.unpackCStringLen# "petKey"# (ghc-prim:GHC.Types.I# 6#)))
          (FieldNameDB
             (Data.Text.unpackCStringLen# "petKey"# (ghc-prim:GHC.Types.I# 6#)))
          [] True
          (FTTypeCon
             Nothing
             (Data.Text.unpackCStringLen# "PetId"# (ghc-prim:GHC.Types.I# 5#)))
          (FieldCascade Nothing Nothing) Nothing Nothing]
       (Just
          (Database.Persist.Types.SourceSpan.SourceSpan
             (Data.Text.unpackCStringLen#
                "test/PersistentTestModels.hs"# (ghc-prim:GHC.Types.I# 28#))
             75 26 76 5)),
     Database.Persist.Quasi.Internal.UnboundEntityDef
       []
       (Database.Persist.Quasi.Internal.DefaultKey
          (FieldNameDB
             (Data.Text.unpackCStringLen# "id"# (ghc-prim:GHC.Types.I# 2#))))
       (persistent-2.17.1.0-c22d16c4b9cbf19fd9770839449a580b26760e764f59489ca2b0b6000691b229:Database.Persist.Types.Base.EntityDef
          (EntityNameHS
             (Data.Text.unpackCStringLen#
                "OutdoorPet"# (ghc-prim:GHC.Types.I# 10#)))
          (EntityNameDB
             (Data.Text.unpackCStringLen#
                "OutdoorPet"# (ghc-prim:GHC.Types.I# 10#)))
          (EntityIdField
             (FieldDef
                (FieldNameHS
                   (Data.Text.unpackCStringLen# "Id"# (ghc-prim:GHC.Types.I# 2#)))
                (FieldNameDB
                   (Data.Text.unpackCStringLen# "id"# (ghc-prim:GHC.Types.I# 2#)))
                (FTTypeCon
                   Nothing
                   (Data.Text.unpackCStringLen#
                      "OutdoorPetId"# (ghc-prim:GHC.Types.I# 12#)))
                SqlInt64 [] True NoReference (FieldCascade Nothing Nothing) Nothing
                Nothing True))
          [] [] [] [] [] containers-0.7-inplace:Data.Map.Internal.Tip False
          Nothing
          (Just
             (Database.Persist.Types.SourceSpan.SourceSpan
                (Data.Text.unpackCStringLen#
                   "test/PersistentTestModels.hs"# (ghc-prim:GHC.Types.I# 28#))
                77 26 80 5)))
       [Database.Persist.Quasi.Internal.UnboundFieldDef
          (FieldNameHS
             (Data.Text.unpackCStringLen#
                "ownerId"# (ghc-prim:GHC.Types.I# 7#)))
          (FieldNameDB
             (Data.Text.unpackCStringLen#
                "ownerId"# (ghc-prim:GHC.Types.I# 7#)))
          [] True
          (FTTypeCon
             Nothing
             (Data.Text.unpackCStringLen#
                "PersonId"# (ghc-prim:GHC.Types.I# 8#)))
          (FieldCascade Nothing Nothing) Nothing Nothing,
        Database.Persist.Quasi.Internal.UnboundFieldDef
          (FieldNameHS
             (Data.Text.unpackCStringLen# "collar"# (ghc-prim:GHC.Types.I# 6#)))
          (FieldNameDB
             (Data.Text.unpackCStringLen# "collar"# (ghc-prim:GHC.Types.I# 6#)))
          [] True
          (FTTypeCon
             Nothing
             (Data.Text.unpackCStringLen#
                "PetCollar"# (ghc-prim:GHC.Types.I# 9#)))
          (FieldCascade Nothing Nothing) Nothing Nothing,
        Database.Persist.Quasi.Internal.UnboundFieldDef
          (FieldNameHS
             (Data.Text.unpackCStringLen# "type"# (ghc-prim:GHC.Types.I# 4#)))
          (FieldNameDB
             (Data.Text.unpackCStringLen# "type"# (ghc-prim:GHC.Types.I# 4#)))
          [] True
          (FTTypeCon
             Nothing
             (Data.Text.unpackCStringLen#
                "PetType"# (ghc-prim:GHC.Types.I# 7#)))
          (FieldCascade Nothing Nothing) Nothing Nothing]
       (Just
          (Database.Persist.Types.SourceSpan.SourceSpan
             (Data.Text.unpackCStringLen#
                "test/PersistentTestModels.hs"# (ghc-prim:GHC.Types.I# 28#))
             77 26 80 5)),
     Database.Persist.Quasi.Internal.UnboundEntityDef
       []
       (Database.Persist.Quasi.Internal.DefaultKey
          (FieldNameDB
             (Data.Text.unpackCStringLen# "id"# (ghc-prim:GHC.Types.I# 2#))))
       (persistent-2.17.1.0-c22d16c4b9cbf19fd9770839449a580b26760e764f59489ca2b0b6000691b229:Database.Persist.Types.Base.EntityDef
          (EntityNameHS
             (Data.Text.unpackCStringLen# "UserPT"# (ghc-prim:GHC.Types.I# 6#)))
          (EntityNameDB
             (Data.Text.unpackCStringLen# "UserPT"# (ghc-prim:GHC.Types.I# 6#)))
          (EntityIdField
             (FieldDef
                (FieldNameHS
                   (Data.Text.unpackCStringLen# "Id"# (ghc-prim:GHC.Types.I# 2#)))
                (FieldNameDB
                   (Data.Text.unpackCStringLen# "id"# (ghc-prim:GHC.Types.I# 2#)))
                (FTTypeCon
                   Nothing
                   (Data.Text.unpackCStringLen#
                      "UserPTId"# (ghc-prim:GHC.Types.I# 8#)))
                SqlInt64 [] True NoReference (FieldCascade Nothing Nothing) Nothing
                Nothing True))
          [] []
          [UniqueDef
             (ConstraintNameHS
                (Data.Text.unpackCStringLen#
                   "UniqueUserPT"# (ghc-prim:GHC.Types.I# 12#)))
             (ConstraintNameDB
                (Data.Text.unpackCStringLen#
                   "UniqueUserPT"# (ghc-prim:GHC.Types.I# 12#)))
             ((FieldNameHS
                 (Data.Text.unpackCStringLen# "ident"# (ghc-prim:GHC.Types.I# 5#)), 
               FieldNameDB
                 (Data.Text.unpackCStringLen# "ident"# (ghc-prim:GHC.Types.I# 5#)))
                NEL.:| [])
             []]
          [] [] containers-0.7-inplace:Data.Map.Internal.Tip False Nothing
          (Just
             (Database.Persist.Types.SourceSpan.SourceSpan
                (Data.Text.unpackCStringLen#
                   "test/PersistentTestModels.hs"# (ghc-prim:GHC.Types.I# 28#))
                83 26 86 5)))
       [Database.Persist.Quasi.Internal.UnboundFieldDef
          (FieldNameHS
             (Data.Text.unpackCStringLen# "ident"# (ghc-prim:GHC.Types.I# 5#)))
          (FieldNameDB
             (Data.Text.unpackCStringLen# "ident"# (ghc-prim:GHC.Types.I# 5#)))
          [] True
          (FTTypeCon
             Nothing
             (Data.Text.unpackCStringLen# "Text"# (ghc-prim:GHC.Types.I# 4#)))
          (FieldCascade Nothing Nothing) Nothing Nothing,
        Database.Persist.Quasi.Internal.UnboundFieldDef
          (FieldNameHS
             (Data.Text.unpackCStringLen#
                "password"# (ghc-prim:GHC.Types.I# 8#)))
          (FieldNameDB
             (Data.Text.unpackCStringLen#
                "password"# (ghc-prim:GHC.Types.I# 8#)))
          [FieldAttrMaybe] True
          (FTTypeCon
             Nothing
             (Data.Text.unpackCStringLen# "Text"# (ghc-prim:GHC.Types.I# 4#)))
          (FieldCascade Nothing Nothing) Nothing Nothing]
       (Just
          (Database.Persist.Types.SourceSpan.SourceSpan
             (Data.Text.unpackCStringLen#
                "test/PersistentTestModels.hs"# (ghc-prim:GHC.Types.I# 28#))
             83 26 86 5)),
     Database.Persist.Quasi.Internal.UnboundEntityDef
       []
       (Database.Persist.Quasi.Internal.DefaultKey
          (FieldNameDB
             (Data.Text.unpackCStringLen# "id"# (ghc-prim:GHC.Types.I# 2#))))
       (persistent-2.17.1.0-c22d16c4b9cbf19fd9770839449a580b26760e764f59489ca2b0b6000691b229:Database.Persist.Types.Base.EntityDef
          (EntityNameHS
             (Data.Text.unpackCStringLen#
                "EmailPT"# (ghc-prim:GHC.Types.I# 7#)))
          (EntityNameDB
             (Data.Text.unpackCStringLen#
                "EmailPT"# (ghc-prim:GHC.Types.I# 7#)))
          (EntityIdField
             (FieldDef
                (FieldNameHS
                   (Data.Text.unpackCStringLen# "Id"# (ghc-prim:GHC.Types.I# 2#)))
                (FieldNameDB
                   (Data.Text.unpackCStringLen# "id"# (ghc-prim:GHC.Types.I# 2#)))
                (FTTypeCon
                   Nothing
                   (Data.Text.unpackCStringLen#
                      "EmailPTId"# (ghc-prim:GHC.Types.I# 9#)))
                SqlInt64 [] True NoReference (FieldCascade Nothing Nothing) Nothing
                Nothing True))
          [] []
          [UniqueDef
             (ConstraintNameHS
                (Data.Text.unpackCStringLen#
                   "UniqueEmailPT"# (ghc-prim:GHC.Types.I# 13#)))
             (ConstraintNameDB
                (Data.Text.unpackCStringLen#
                   "UniqueEmailPT"# (ghc-prim:GHC.Types.I# 13#)))
             ((FieldNameHS
                 (Data.Text.unpackCStringLen# "email"# (ghc-prim:GHC.Types.I# 5#)), 
               FieldNameDB
                 (Data.Text.unpackCStringLen# "email"# (ghc-prim:GHC.Types.I# 5#)))
                NEL.:| [])
             []]
          [] [] containers-0.7-inplace:Data.Map.Internal.Tip False Nothing
          (Just
             (Database.Persist.Types.SourceSpan.SourceSpan
                (Data.Text.unpackCStringLen#
                   "test/PersistentTestModels.hs"# (ghc-prim:GHC.Types.I# 28#))
                87 26 91 5)))
       [Database.Persist.Quasi.Internal.UnboundFieldDef
          (FieldNameHS
             (Data.Text.unpackCStringLen# "email"# (ghc-prim:GHC.Types.I# 5#)))
          (FieldNameDB
             (Data.Text.unpackCStringLen# "email"# (ghc-prim:GHC.Types.I# 5#)))
          [] True
          (FTTypeCon
             Nothing
             (Data.Text.unpackCStringLen# "Text"# (ghc-prim:GHC.Types.I# 4#)))
          (FieldCascade Nothing Nothing) Nothing Nothing,
        Database.Persist.Quasi.Internal.UnboundFieldDef
          (FieldNameHS
             (Data.Text.unpackCStringLen# "user"# (ghc-prim:GHC.Types.I# 4#)))
          (FieldNameDB
             (Data.Text.unpackCStringLen# "user"# (ghc-prim:GHC.Types.I# 4#)))
          [FieldAttrMaybe] True
          (FTTypeCon
             Nothing
             (Data.Text.unpackCStringLen#
                "UserPTId"# (ghc-prim:GHC.Types.I# 8#)))
          (FieldCascade Nothing Nothing) Nothing Nothing,
        Database.Persist.Quasi.Internal.UnboundFieldDef
          (FieldNameHS
             (Data.Text.unpackCStringLen# "verkey"# (ghc-prim:GHC.Types.I# 6#)))
          (FieldNameDB
             (Data.Text.unpackCStringLen# "verkey"# (ghc-prim:GHC.Types.I# 6#)))
          [FieldAttrMaybe] True
          (FTTypeCon
             Nothing
             (Data.Text.unpackCStringLen# "Text"# (ghc-prim:GHC.Types.I# 4#)))
          (FieldCascade Nothing Nothing) Nothing Nothing]
       (Just
          (Database.Persist.Types.SourceSpan.SourceSpan
             (Data.Text.unpackCStringLen#
                "test/PersistentTestModels.hs"# (ghc-prim:GHC.Types.I# 28#))
             87 26 91 5)),
     Database.Persist.Quasi.Internal.UnboundEntityDef
       []
       (Database.Persist.Quasi.Internal.DefaultKey
          (FieldNameDB
             (Data.Text.unpackCStringLen# "id"# (ghc-prim:GHC.Types.I# 2#))))
       (persistent-2.17.1.0-c22d16c4b9cbf19fd9770839449a580b26760e764f59489ca2b0b6000691b229:Database.Persist.Types.Base.EntityDef
          (EntityNameHS
             (Data.Text.unpackCStringLen# "Upsert"# (ghc-prim:GHC.Types.I# 6#)))
          (EntityNameDB
             (Data.Text.unpackCStringLen# "Upsert"# (ghc-prim:GHC.Types.I# 6#)))
          (EntityIdField
             (FieldDef
                (FieldNameHS
                   (Data.Text.unpackCStringLen# "Id"# (ghc-prim:GHC.Types.I# 2#)))
                (FieldNameDB
                   (Data.Text.unpackCStringLen# "id"# (ghc-prim:GHC.Types.I# 2#)))
                (FTTypeCon
                   Nothing
                   (Data.Text.unpackCStringLen#
                      "UpsertId"# (ghc-prim:GHC.Types.I# 8#)))
                SqlInt64 [] True NoReference (FieldCascade Nothing Nothing) Nothing
                Nothing True))
          [] []
          [UniqueDef
             (ConstraintNameHS
                (Data.Text.unpackCStringLen#
                   "UniqueUpsert"# (ghc-prim:GHC.Types.I# 12#)))
             (ConstraintNameDB
                (Data.Text.unpackCStringLen#
                   "UniqueUpsert"# (ghc-prim:GHC.Types.I# 12#)))
             ((FieldNameHS
                 (Data.Text.unpackCStringLen# "email"# (ghc-prim:GHC.Types.I# 5#)), 
               FieldNameDB
                 (Data.Text.unpackCStringLen# "email"# (ghc-prim:GHC.Types.I# 5#)))
                NEL.:| [])
             []]
          []
          [Data.Text.unpackCStringLen# "Eq"# (ghc-prim:GHC.Types.I# 2#),
           Data.Text.unpackCStringLen# "Show"# (ghc-prim:GHC.Types.I# 4#)]
          containers-0.7-inplace:Data.Map.Internal.Tip False Nothing
          (Just
             (Database.Persist.Types.SourceSpan.SourceSpan
                (Data.Text.unpackCStringLen#
                   "test/PersistentTestModels.hs"# (ghc-prim:GHC.Types.I# 28#))
                93 26 99 5)))
       [Database.Persist.Quasi.Internal.UnboundFieldDef
          (FieldNameHS
             (Data.Text.unpackCStringLen# "email"# (ghc-prim:GHC.Types.I# 5#)))
          (FieldNameDB
             (Data.Text.unpackCStringLen# "email"# (ghc-prim:GHC.Types.I# 5#)))
          [] True
          (FTTypeCon
             Nothing
             (Data.Text.unpackCStringLen# "Text"# (ghc-prim:GHC.Types.I# 4#)))
          (FieldCascade Nothing Nothing) Nothing Nothing,
        Database.Persist.Quasi.Internal.UnboundFieldDef
          (FieldNameHS
             (Data.Text.unpackCStringLen# "attr"# (ghc-prim:GHC.Types.I# 4#)))
          (FieldNameDB
             (Data.Text.unpackCStringLen# "attr"# (ghc-prim:GHC.Types.I# 4#)))
          [] True
          (FTTypeCon
             Nothing
             (Data.Text.unpackCStringLen# "Text"# (ghc-prim:GHC.Types.I# 4#)))
          (FieldCascade Nothing Nothing) Nothing Nothing,
        Database.Persist.Quasi.Internal.UnboundFieldDef
          (FieldNameHS
             (Data.Text.unpackCStringLen# "extra"# (ghc-prim:GHC.Types.I# 5#)))
          (FieldNameDB
             (Data.Text.unpackCStringLen# "extra"# (ghc-prim:GHC.Types.I# 5#)))
          [] True
          (FTTypeCon
             Nothing
             (Data.Text.unpackCStringLen# "Text"# (ghc-prim:GHC.Types.I# 4#)))
          (FieldCascade Nothing Nothing) Nothing Nothing,
        Database.Persist.Quasi.Internal.UnboundFieldDef
          (FieldNameHS
             (Data.Text.unpackCStringLen# "age"# (ghc-prim:GHC.Types.I# 3#)))
          (FieldNameDB
             (Data.Text.unpackCStringLen# "age"# (ghc-prim:GHC.Types.I# 3#)))
          [] True
          (FTTypeCon
             Nothing
             (Data.Text.unpackCStringLen# "Int"# (ghc-prim:GHC.Types.I# 3#)))
          (FieldCascade Nothing Nothing) Nothing Nothing]
       (Just
          (Database.Persist.Types.SourceSpan.SourceSpan
             (Data.Text.unpackCStringLen#
                "test/PersistentTestModels.hs"# (ghc-prim:GHC.Types.I# 28#))
             93 26 99 5)),
     Database.Persist.Quasi.Internal.UnboundEntityDef
       []
       (Database.Persist.Quasi.Internal.DefaultKey
          (FieldNameDB
             (Data.Text.unpackCStringLen# "id"# (ghc-prim:GHC.Types.I# 2#))))
       (persistent-2.17.1.0-c22d16c4b9cbf19fd9770839449a580b26760e764f59489ca2b0b6000691b229:Database.Persist.Types.Base.EntityDef
          (EntityNameHS
             (Data.Text.unpackCStringLen#
                "UpsertBy"# (ghc-prim:GHC.Types.I# 8#)))
          (EntityNameDB
             (Data.Text.unpackCStringLen#
                "UpsertBy"# (ghc-prim:GHC.Types.I# 8#)))
          (EntityIdField
             (FieldDef
                (FieldNameHS
                   (Data.Text.unpackCStringLen# "Id"# (ghc-prim:GHC.Types.I# 2#)))
                (FieldNameDB
                   (Data.Text.unpackCStringLen# "id"# (ghc-prim:GHC.Types.I# 2#)))
                (FTTypeCon
                   Nothing
                   (Data.Text.unpackCStringLen#
                      "UpsertById"# (ghc-prim:GHC.Types.I# 10#)))
                SqlInt64 [] True NoReference (FieldCascade Nothing Nothing) Nothing
                Nothing True))
          [] []
          [UniqueDef
             (ConstraintNameHS
                (Data.Text.unpackCStringLen#
                   "UniqueUpsertBy"# (ghc-prim:GHC.Types.I# 14#)))
             (ConstraintNameDB
                (Data.Text.unpackCStringLen#
                   "UniqueUpsertBy"# (ghc-prim:GHC.Types.I# 14#)))
             ((FieldNameHS
                 (Data.Text.unpackCStringLen# "email"# (ghc-prim:GHC.Types.I# 5#)), 
               FieldNameDB
                 (Data.Text.unpackCStringLen# "email"# (ghc-prim:GHC.Types.I# 5#)))
                NEL.:| [])
             [],
           UniqueDef
             (ConstraintNameHS
                (Data.Text.unpackCStringLen#
                   "UniqueUpsertByCity"# (ghc-prim:GHC.Types.I# 18#)))
             (ConstraintNameDB
                (Data.Text.unpackCStringLen#
                   "UniqueUpsertByCity"# (ghc-prim:GHC.Types.I# 18#)))
             ((FieldNameHS
                 (Data.Text.unpackCStringLen# "city"# (ghc-prim:GHC.Types.I# 4#)), 
               FieldNameDB
                 (Data.Text.unpackCStringLen# "city"# (ghc-prim:GHC.Types.I# 4#)))
                NEL.:| [])
             []]
          []
          [Data.Text.unpackCStringLen# "Eq"# (ghc-prim:GHC.Types.I# 2#),
           Data.Text.unpackCStringLen# "Show"# (ghc-prim:GHC.Types.I# 4#)]
          containers-0.7-inplace:Data.Map.Internal.Tip False Nothing
          (Just
             (Database.Persist.Types.SourceSpan.SourceSpan
                (Data.Text.unpackCStringLen#
                   "test/PersistentTestModels.hs"# (ghc-prim:GHC.Types.I# 28#))
                101 26 107 5)))
       [Database.Persist.Quasi.Internal.UnboundFieldDef
          (FieldNameHS
             (Data.Text.unpackCStringLen# "email"# (ghc-prim:GHC.Types.I# 5#)))
          (FieldNameDB
             (Data.Text.unpackCStringLen# "email"# (ghc-prim:GHC.Types.I# 5#)))
          [] True
          (FTTypeCon
             Nothing
             (Data.Text.unpackCStringLen# "Text"# (ghc-prim:GHC.Types.I# 4#)))
          (FieldCascade Nothing Nothing) Nothing Nothing,
        Database.Persist.Quasi.Internal.UnboundFieldDef
          (FieldNameHS
             (Data.Text.unpackCStringLen# "city"# (ghc-prim:GHC.Types.I# 4#)))
          (FieldNameDB
             (Data.Text.unpackCStringLen# "city"# (ghc-prim:GHC.Types.I# 4#)))
          [] True
          (FTTypeCon
             Nothing
             (Data.Text.unpackCStringLen# "Text"# (ghc-prim:GHC.Types.I# 4#)))
          (FieldCascade Nothing Nothing) Nothing Nothing,
        Database.Persist.Quasi.Internal.UnboundFieldDef
          (FieldNameHS
             (Data.Text.unpackCStringLen# "attr"# (ghc-prim:GHC.Types.I# 4#)))
          (FieldNameDB
             (Data.Text.unpackCStringLen# "attr"# (ghc-prim:GHC.Types.I# 4#)))
          [] True
          (FTTypeCon
             Nothing
             (Data.Text.unpackCStringLen# "Text"# (ghc-prim:GHC.Types.I# 4#)))
          (FieldCascade Nothing Nothing) Nothing Nothing]
       (Just
          (Database.Persist.Types.SourceSpan.SourceSpan
             (Data.Text.unpackCStringLen#
                "test/PersistentTestModels.hs"# (ghc-prim:GHC.Types.I# 28#))
             101 26 107 5)),
     Database.Persist.Quasi.Internal.UnboundEntityDef
       []
       (Database.Persist.Quasi.Internal.DefaultKey
          (FieldNameDB
             (Data.Text.unpackCStringLen# "id"# (ghc-prim:GHC.Types.I# 2#))))
       (persistent-2.17.1.0-c22d16c4b9cbf19fd9770839449a580b26760e764f59489ca2b0b6000691b229:Database.Persist.Types.Base.EntityDef
          (EntityNameHS
             (Data.Text.unpackCStringLen# "Strict"# (ghc-prim:GHC.Types.I# 6#)))
          (EntityNameDB
             (Data.Text.unpackCStringLen# "Strict"# (ghc-prim:GHC.Types.I# 6#)))
          (EntityIdField
             (FieldDef
                (FieldNameHS
                   (Data.Text.unpackCStringLen# "Id"# (ghc-prim:GHC.Types.I# 2#)))
                (FieldNameDB
                   (Data.Text.unpackCStringLen# "id"# (ghc-prim:GHC.Types.I# 2#)))
                (FTTypeCon
                   Nothing
                   (Data.Text.unpackCStringLen#
                      "StrictId"# (ghc-prim:GHC.Types.I# 8#)))
                SqlInt64 [] True NoReference (FieldCascade Nothing Nothing) Nothing
                Nothing True))
          [] [] [] [] [] containers-0.7-inplace:Data.Map.Internal.Tip False
          Nothing
          (Just
             (Database.Persist.Types.SourceSpan.SourceSpan
                (Data.Text.unpackCStringLen#
                   "test/PersistentTestModels.hs"# (ghc-prim:GHC.Types.I# 28#))
                109 26 112 5)))
       [Database.Persist.Quasi.Internal.UnboundFieldDef
          (FieldNameHS
             (Data.Text.unpackCStringLen# "yes"# (ghc-prim:GHC.Types.I# 3#)))
          (FieldNameDB
             (Data.Text.unpackCStringLen# "yes"# (ghc-prim:GHC.Types.I# 3#)))
          [] True
          (FTTypeCon
             Nothing
             (Data.Text.unpackCStringLen# "Int"# (ghc-prim:GHC.Types.I# 3#)))
          (FieldCascade Nothing Nothing) Nothing Nothing,
        Database.Persist.Quasi.Internal.UnboundFieldDef
          (FieldNameHS
             (Data.Text.unpackCStringLen# "no"# (ghc-prim:GHC.Types.I# 2#)))
          (FieldNameDB
             (Data.Text.unpackCStringLen# "no"# (ghc-prim:GHC.Types.I# 2#)))
          [] False
          (FTTypeCon
             Nothing
             (Data.Text.unpackCStringLen# "Int"# (ghc-prim:GHC.Types.I# 3#)))
          (FieldCascade Nothing Nothing) Nothing Nothing,
        Database.Persist.Quasi.Internal.UnboundFieldDef
          (FieldNameHS
             (Data.Text.unpackCStringLen# "def"# (ghc-prim:GHC.Types.I# 3#)))
          (FieldNameDB
             (Data.Text.unpackCStringLen# "def"# (ghc-prim:GHC.Types.I# 3#)))
          [] True
          (FTTypeCon
             Nothing
             (Data.Text.unpackCStringLen# "Int"# (ghc-prim:GHC.Types.I# 3#)))
          (FieldCascade Nothing Nothing) Nothing Nothing]
       (Just
          (Database.Persist.Types.SourceSpan.SourceSpan
             (Data.Text.unpackCStringLen#
                "test/PersistentTestModels.hs"# (ghc-prim:GHC.Types.I# 28#))
             109 26 112 5))]
test/PersistentTestModels.hs:(30,1)-(113,2): Splicing declarations
    share
      [mkPersist sqlSettings {mpsGeneric = True},
       mkMigrate "testMigrate"]
      ([Database.Persist.Quasi.Internal.UnboundEntityDef
          []
          (Database.Persist.Quasi.Internal.DefaultKey
             (FieldNameDB
                (Data.Text.unpackCStringLen# "id"# (ghc-prim:GHC.Types.I# 2#))))
          (persistent-2.17.1.0-c22d16c4b9cbf19fd9770839449a580b26760e764f59489ca2b0b6000691b229:Database.Persist.Types.Base.EntityDef
             (EntityNameHS
                (Data.Text.unpackCStringLen# "Person"# (ghc-prim:GHC.Types.I# 6#)))
             (EntityNameDB
                (Data.Text.unpackCStringLen# "Person"# (ghc-prim:GHC.Types.I# 6#)))
             (EntityIdField
                (FieldDef
                   (FieldNameHS
                      (Data.Text.unpackCStringLen# "Id"# (ghc-prim:GHC.Types.I# 2#)))
                   (FieldNameDB
                      (Data.Text.unpackCStringLen# "id"# (ghc-prim:GHC.Types.I# 2#)))
                   (FTTypeCon
                      Nothing
                      (Data.Text.unpackCStringLen#
                         "PersonId"# (ghc-prim:GHC.Types.I# 8#)))
                   SqlInt64 [] True NoReference (FieldCascade Nothing Nothing) Nothing
                   Nothing True))
             [Data.Text.unpackCStringLen# "json"# (ghc-prim:GHC.Types.I# 4#)] []
             [UniqueDef
                (ConstraintNameHS
                   (Data.Text.unpackCStringLen#
                      "PersonNameKey"# (ghc-prim:GHC.Types.I# 13#)))
                (ConstraintNameDB
                   (Data.Text.unpackCStringLen#
                      "PersonNameKey"# (ghc-prim:GHC.Types.I# 13#)))
                ((FieldNameHS
                    (Data.Text.unpackCStringLen# "name"# (ghc-prim:GHC.Types.I# 4#)), 
                  FieldNameDB
                    (Data.Text.unpackCStringLen# "name"# (ghc-prim:GHC.Types.I# 4#)))
                   NEL.:| [])
                []]
             []
             [Data.Text.unpackCStringLen# "Show"# (ghc-prim:GHC.Types.I# 4#),
              Data.Text.unpackCStringLen# "Eq"# (ghc-prim:GHC.Types.I# 2#)]
             containers-0.7-inplace:Data.Map.Internal.Tip False Nothing
             (Just
                (Database.Persist.Types.SourceSpan.SourceSpan
                   (Data.Text.unpackCStringLen#
                      "test/PersistentTestModels.hs"# (ghc-prim:GHC.Types.I# 28#))
                   40 26 45 5)))
          [Database.Persist.Quasi.Internal.UnboundFieldDef
             (FieldNameHS
                (Data.Text.unpackCStringLen# "name"# (ghc-prim:GHC.Types.I# 4#)))
             (FieldNameDB
                (Data.Text.unpackCStringLen# "name"# (ghc-prim:GHC.Types.I# 4#)))
             [] True
             (FTTypeCon
                Nothing
                (Data.Text.unpackCStringLen# "Text"# (ghc-prim:GHC.Types.I# 4#)))
             (FieldCascade Nothing Nothing) Nothing Nothing,
           Database.Persist.Quasi.Internal.UnboundFieldDef
             (FieldNameHS
                (Data.Text.unpackCStringLen# "age"# (ghc-prim:GHC.Types.I# 3#)))
             (FieldNameDB
                (Data.Text.unpackCStringLen# "age"# (ghc-prim:GHC.Types.I# 3#)))
             [FieldAttrOther
                (Data.Text.unpackCStringLen#
                   "some=ignored -- \" attribute"# (ghc-prim:GHC.Types.I# 27#))]
             True
             (FTTypeCon
                Nothing
                (Data.Text.unpackCStringLen# "Int"# (ghc-prim:GHC.Types.I# 3#)))
             (FieldCascade Nothing Nothing) Nothing Nothing,
           Database.Persist.Quasi.Internal.UnboundFieldDef
             (FieldNameHS
                (Data.Text.unpackCStringLen# "color"# (ghc-prim:GHC.Types.I# 5#)))
             (FieldNameDB
                (Data.Text.unpackCStringLen# "color"# (ghc-prim:GHC.Types.I# 5#)))
             [FieldAttrMaybe] True
             (FTTypeCon
                Nothing
                (Data.Text.unpackCStringLen# "Text"# (ghc-prim:GHC.Types.I# 4#)))
             (FieldCascade Nothing Nothing) Nothing Nothing]
          (Just
             (Database.Persist.Types.SourceSpan.SourceSpan
                (Data.Text.unpackCStringLen#
                   "test/PersistentTestModels.hs"# (ghc-prim:GHC.Types.I# 28#))
                40 26 45 5)),
        Database.Persist.Quasi.Internal.UnboundEntityDef
          []
          (Database.Persist.Quasi.Internal.DefaultKey
             (FieldNameDB
                (Data.Text.unpackCStringLen# "id"# (ghc-prim:GHC.Types.I# 2#))))
          (persistent-2.17.1.0-c22d16c4b9cbf19fd9770839449a580b26760e764f59489ca2b0b6000691b229:Database.Persist.Types.Base.EntityDef
             (EntityNameHS
                (Data.Text.unpackCStringLen#
                   "Person1"# (ghc-prim:GHC.Types.I# 7#)))
             (EntityNameDB
                (Data.Text.unpackCStringLen#
                   "Person1"# (ghc-prim:GHC.Types.I# 7#)))
             (EntityIdField
                (FieldDef
                   (FieldNameHS
                      (Data.Text.unpackCStringLen# "Id"# (ghc-prim:GHC.Types.I# 2#)))
                   (FieldNameDB
                      (Data.Text.unpackCStringLen# "id"# (ghc-prim:GHC.Types.I# 2#)))
                   (FTTypeCon
                      Nothing
                      (Data.Text.unpackCStringLen#
                         "Person1Id"# (ghc-prim:GHC.Types.I# 9#)))
                   SqlInt64 [] True NoReference (FieldCascade Nothing Nothing) Nothing
                   Nothing True))
             [] [] [] []
             [Data.Text.unpackCStringLen# "Show"# (ghc-prim:GHC.Types.I# 4#),
              Data.Text.unpackCStringLen# "Eq"# (ghc-prim:GHC.Types.I# 2#)]
             containers-0.7-inplace:Data.Map.Internal.Tip False Nothing
             (Just
                (Database.Persist.Types.SourceSpan.SourceSpan
                   (Data.Text.unpackCStringLen#
                      "test/PersistentTestModels.hs"# (ghc-prim:GHC.Types.I# 28#))
                   46 26 52 5)))
          [Database.Persist.Quasi.Internal.UnboundFieldDef
             (FieldNameHS
                (Data.Text.unpackCStringLen# "name"# (ghc-prim:GHC.Types.I# 4#)))
             (FieldNameDB
                (Data.Text.unpackCStringLen# "name"# (ghc-prim:GHC.Types.I# 4#)))
             [] True
             (FTTypeCon
                Nothing
                (Data.Text.unpackCStringLen# "Text"# (ghc-prim:GHC.Types.I# 4#)))
             (FieldCascade Nothing Nothing) Nothing Nothing,
           Database.Persist.Quasi.Internal.UnboundFieldDef
             (FieldNameHS
                (Data.Text.unpackCStringLen# "age"# (ghc-prim:GHC.Types.I# 3#)))
             (FieldNameDB
                (Data.Text.unpackCStringLen# "age"# (ghc-prim:GHC.Types.I# 3#)))
             [] True
             (FTTypeCon
                Nothing
                (Data.Text.unpackCStringLen# "Int"# (ghc-prim:GHC.Types.I# 3#)))
             (FieldCascade Nothing Nothing) Nothing Nothing]
          (Just
             (Database.Persist.Types.SourceSpan.SourceSpan
                (Data.Text.unpackCStringLen#
                   "test/PersistentTestModels.hs"# (ghc-prim:GHC.Types.I# 28#))
                46 26 52 5)),
        Database.Persist.Quasi.Internal.UnboundEntityDef
          []
          (Database.Persist.Quasi.Internal.DefaultKey
             (FieldNameDB
                (Data.Text.unpackCStringLen# "id"# (ghc-prim:GHC.Types.I# 2#))))
          (persistent-2.17.1.0-c22d16c4b9cbf19fd9770839449a580b26760e764f59489ca2b0b6000691b229:Database.Persist.Types.Base.EntityDef
             (EntityNameHS
                (Data.Text.unpackCStringLen#
                   "PersonMaybeAge"# (ghc-prim:GHC.Types.I# 14#)))
             (EntityNameDB
                (Data.Text.unpackCStringLen#
                   "PersonMaybeAge"# (ghc-prim:GHC.Types.I# 14#)))
             (EntityIdField
                (FieldDef
                   (FieldNameHS
                      (Data.Text.unpackCStringLen# "Id"# (ghc-prim:GHC.Types.I# 2#)))
                   (FieldNameDB
                      (Data.Text.unpackCStringLen# "id"# (ghc-prim:GHC.Types.I# 2#)))
                   (FTTypeCon
                      Nothing
                      (Data.Text.unpackCStringLen#
                         "PersonMaybeAgeId"# (ghc-prim:GHC.Types.I# 16#)))
                   SqlInt64 [] True NoReference (FieldCascade Nothing Nothing) Nothing
                   Nothing True))
             [] [] [] [] [] containers-0.7-inplace:Data.Map.Internal.Tip False
             Nothing
             (Just
                (Database.Persist.Types.SourceSpan.SourceSpan
                   (Data.Text.unpackCStringLen#
                      "test/PersistentTestModels.hs"# (ghc-prim:GHC.Types.I# 28#))
                   53 26 55 5)))
          [Database.Persist.Quasi.Internal.UnboundFieldDef
             (FieldNameHS
                (Data.Text.unpackCStringLen# "name"# (ghc-prim:GHC.Types.I# 4#)))
             (FieldNameDB
                (Data.Text.unpackCStringLen# "name"# (ghc-prim:GHC.Types.I# 4#)))
             [] True
             (FTTypeCon
                Nothing
                (Data.Text.unpackCStringLen# "Text"# (ghc-prim:GHC.Types.I# 4#)))
             (FieldCascade Nothing Nothing) Nothing Nothing,
           Database.Persist.Quasi.Internal.UnboundFieldDef
             (FieldNameHS
                (Data.Text.unpackCStringLen# "age"# (ghc-prim:GHC.Types.I# 3#)))
             (FieldNameDB
                (Data.Text.unpackCStringLen# "age"# (ghc-prim:GHC.Types.I# 3#)))
             [FieldAttrMaybe] True
             (FTTypeCon
                Nothing
                (Data.Text.unpackCStringLen# "Int"# (ghc-prim:GHC.Types.I# 3#)))
             (FieldCascade Nothing Nothing) Nothing Nothing]
          (Just
             (Database.Persist.Types.SourceSpan.SourceSpan
                (Data.Text.unpackCStringLen#
                   "test/PersistentTestModels.hs"# (ghc-prim:GHC.Types.I# 28#))
                53 26 55 5)),
        Database.Persist.Quasi.Internal.UnboundEntityDef
          []
          (Database.Persist.Quasi.Internal.DefaultKey
             (FieldNameDB
                (Data.Text.unpackCStringLen# "id"# (ghc-prim:GHC.Types.I# 2#))))
          (persistent-2.17.1.0-c22d16c4b9cbf19fd9770839449a580b26760e764f59489ca2b0b6000691b229:Database.Persist.Types.Base.EntityDef
             (EntityNameHS
                (Data.Text.unpackCStringLen#
                   "PersonMay"# (ghc-prim:GHC.Types.I# 9#)))
             (EntityNameDB
                (Data.Text.unpackCStringLen#
                   "PersonMay"# (ghc-prim:GHC.Types.I# 9#)))
             (EntityIdField
                (FieldDef
                   (FieldNameHS
                      (Data.Text.unpackCStringLen# "Id"# (ghc-prim:GHC.Types.I# 2#)))
                   (FieldNameDB
                      (Data.Text.unpackCStringLen# "id"# (ghc-prim:GHC.Types.I# 2#)))
                   (FTTypeCon
                      Nothing
                      (Data.Text.unpackCStringLen#
                         "PersonMayId"# (ghc-prim:GHC.Types.I# 11#)))
                   SqlInt64 [] True NoReference (FieldCascade Nothing Nothing) Nothing
                   Nothing True))
             [Data.Text.unpackCStringLen# "json"# (ghc-prim:GHC.Types.I# 4#)] []
             [] []
             [Data.Text.unpackCStringLen# "Show"# (ghc-prim:GHC.Types.I# 4#),
              Data.Text.unpackCStringLen# "Eq"# (ghc-prim:GHC.Types.I# 2#)]
             containers-0.7-inplace:Data.Map.Internal.Tip False Nothing
             (Just
                (Database.Persist.Types.SourceSpan.SourceSpan
                   (Data.Text.unpackCStringLen#
                      "test/PersistentTestModels.hs"# (ghc-prim:GHC.Types.I# 28#))
                   56 26 59 5)))
          [Database.Persist.Quasi.Internal.UnboundFieldDef
             (FieldNameHS
                (Data.Text.unpackCStringLen# "name"# (ghc-prim:GHC.Types.I# 4#)))
             (FieldNameDB
                (Data.Text.unpackCStringLen# "name"# (ghc-prim:GHC.Types.I# 4#)))
             [FieldAttrMaybe] True
             (FTTypeCon
                Nothing
                (Data.Text.unpackCStringLen# "Text"# (ghc-prim:GHC.Types.I# 4#)))
             (FieldCascade Nothing Nothing) Nothing Nothing,
           Database.Persist.Quasi.Internal.UnboundFieldDef
             (FieldNameHS
                (Data.Text.unpackCStringLen# "color"# (ghc-prim:GHC.Types.I# 5#)))
             (FieldNameDB
                (Data.Text.unpackCStringLen# "color"# (ghc-prim:GHC.Types.I# 5#)))
             [FieldAttrMaybe] True
             (FTTypeCon
                Nothing
                (Data.Text.unpackCStringLen# "Text"# (ghc-prim:GHC.Types.I# 4#)))
             (FieldCascade Nothing Nothing) Nothing Nothing]
          (Just
             (Database.Persist.Types.SourceSpan.SourceSpan
                (Data.Text.unpackCStringLen#
                   "test/PersistentTestModels.hs"# (ghc-prim:GHC.Types.I# 28#))
                56 26 59 5)),
        Database.Persist.Quasi.Internal.UnboundEntityDef
          []
          (Database.Persist.Quasi.Internal.DefaultKey
             (FieldNameDB
                (Data.Text.unpackCStringLen# "id"# (ghc-prim:GHC.Types.I# 2#))))
          (persistent-2.17.1.0-c22d16c4b9cbf19fd9770839449a580b26760e764f59489ca2b0b6000691b229:Database.Persist.Types.Base.EntityDef
             (EntityNameHS
                (Data.Text.unpackCStringLen# "Pet"# (ghc-prim:GHC.Types.I# 3#)))
             (EntityNameDB
                (Data.Text.unpackCStringLen# "Pet"# (ghc-prim:GHC.Types.I# 3#)))
             (EntityIdField
                (FieldDef
                   (FieldNameHS
                      (Data.Text.unpackCStringLen# "Id"# (ghc-prim:GHC.Types.I# 2#)))
                   (FieldNameDB
                      (Data.Text.unpackCStringLen# "id"# (ghc-prim:GHC.Types.I# 2#)))
                   (FTTypeCon
                      Nothing
                      (Data.Text.unpackCStringLen# "PetId"# (ghc-prim:GHC.Types.I# 5#)))
                   SqlInt64 [] True NoReference (FieldCascade Nothing Nothing) Nothing
                   Nothing True))
             [] [] [] [] [] containers-0.7-inplace:Data.Map.Internal.Tip False
             Nothing
             (Just
                (Database.Persist.Types.SourceSpan.SourceSpan
                   (Data.Text.unpackCStringLen#
                      "test/PersistentTestModels.hs"# (ghc-prim:GHC.Types.I# 28#))
                   60 26 67 5)))
          [Database.Persist.Quasi.Internal.UnboundFieldDef
             (FieldNameHS
                (Data.Text.unpackCStringLen#
                   "ownerId"# (ghc-prim:GHC.Types.I# 7#)))
             (FieldNameDB
                (Data.Text.unpackCStringLen#
                   "ownerId"# (ghc-prim:GHC.Types.I# 7#)))
             [] True
             (FTTypeCon
                Nothing
                (Data.Text.unpackCStringLen#
                   "PersonId"# (ghc-prim:GHC.Types.I# 8#)))
             (FieldCascade Nothing Nothing) Nothing Nothing,
           Database.Persist.Quasi.Internal.UnboundFieldDef
             (FieldNameHS
                (Data.Text.unpackCStringLen# "name"# (ghc-prim:GHC.Types.I# 4#)))
             (FieldNameDB
                (Data.Text.unpackCStringLen# "name"# (ghc-prim:GHC.Types.I# 4#)))
             [] True
             (FTTypeCon
                Nothing
                (Data.Text.unpackCStringLen# "Text"# (ghc-prim:GHC.Types.I# 4#)))
             (FieldCascade Nothing Nothing) Nothing Nothing,
           Database.Persist.Quasi.Internal.UnboundFieldDef
             (FieldNameHS
                (Data.Text.unpackCStringLen# "type"# (ghc-prim:GHC.Types.I# 4#)))
             (FieldNameDB
                (Data.Text.unpackCStringLen# "type"# (ghc-prim:GHC.Types.I# 4#)))
             [] True
             (FTTypeCon
                Nothing
                (Data.Text.unpackCStringLen#
                   "PetType"# (ghc-prim:GHC.Types.I# 7#)))
             (FieldCascade Nothing Nothing) Nothing Nothing]
          (Just
             (Database.Persist.Types.SourceSpan.SourceSpan
                (Data.Text.unpackCStringLen#
                   "test/PersistentTestModels.hs"# (ghc-prim:GHC.Types.I# 28#))
                60 26 67 5)),
        Database.Persist.Quasi.Internal.UnboundEntityDef
          []
          (Database.Persist.Quasi.Internal.DefaultKey
             (FieldNameDB
                (Data.Text.unpackCStringLen# "id"# (ghc-prim:GHC.Types.I# 2#))))
          (persistent-2.17.1.0-c22d16c4b9cbf19fd9770839449a580b26760e764f59489ca2b0b6000691b229:Database.Persist.Types.Base.EntityDef
             (EntityNameHS
                (Data.Text.unpackCStringLen#
                   "MaybeOwnedPet"# (ghc-prim:GHC.Types.I# 13#)))
             (EntityNameDB
                (Data.Text.unpackCStringLen#
                   "MaybeOwnedPet"# (ghc-prim:GHC.Types.I# 13#)))
             (EntityIdField
                (FieldDef
                   (FieldNameHS
                      (Data.Text.unpackCStringLen# "Id"# (ghc-prim:GHC.Types.I# 2#)))
                   (FieldNameDB
                      (Data.Text.unpackCStringLen# "id"# (ghc-prim:GHC.Types.I# 2#)))
                   (FTTypeCon
                      Nothing
                      (Data.Text.unpackCStringLen#
                         "MaybeOwnedPetId"# (ghc-prim:GHC.Types.I# 15#)))
                   SqlInt64 [] True NoReference (FieldCascade Nothing Nothing) Nothing
                   Nothing True))
             [] [] [] [] [] containers-0.7-inplace:Data.Map.Internal.Tip False
             Nothing
             (Just
                (Database.Persist.Types.SourceSpan.SourceSpan
                   (Data.Text.unpackCStringLen#
                      "test/PersistentTestModels.hs"# (ghc-prim:GHC.Types.I# 28#))
                   68 26 71 5)))
          [Database.Persist.Quasi.Internal.UnboundFieldDef
             (FieldNameHS
                (Data.Text.unpackCStringLen#
                   "ownerId"# (ghc-prim:GHC.Types.I# 7#)))
             (FieldNameDB
                (Data.Text.unpackCStringLen#
                   "ownerId"# (ghc-prim:GHC.Types.I# 7#)))
             [FieldAttrMaybe] True
             (FTTypeCon
                Nothing
                (Data.Text.unpackCStringLen#
                   "PersonId"# (ghc-prim:GHC.Types.I# 8#)))
             (FieldCascade Nothing Nothing) Nothing Nothing,
           Database.Persist.Quasi.Internal.UnboundFieldDef
             (FieldNameHS
                (Data.Text.unpackCStringLen# "name"# (ghc-prim:GHC.Types.I# 4#)))
             (FieldNameDB
                (Data.Text.unpackCStringLen# "name"# (ghc-prim:GHC.Types.I# 4#)))
             [] True
             (FTTypeCon
                Nothing
                (Data.Text.unpackCStringLen# "Text"# (ghc-prim:GHC.Types.I# 4#)))
             (FieldCascade Nothing Nothing) Nothing Nothing,
           Database.Persist.Quasi.Internal.UnboundFieldDef
             (FieldNameHS
                (Data.Text.unpackCStringLen# "type"# (ghc-prim:GHC.Types.I# 4#)))
             (FieldNameDB
                (Data.Text.unpackCStringLen# "type"# (ghc-prim:GHC.Types.I# 4#)))
             [] True
             (FTTypeCon
                Nothing
                (Data.Text.unpackCStringLen#
                   "PetType"# (ghc-prim:GHC.Types.I# 7#)))
             (FieldCascade Nothing Nothing) Nothing Nothing]
          (Just
             (Database.Persist.Types.SourceSpan.SourceSpan
                (Data.Text.unpackCStringLen#
                   "test/PersistentTestModels.hs"# (ghc-prim:GHC.Types.I# 28#))
                68 26 71 5)),
        Database.Persist.Quasi.Internal.UnboundEntityDef
          []
          (Database.Persist.Quasi.Internal.DefaultKey
             (FieldNameDB
                (Data.Text.unpackCStringLen# "id"# (ghc-prim:GHC.Types.I# 2#))))
          (persistent-2.17.1.0-c22d16c4b9cbf19fd9770839449a580b26760e764f59489ca2b0b6000691b229:Database.Persist.Types.Base.EntityDef
             (EntityNameHS
                (Data.Text.unpackCStringLen#
                   "NeedsPet"# (ghc-prim:GHC.Types.I# 8#)))
             (EntityNameDB
                (Data.Text.unpackCStringLen#
                   "NeedsPet"# (ghc-prim:GHC.Types.I# 8#)))
             (EntityIdField
                (FieldDef
                   (FieldNameHS
                      (Data.Text.unpackCStringLen# "Id"# (ghc-prim:GHC.Types.I# 2#)))
                   (FieldNameDB
                      (Data.Text.unpackCStringLen# "id"# (ghc-prim:GHC.Types.I# 2#)))
                   (FTTypeCon
                      Nothing
                      (Data.Text.unpackCStringLen#
                         "NeedsPetId"# (ghc-prim:GHC.Types.I# 10#)))
                   SqlInt64 [] True NoReference (FieldCascade Nothing Nothing) Nothing
                   Nothing True))
             [] [] [] [] [] containers-0.7-inplace:Data.Map.Internal.Tip False
             Nothing
             (Just
                (Database.Persist.Types.SourceSpan.SourceSpan
                   (Data.Text.unpackCStringLen#
                      "test/PersistentTestModels.hs"# (ghc-prim:GHC.Types.I# 28#))
                   75 26 76 5)))
          [Database.Persist.Quasi.Internal.UnboundFieldDef
             (FieldNameHS
                (Data.Text.unpackCStringLen# "petKey"# (ghc-prim:GHC.Types.I# 6#)))
             (FieldNameDB
                (Data.Text.unpackCStringLen# "petKey"# (ghc-prim:GHC.Types.I# 6#)))
             [] True
             (FTTypeCon
                Nothing
                (Data.Text.unpackCStringLen# "PetId"# (ghc-prim:GHC.Types.I# 5#)))
             (FieldCascade Nothing Nothing) Nothing Nothing]
          (Just
             (Database.Persist.Types.SourceSpan.SourceSpan
                (Data.Text.unpackCStringLen#
                   "test/PersistentTestModels.hs"# (ghc-prim:GHC.Types.I# 28#))
                75 26 76 5)),
        Database.Persist.Quasi.Internal.UnboundEntityDef
          []
          (Database.Persist.Quasi.Internal.DefaultKey
             (FieldNameDB
                (Data.Text.unpackCStringLen# "id"# (ghc-prim:GHC.Types.I# 2#))))
          (persistent-2.17.1.0-c22d16c4b9cbf19fd9770839449a580b26760e764f59489ca2b0b6000691b229:Database.Persist.Types.Base.EntityDef
             (EntityNameHS
                (Data.Text.unpackCStringLen#
                   "OutdoorPet"# (ghc-prim:GHC.Types.I# 10#)))
             (EntityNameDB
                (Data.Text.unpackCStringLen#
                   "OutdoorPet"# (ghc-prim:GHC.Types.I# 10#)))
             (EntityIdField
                (FieldDef
                   (FieldNameHS
                      (Data.Text.unpackCStringLen# "Id"# (ghc-prim:GHC.Types.I# 2#)))
                   (FieldNameDB
                      (Data.Text.unpackCStringLen# "id"# (ghc-prim:GHC.Types.I# 2#)))
                   (FTTypeCon
                      Nothing
                      (Data.Text.unpackCStringLen#
                         "OutdoorPetId"# (ghc-prim:GHC.Types.I# 12#)))
                   SqlInt64 [] True NoReference (FieldCascade Nothing Nothing) Nothing
                   Nothing True))
             [] [] [] [] [] containers-0.7-inplace:Data.Map.Internal.Tip False
             Nothing
             (Just
                (Database.Persist.Types.SourceSpan.SourceSpan
                   (Data.Text.unpackCStringLen#
                      "test/PersistentTestModels.hs"# (ghc-prim:GHC.Types.I# 28#))
                   77 26 80 5)))
          [Database.Persist.Quasi.Internal.UnboundFieldDef
             (FieldNameHS
                (Data.Text.unpackCStringLen#
                   "ownerId"# (ghc-prim:GHC.Types.I# 7#)))
             (FieldNameDB
                (Data.Text.unpackCStringLen#
                   "ownerId"# (ghc-prim:GHC.Types.I# 7#)))
             [] True
             (FTTypeCon
                Nothing
                (Data.Text.unpackCStringLen#
                   "PersonId"# (ghc-prim:GHC.Types.I# 8#)))
             (FieldCascade Nothing Nothing) Nothing Nothing,
           Database.Persist.Quasi.Internal.UnboundFieldDef
             (FieldNameHS
                (Data.Text.unpackCStringLen# "collar"# (ghc-prim:GHC.Types.I# 6#)))
             (FieldNameDB
                (Data.Text.unpackCStringLen# "collar"# (ghc-prim:GHC.Types.I# 6#)))
             [] True
             (FTTypeCon
                Nothing
                (Data.Text.unpackCStringLen#
                   "PetCollar"# (ghc-prim:GHC.Types.I# 9#)))
             (FieldCascade Nothing Nothing) Nothing Nothing,
           Database.Persist.Quasi.Internal.UnboundFieldDef
             (FieldNameHS
                (Data.Text.unpackCStringLen# "type"# (ghc-prim:GHC.Types.I# 4#)))
             (FieldNameDB
                (Data.Text.unpackCStringLen# "type"# (ghc-prim:GHC.Types.I# 4#)))
             [] True
             (FTTypeCon
                Nothing
                (Data.Text.unpackCStringLen#
                   "PetType"# (ghc-prim:GHC.Types.I# 7#)))
             (FieldCascade Nothing Nothing) Nothing Nothing]
          (Just
             (Database.Persist.Types.SourceSpan.SourceSpan
                (Data.Text.unpackCStringLen#
                   "test/PersistentTestModels.hs"# (ghc-prim:GHC.Types.I# 28#))
                77 26 80 5)),
        Database.Persist.Quasi.Internal.UnboundEntityDef
          []
          (Database.Persist.Quasi.Internal.DefaultKey
             (FieldNameDB
                (Data.Text.unpackCStringLen# "id"# (ghc-prim:GHC.Types.I# 2#))))
          (persistent-2.17.1.0-c22d16c4b9cbf19fd9770839449a580b26760e764f59489ca2b0b6000691b229:Database.Persist.Types.Base.EntityDef
             (EntityNameHS
                (Data.Text.unpackCStringLen# "UserPT"# (ghc-prim:GHC.Types.I# 6#)))
             (EntityNameDB
                (Data.Text.unpackCStringLen# "UserPT"# (ghc-prim:GHC.Types.I# 6#)))
             (EntityIdField
                (FieldDef
                   (FieldNameHS
                      (Data.Text.unpackCStringLen# "Id"# (ghc-prim:GHC.Types.I# 2#)))
                   (FieldNameDB
                      (Data.Text.unpackCStringLen# "id"# (ghc-prim:GHC.Types.I# 2#)))
                   (FTTypeCon
                      Nothing
                      (Data.Text.unpackCStringLen#
                         "UserPTId"# (ghc-prim:GHC.Types.I# 8#)))
                   SqlInt64 [] True NoReference (FieldCascade Nothing Nothing) Nothing
                   Nothing True))
             [] []
             [UniqueDef
                (ConstraintNameHS
                   (Data.Text.unpackCStringLen#
                      "UniqueUserPT"# (ghc-prim:GHC.Types.I# 12#)))
                (ConstraintNameDB
                   (Data.Text.unpackCStringLen#
                      "UniqueUserPT"# (ghc-prim:GHC.Types.I# 12#)))
                ((FieldNameHS
                    (Data.Text.unpackCStringLen# "ident"# (ghc-prim:GHC.Types.I# 5#)), 
                  FieldNameDB
                    (Data.Text.unpackCStringLen# "ident"# (ghc-prim:GHC.Types.I# 5#)))
                   NEL.:| [])
                []]
             [] [] containers-0.7-inplace:Data.Map.Internal.Tip False Nothing
             (Just
                (Database.Persist.Types.SourceSpan.SourceSpan
                   (Data.Text.unpackCStringLen#
                      "test/PersistentTestModels.hs"# (ghc-prim:GHC.Types.I# 28#))
                   83 26 86 5)))
          [Database.Persist.Quasi.Internal.UnboundFieldDef
             (FieldNameHS
                (Data.Text.unpackCStringLen# "ident"# (ghc-prim:GHC.Types.I# 5#)))
             (FieldNameDB
                (Data.Text.unpackCStringLen# "ident"# (ghc-prim:GHC.Types.I# 5#)))
             [] True
             (FTTypeCon
                Nothing
                (Data.Text.unpackCStringLen# "Text"# (ghc-prim:GHC.Types.I# 4#)))
             (FieldCascade Nothing Nothing) Nothing Nothing,
           Database.Persist.Quasi.Internal.UnboundFieldDef
             (FieldNameHS
                (Data.Text.unpackCStringLen#
                   "password"# (ghc-prim:GHC.Types.I# 8#)))
             (FieldNameDB
                (Data.Text.unpackCStringLen#
                   "password"# (ghc-prim:GHC.Types.I# 8#)))
             [FieldAttrMaybe] True
             (FTTypeCon
                Nothing
                (Data.Text.unpackCStringLen# "Text"# (ghc-prim:GHC.Types.I# 4#)))
             (FieldCascade Nothing Nothing) Nothing Nothing]
          (Just
             (Database.Persist.Types.SourceSpan.SourceSpan
                (Data.Text.unpackCStringLen#
                   "test/PersistentTestModels.hs"# (ghc-prim:GHC.Types.I# 28#))
                83 26 86 5)),
        Database.Persist.Quasi.Internal.UnboundEntityDef
          []
          (Database.Persist.Quasi.Internal.DefaultKey
             (FieldNameDB
                (Data.Text.unpackCStringLen# "id"# (ghc-prim:GHC.Types.I# 2#))))
          (persistent-2.17.1.0-c22d16c4b9cbf19fd9770839449a580b26760e764f59489ca2b0b6000691b229:Database.Persist.Types.Base.EntityDef
             (EntityNameHS
                (Data.Text.unpackCStringLen#
                   "EmailPT"# (ghc-prim:GHC.Types.I# 7#)))
             (EntityNameDB
                (Data.Text.unpackCStringLen#
                   "EmailPT"# (ghc-prim:GHC.Types.I# 7#)))
             (EntityIdField
                (FieldDef
                   (FieldNameHS
                      (Data.Text.unpackCStringLen# "Id"# (ghc-prim:GHC.Types.I# 2#)))
                   (FieldNameDB
                      (Data.Text.unpackCStringLen# "id"# (ghc-prim:GHC.Types.I# 2#)))
                   (FTTypeCon
                      Nothing
                      (Data.Text.unpackCStringLen#
                         "EmailPTId"# (ghc-prim:GHC.Types.I# 9#)))
                   SqlInt64 [] True NoReference (FieldCascade Nothing Nothing) Nothing
                   Nothing True))
             [] []
             [UniqueDef
                (ConstraintNameHS
                   (Data.Text.unpackCStringLen#
                      "UniqueEmailPT"# (ghc-prim:GHC.Types.I# 13#)))
                (ConstraintNameDB
                   (Data.Text.unpackCStringLen#
                      "UniqueEmailPT"# (ghc-prim:GHC.Types.I# 13#)))
                ((FieldNameHS
                    (Data.Text.unpackCStringLen# "email"# (ghc-prim:GHC.Types.I# 5#)), 
                  FieldNameDB
                    (Data.Text.unpackCStringLen# "email"# (ghc-prim:GHC.Types.I# 5#)))
                   NEL.:| [])
                []]
             [] [] containers-0.7-inplace:Data.Map.Internal.Tip False Nothing
             (Just
                (Database.Persist.Types.SourceSpan.SourceSpan
                   (Data.Text.unpackCStringLen#
                      "test/PersistentTestModels.hs"# (ghc-prim:GHC.Types.I# 28#))
                   87 26 91 5)))
          [Database.Persist.Quasi.Internal.UnboundFieldDef
             (FieldNameHS
                (Data.Text.unpackCStringLen# "email"# (ghc-prim:GHC.Types.I# 5#)))
             (FieldNameDB
                (Data.Text.unpackCStringLen# "email"# (ghc-prim:GHC.Types.I# 5#)))
             [] True
             (FTTypeCon
                Nothing
                (Data.Text.unpackCStringLen# "Text"# (ghc-prim:GHC.Types.I# 4#)))
             (FieldCascade Nothing Nothing) Nothing Nothing,
           Database.Persist.Quasi.Internal.UnboundFieldDef
             (FieldNameHS
                (Data.Text.unpackCStringLen# "user"# (ghc-prim:GHC.Types.I# 4#)))
             (FieldNameDB
                (Data.Text.unpackCStringLen# "user"# (ghc-prim:GHC.Types.I# 4#)))
             [FieldAttrMaybe] True
             (FTTypeCon
                Nothing
                (Data.Text.unpackCStringLen#
                   "UserPTId"# (ghc-prim:GHC.Types.I# 8#)))
             (FieldCascade Nothing Nothing) Nothing Nothing,
           Database.Persist.Quasi.Internal.UnboundFieldDef
             (FieldNameHS
                (Data.Text.unpackCStringLen# "verkey"# (ghc-prim:GHC.Types.I# 6#)))
             (FieldNameDB
                (Data.Text.unpackCStringLen# "verkey"# (ghc-prim:GHC.Types.I# 6#)))
             [FieldAttrMaybe] True
             (FTTypeCon
                Nothing
                (Data.Text.unpackCStringLen# "Text"# (ghc-prim:GHC.Types.I# 4#)))
             (FieldCascade Nothing Nothing) Nothing Nothing]
          (Just
             (Database.Persist.Types.SourceSpan.SourceSpan
                (Data.Text.unpackCStringLen#
                   "test/PersistentTestModels.hs"# (ghc-prim:GHC.Types.I# 28#))
                87 26 91 5)),
        Database.Persist.Quasi.Internal.UnboundEntityDef
          []
          (Database.Persist.Quasi.Internal.DefaultKey
             (FieldNameDB
                (Data.Text.unpackCStringLen# "id"# (ghc-prim:GHC.Types.I# 2#))))
          (persistent-2.17.1.0-c22d16c4b9cbf19fd9770839449a580b26760e764f59489ca2b0b6000691b229:Database.Persist.Types.Base.EntityDef
             (EntityNameHS
                (Data.Text.unpackCStringLen# "Upsert"# (ghc-prim:GHC.Types.I# 6#)))
             (EntityNameDB
                (Data.Text.unpackCStringLen# "Upsert"# (ghc-prim:GHC.Types.I# 6#)))
             (EntityIdField
                (FieldDef
                   (FieldNameHS
                      (Data.Text.unpackCStringLen# "Id"# (ghc-prim:GHC.Types.I# 2#)))
                   (FieldNameDB
                      (Data.Text.unpackCStringLen# "id"# (ghc-prim:GHC.Types.I# 2#)))
                   (FTTypeCon
                      Nothing
                      (Data.Text.unpackCStringLen#
                         "UpsertId"# (ghc-prim:GHC.Types.I# 8#)))
                   SqlInt64 [] True NoReference (FieldCascade Nothing Nothing) Nothing
                   Nothing True))
             [] []
             [UniqueDef
                (ConstraintNameHS
                   (Data.Text.unpackCStringLen#
                      "UniqueUpsert"# (ghc-prim:GHC.Types.I# 12#)))
                (ConstraintNameDB
                   (Data.Text.unpackCStringLen#
                      "UniqueUpsert"# (ghc-prim:GHC.Types.I# 12#)))
                ((FieldNameHS
                    (Data.Text.unpackCStringLen# "email"# (ghc-prim:GHC.Types.I# 5#)), 
                  FieldNameDB
                    (Data.Text.unpackCStringLen# "email"# (ghc-prim:GHC.Types.I# 5#)))
                   NEL.:| [])
                []]
             []
             [Data.Text.unpackCStringLen# "Eq"# (ghc-prim:GHC.Types.I# 2#),
              Data.Text.unpackCStringLen# "Show"# (ghc-prim:GHC.Types.I# 4#)]
             containers-0.7-inplace:Data.Map.Internal.Tip False Nothing
             (Just
                (Database.Persist.Types.SourceSpan.SourceSpan
                   (Data.Text.unpackCStringLen#
                      "test/PersistentTestModels.hs"# (ghc-prim:GHC.Types.I# 28#))
                   93 26 99 5)))
          [Database.Persist.Quasi.Internal.UnboundFieldDef
             (FieldNameHS
                (Data.Text.unpackCStringLen# "email"# (ghc-prim:GHC.Types.I# 5#)))
             (FieldNameDB
                (Data.Text.unpackCStringLen# "email"# (ghc-prim:GHC.Types.I# 5#)))
             [] True
             (FTTypeCon
                Nothing
                (Data.Text.unpackCStringLen# "Text"# (ghc-prim:GHC.Types.I# 4#)))
             (FieldCascade Nothing Nothing) Nothing Nothing,
           Database.Persist.Quasi.Internal.UnboundFieldDef
             (FieldNameHS
                (Data.Text.unpackCStringLen# "attr"# (ghc-prim:GHC.Types.I# 4#)))
             (FieldNameDB
                (Data.Text.unpackCStringLen# "attr"# (ghc-prim:GHC.Types.I# 4#)))
             [] True
             (FTTypeCon
                Nothing
                (Data.Text.unpackCStringLen# "Text"# (ghc-prim:GHC.Types.I# 4#)))
             (FieldCascade Nothing Nothing) Nothing Nothing,
           Database.Persist.Quasi.Internal.UnboundFieldDef
             (FieldNameHS
                (Data.Text.unpackCStringLen# "extra"# (ghc-prim:GHC.Types.I# 5#)))
             (FieldNameDB
                (Data.Text.unpackCStringLen# "extra"# (ghc-prim:GHC.Types.I# 5#)))
             [] True
             (FTTypeCon
                Nothing
                (Data.Text.unpackCStringLen# "Text"# (ghc-prim:GHC.Types.I# 4#)))
             (FieldCascade Nothing Nothing) Nothing Nothing,
           Database.Persist.Quasi.Internal.UnboundFieldDef
             (FieldNameHS
                (Data.Text.unpackCStringLen# "age"# (ghc-prim:GHC.Types.I# 3#)))
             (FieldNameDB
                (Data.Text.unpackCStringLen# "age"# (ghc-prim:GHC.Types.I# 3#)))
             [] True
             (FTTypeCon
                Nothing
                (Data.Text.unpackCStringLen# "Int"# (ghc-prim:GHC.Types.I# 3#)))
             (FieldCascade Nothing Nothing) Nothing Nothing]
          (Just
             (Database.Persist.Types.SourceSpan.SourceSpan
                (Data.Text.unpackCStringLen#
                   "test/PersistentTestModels.hs"# (ghc-prim:GHC.Types.I# 28#))
                93 26 99 5)),
        Database.Persist.Quasi.Internal.UnboundEntityDef
          []
          (Database.Persist.Quasi.Internal.DefaultKey
             (FieldNameDB
                (Data.Text.unpackCStringLen# "id"# (ghc-prim:GHC.Types.I# 2#))))
          (persistent-2.17.1.0-c22d16c4b9cbf19fd9770839449a580b26760e764f59489ca2b0b6000691b229:Database.Persist.Types.Base.EntityDef
             (EntityNameHS
                (Data.Text.unpackCStringLen#
                   "UpsertBy"# (ghc-prim:GHC.Types.I# 8#)))
             (EntityNameDB
                (Data.Text.unpackCStringLen#
                   "UpsertBy"# (ghc-prim:GHC.Types.I# 8#)))
             (EntityIdField
                (FieldDef
                   (FieldNameHS
                      (Data.Text.unpackCStringLen# "Id"# (ghc-prim:GHC.Types.I# 2#)))
                   (FieldNameDB
                      (Data.Text.unpackCStringLen# "id"# (ghc-prim:GHC.Types.I# 2#)))
                   (FTTypeCon
                      Nothing
                      (Data.Text.unpackCStringLen#
                         "UpsertById"# (ghc-prim:GHC.Types.I# 10#)))
                   SqlInt64 [] True NoReference (FieldCascade Nothing Nothing) Nothing
                   Nothing True))
             [] []
             [UniqueDef
                (ConstraintNameHS
                   (Data.Text.unpackCStringLen#
                      "UniqueUpsertBy"# (ghc-prim:GHC.Types.I# 14#)))
                (ConstraintNameDB
                   (Data.Text.unpackCStringLen#
                      "UniqueUpsertBy"# (ghc-prim:GHC.Types.I# 14#)))
                ((FieldNameHS
                    (Data.Text.unpackCStringLen# "email"# (ghc-prim:GHC.Types.I# 5#)), 
                  FieldNameDB
                    (Data.Text.unpackCStringLen# "email"# (ghc-prim:GHC.Types.I# 5#)))
                   NEL.:| [])
                [],
              UniqueDef
                (ConstraintNameHS
                   (Data.Text.unpackCStringLen#
                      "UniqueUpsertByCity"# (ghc-prim:GHC.Types.I# 18#)))
                (ConstraintNameDB
                   (Data.Text.unpackCStringLen#
                      "UniqueUpsertByCity"# (ghc-prim:GHC.Types.I# 18#)))
                ((FieldNameHS
                    (Data.Text.unpackCStringLen# "city"# (ghc-prim:GHC.Types.I# 4#)), 
                  FieldNameDB
                    (Data.Text.unpackCStringLen# "city"# (ghc-prim:GHC.Types.I# 4#)))
                   NEL.:| [])
                []]
             []
             [Data.Text.unpackCStringLen# "Eq"# (ghc-prim:GHC.Types.I# 2#),
              Data.Text.unpackCStringLen# "Show"# (ghc-prim:GHC.Types.I# 4#)]
             containers-0.7-inplace:Data.Map.Internal.Tip False Nothing
             (Just
                (Database.Persist.Types.SourceSpan.SourceSpan
                   (Data.Text.unpackCStringLen#
                      "test/PersistentTestModels.hs"# (ghc-prim:GHC.Types.I# 28#))
                   101 26 107 5)))
          [Database.Persist.Quasi.Internal.UnboundFieldDef
             (FieldNameHS
                (Data.Text.unpackCStringLen# "email"# (ghc-prim:GHC.Types.I# 5#)))
             (FieldNameDB
                (Data.Text.unpackCStringLen# "email"# (ghc-prim:GHC.Types.I# 5#)))
             [] True
             (FTTypeCon
                Nothing
                (Data.Text.unpackCStringLen# "Text"# (ghc-prim:GHC.Types.I# 4#)))
             (FieldCascade Nothing Nothing) Nothing Nothing,
           Database.Persist.Quasi.Internal.UnboundFieldDef
             (FieldNameHS
                (Data.Text.unpackCStringLen# "city"# (ghc-prim:GHC.Types.I# 4#)))
             (FieldNameDB
                (Data.Text.unpackCStringLen# "city"# (ghc-prim:GHC.Types.I# 4#)))
             [] True
             (FTTypeCon
                Nothing
                (Data.Text.unpackCStringLen# "Text"# (ghc-prim:GHC.Types.I# 4#)))
             (FieldCascade Nothing Nothing) Nothing Nothing,
           Database.Persist.Quasi.Internal.UnboundFieldDef
             (FieldNameHS
                (Data.Text.unpackCStringLen# "attr"# (ghc-prim:GHC.Types.I# 4#)))
             (FieldNameDB
                (Data.Text.unpackCStringLen# "attr"# (ghc-prim:GHC.Types.I# 4#)))
             [] True
             (FTTypeCon
                Nothing
                (Data.Text.unpackCStringLen# "Text"# (ghc-prim:GHC.Types.I# 4#)))
             (FieldCascade Nothing Nothing) Nothing Nothing]
          (Just
             (Database.Persist.Types.SourceSpan.SourceSpan
                (Data.Text.unpackCStringLen#
                   "test/PersistentTestModels.hs"# (ghc-prim:GHC.Types.I# 28#))
                101 26 107 5)),
        Database.Persist.Quasi.Internal.UnboundEntityDef
          []
          (Database.Persist.Quasi.Internal.DefaultKey
             (FieldNameDB
                (Data.Text.unpackCStringLen# "id"# (ghc-prim:GHC.Types.I# 2#))))
          (persistent-2.17.1.0-c22d16c4b9cbf19fd9770839449a580b26760e764f59489ca2b0b6000691b229:Database.Persist.Types.Base.EntityDef
             (EntityNameHS
                (Data.Text.unpackCStringLen# "Strict"# (ghc-prim:GHC.Types.I# 6#)))
             (EntityNameDB
                (Data.Text.unpackCStringLen# "Strict"# (ghc-prim:GHC.Types.I# 6#)))
             (EntityIdField
                (FieldDef
                   (FieldNameHS
                      (Data.Text.unpackCStringLen# "Id"# (ghc-prim:GHC.Types.I# 2#)))
                   (FieldNameDB
                      (Data.Text.unpackCStringLen# "id"# (ghc-prim:GHC.Types.I# 2#)))
                   (FTTypeCon
                      Nothing
                      (Data.Text.unpackCStringLen#
                         "StrictId"# (ghc-prim:GHC.Types.I# 8#)))
                   SqlInt64 [] True NoReference (FieldCascade Nothing Nothing) Nothing
                   Nothing True))
             [] [] [] [] [] containers-0.7-inplace:Data.Map.Internal.Tip False
             Nothing
             (Just
                (Database.Persist.Types.SourceSpan.SourceSpan
                   (Data.Text.unpackCStringLen#
                      "test/PersistentTestModels.hs"# (ghc-prim:GHC.Types.I# 28#))
                   109 26 112 5)))
          [Database.Persist.Quasi.Internal.UnboundFieldDef
             (FieldNameHS
                (Data.Text.unpackCStringLen# "yes"# (ghc-prim:GHC.Types.I# 3#)))
             (FieldNameDB
                (Data.Text.unpackCStringLen# "yes"# (ghc-prim:GHC.Types.I# 3#)))
             [] True
             (FTTypeCon
                Nothing
                (Data.Text.unpackCStringLen# "Int"# (ghc-prim:GHC.Types.I# 3#)))
             (FieldCascade Nothing Nothing) Nothing Nothing,
           Database.Persist.Quasi.Internal.UnboundFieldDef
             (FieldNameHS
                (Data.Text.unpackCStringLen# "no"# (ghc-prim:GHC.Types.I# 2#)))
             (FieldNameDB
                (Data.Text.unpackCStringLen# "no"# (ghc-prim:GHC.Types.I# 2#)))
             [] False
             (FTTypeCon
                Nothing
                (Data.Text.unpackCStringLen# "Int"# (ghc-prim:GHC.Types.I# 3#)))
             (FieldCascade Nothing Nothing) Nothing Nothing,
           Database.Persist.Quasi.Internal.UnboundFieldDef
             (FieldNameHS
                (Data.Text.unpackCStringLen# "def"# (ghc-prim:GHC.Types.I# 3#)))
             (FieldNameDB
                (Data.Text.unpackCStringLen# "def"# (ghc-prim:GHC.Types.I# 3#)))
             [] True
             (FTTypeCon
                Nothing
                (Data.Text.unpackCStringLen# "Int"# (ghc-prim:GHC.Types.I# 3#)))
             (FieldCascade Nothing Nothing) Nothing Nothing]
          (Just
             (Database.Persist.Types.SourceSpan.SourceSpan
                (Data.Text.unpackCStringLen#
                   "test/PersistentTestModels.hs"# (ghc-prim:GHC.Types.I# 28#))
                109 26 112 5))])
  ======>
    instance PersistStore backend =>
             PersistField (PersonGeneric backend) where
      toPersistValue
        = Database.Persist.TH.Internal.entityToPersistValueHelper
      fromPersistValue
        = Database.Persist.TH.Internal.entityFromPersistValueHelper
            ["name", "age", "color"]
    instance PersistStore backend =>
             PersistFieldSql (PersonGeneric backend) where
      sqlType _ = SqlString
    instance PersistStore backend =>
             PersistField (Person1Generic backend) where
      toPersistValue
        = Database.Persist.TH.Internal.entityToPersistValueHelper
      fromPersistValue
        = Database.Persist.TH.Internal.entityFromPersistValueHelper
            ["name", "age"]
    instance PersistStore backend =>
             PersistFieldSql (Person1Generic backend) where
      sqlType _ = SqlString
    instance PersistStore backend =>
             PersistField (PersonMaybeAgeGeneric backend) where
      toPersistValue
        = Database.Persist.TH.Internal.entityToPersistValueHelper
      fromPersistValue
        = Database.Persist.TH.Internal.entityFromPersistValueHelper
            ["name", "age"]
    instance PersistStore backend =>
             PersistFieldSql (PersonMaybeAgeGeneric backend) where
      sqlType _ = SqlString
    instance PersistStore backend =>
             PersistField (PersonMayGeneric backend) where
      toPersistValue
        = Database.Persist.TH.Internal.entityToPersistValueHelper
      fromPersistValue
        = Database.Persist.TH.Internal.entityFromPersistValueHelper
            ["name", "color"]
    instance PersistStore backend =>
             PersistFieldSql (PersonMayGeneric backend) where
      sqlType _ = SqlString
    instance PersistStore backend =>
             PersistField (PetGeneric backend) where
      toPersistValue
        = Database.Persist.TH.Internal.entityToPersistValueHelper
      fromPersistValue
        = Database.Persist.TH.Internal.entityFromPersistValueHelper
            ["ownerId", "name", "type"]
    instance PersistStore backend =>
             PersistFieldSql (PetGeneric backend) where
      sqlType _ = SqlString
    instance PersistStore backend =>
             PersistField (MaybeOwnedPetGeneric backend) where
      toPersistValue
        = Database.Persist.TH.Internal.entityToPersistValueHelper
      fromPersistValue
        = Database.Persist.TH.Internal.entityFromPersistValueHelper
            ["ownerId", "name", "type"]
    instance PersistStore backend =>
             PersistFieldSql (MaybeOwnedPetGeneric backend) where
      sqlType _ = SqlString
    instance PersistStore backend =>
             PersistField (NeedsPetGeneric backend) where
      toPersistValue
        = Database.Persist.TH.Internal.entityToPersistValueHelper
      fromPersistValue
        = Database.Persist.TH.Internal.entityFromPersistValueHelper
            ["petKey"]
    instance PersistStore backend =>
             PersistFieldSql (NeedsPetGeneric backend) where
      sqlType _ = SqlString
    instance PersistStore backend =>
             PersistField (OutdoorPetGeneric backend) where
      toPersistValue
        = Database.Persist.TH.Internal.entityToPersistValueHelper
      fromPersistValue
        = Database.Persist.TH.Internal.entityFromPersistValueHelper
            ["ownerId", "collar", "type"]
    instance PersistStore backend =>
             PersistFieldSql (OutdoorPetGeneric backend) where
      sqlType _ = SqlString
    instance PersistStore backend =>
             PersistField (UserPTGeneric backend) where
      toPersistValue
        = Database.Persist.TH.Internal.entityToPersistValueHelper
      fromPersistValue
        = Database.Persist.TH.Internal.entityFromPersistValueHelper
            ["ident", "password"]
    instance PersistStore backend =>
             PersistFieldSql (UserPTGeneric backend) where
      sqlType _ = SqlString
    instance PersistStore backend =>
             PersistField (EmailPTGeneric backend) where
      toPersistValue
        = Database.Persist.TH.Internal.entityToPersistValueHelper
      fromPersistValue
        = Database.Persist.TH.Internal.entityFromPersistValueHelper
            ["email", "user", "verkey"]
    instance PersistStore backend =>
             PersistFieldSql (EmailPTGeneric backend) where
      sqlType _ = SqlString
    instance PersistStore backend =>
             PersistField (UpsertGeneric backend) where
      toPersistValue
        = Database.Persist.TH.Internal.entityToPersistValueHelper
      fromPersistValue
        = Database.Persist.TH.Internal.entityFromPersistValueHelper
            ["email", "attr", "extra", "age"]
    instance PersistStore backend =>
             PersistFieldSql (UpsertGeneric backend) where
      sqlType _ = SqlString
    instance PersistStore backend =>
             PersistField (UpsertByGeneric backend) where
      toPersistValue
        = Database.Persist.TH.Internal.entityToPersistValueHelper
      fromPersistValue
        = Database.Persist.TH.Internal.entityFromPersistValueHelper
            ["email", "city", "attr"]
    instance PersistStore backend =>
             PersistFieldSql (UpsertByGeneric backend) where
      sqlType _ = SqlString
    instance PersistStore backend =>
             PersistField (StrictGeneric backend) where
      toPersistValue
        = Database.Persist.TH.Internal.entityToPersistValueHelper
      fromPersistValue
        = Database.Persist.TH.Internal.entityFromPersistValueHelper
            ["yes", "no", "def"]
    instance PersistStore backend =>
             PersistFieldSql (StrictGeneric backend) where
      sqlType _ = SqlString
    type Person = PersonGeneric SqlBackend
    data PersonGeneric backend
      = Person {personName :: !Text,
                personAge :: !Int,
                personColor :: !(Maybe Text)}
      deriving stock (Show, Eq)
    type PersonId = Key Person
    instance PersistStore backend =>
             PersistEntity (PersonGeneric backend) where
      type PersistEntityBackend (PersonGeneric backend) = backend
      data Unique (PersonGeneric backend) = PersonNameKey Text
      newtype Key (PersonGeneric backend)
        = PersonKey {unPersonKey :: (BackendKey backend)}
      data EntityField (PersonGeneric backend) typ
        = (typ ~ Key (PersonGeneric backend)) => PersonId |
          (typ ~ Text) => PersonName |
          (typ ~ Int) => PersonAge |
          (typ ~ Maybe Text) => PersonColor
      keyToValues
        = ((: [])
             . (toPersistValue . (\ PersonKey {unPersonKey = x} -> x)))
      keyFromValues
        = (fmap PersonKey
             . (fromPersistValue . Database.Persist.TH.Internal.headNote))
      keyFromRecordM = Nothing
      tabulateEntityA fromField_aj1x
        = ((Entity <$> fromField_aj1x PersonId)
             <*>
               (((pure Person <*> fromField_aj1x PersonName)
                   <*> fromField_aj1x PersonAge)
                  <*> fromField_aj1x PersonColor))
      tabulateEntityApply fromField_aj1w
        = ((Entity <$> fromField_aj1w PersonId)
             semigroupoids-6.0.1-65f23924fa529396dadce4ec759b13f32da41d263175c84695f8486aa34c3556:Data.Functor.Bind.Class.<.>
               (((Person <$> fromField_aj1w PersonName)
                   semigroupoids-6.0.1-65f23924fa529396dadce4ec759b13f32da41d263175c84695f8486aa34c3556:Data.Functor.Bind.Class.<.>
                     fromField_aj1w PersonAge)
                  semigroupoids-6.0.1-65f23924fa529396dadce4ec759b13f32da41d263175c84695f8486aa34c3556:Data.Functor.Bind.Class.<.>
                    fromField_aj1w PersonColor))
      entityDef _
        = persistent-2.17.1.0-c22d16c4b9cbf19fd9770839449a580b26760e764f59489ca2b0b6000691b229:Database.Persist.Types.Base.EntityDef
            (EntityNameHS
               (Data.Text.unpackCStringLen# "Person"# (ghc-prim:GHC.Types.I# 6#)))
            (EntityNameDB
               (Data.Text.unpackCStringLen# "Person"# (ghc-prim:GHC.Types.I# 6#)))
            (EntityIdField
               (FieldDef
                  (FieldNameHS
                     (Data.Text.unpackCStringLen# "Id"# (ghc-prim:GHC.Types.I# 2#)))
                  (FieldNameDB
                     (Data.Text.unpackCStringLen# "id"# (ghc-prim:GHC.Types.I# 2#)))
                  (FTTypeCon
                     Nothing
                     (Data.Text.unpackCStringLen#
                        "PersonId"# (ghc-prim:GHC.Types.I# 8#)))
                  SqlInt64 [] True NoReference (FieldCascade Nothing Nothing) Nothing
                  Nothing True))
            [Data.Text.unpackCStringLen# "json"# (ghc-prim:GHC.Types.I# 4#)] []
            [UniqueDef
               (ConstraintNameHS
                  (Data.Text.unpackCStringLen#
                     "PersonNameKey"# (ghc-prim:GHC.Types.I# 13#)))
               (ConstraintNameDB
                  (Data.Text.unpackCStringLen#
                     "PersonNameKey"# (ghc-prim:GHC.Types.I# 13#)))
               ((FieldNameHS
                   (Data.Text.unpackCStringLen# "name"# (ghc-prim:GHC.Types.I# 4#)), 
                 FieldNameDB
                   (Data.Text.unpackCStringLen# "name"# (ghc-prim:GHC.Types.I# 4#)))
                  NEL.:| [])
               []]
            []
            [Data.Text.unpackCStringLen# "Show"# (ghc-prim:GHC.Types.I# 4#),
             Data.Text.unpackCStringLen# "Eq"# (ghc-prim:GHC.Types.I# 2#)]
            containers-0.7-inplace:Data.Map.Internal.Tip False Nothing
            (Just
               (Database.Persist.Types.SourceSpan.SourceSpan
                  (Data.Text.unpackCStringLen#
                     "test/PersistentTestModels.hs"# (ghc-prim:GHC.Types.I# 28#))
                  40 26 45 5))
            {persistent-2.17.1.0-c22d16c4b9cbf19fd9770839449a580b26760e764f59489ca2b0b6000691b229:Database.Persist.Types.Base.entityFields = [FieldDef
                                                                                                                                                {fieldHaskell = FieldNameHS
                                                                                                                                                                  (Data.Text.unpackCStringLen#
                                                                                                                                                                     "name"#
                                                                                                                                                                     (ghc-prim:GHC.Types.I#
                                                                                                                                                                        4#)),
                                                                                                                                                 fieldDB = FieldNameDB
                                                                                                                                                             (Data.Text.unpackCStringLen#
                                                                                                                                                                "name"#
                                                                                                                                                                (ghc-prim:GHC.Types.I#
                                                                                                                                                                   4#)),
                                                                                                                                                 fieldType = FTTypeCon
                                                                                                                                                               Nothing
                                                                                                                                                               (Data.Text.unpackCStringLen#
                                                                                                                                                                  "Text"#
                                                                                                                                                                  (ghc-prim:GHC.Types.I#
                                                                                                                                                                     4#)),
                                                                                                                                                 fieldSqlType = sqlType
                                                                                                                                                                  (Proxy ::
                                                                                                                                                                     Proxy Text),
                                                                                                                                                 fieldAttrs = [],
                                                                                                                                                 fieldStrict = True,
                                                                                                                                                 fieldReference = NoReference,
                                                                                                                                                 fieldCascade = FieldCascade
                                                                                                                                                                  Nothing
                                                                                                                                                                  Nothing,
                                                                                                                                                 fieldComments = Nothing,
                                                                                                                                                 fieldGenerated = Nothing,
                                                                                                                                                 fieldIsImplicitIdColumn = False},
                                                                                                                                              FieldDef
                                                                                                                                                {fieldHaskell = FieldNameHS
                                                                                                                                                                  (Data.Text.unpackCStringLen#
                                                                                                                                                                     "age"#
                                                                                                                                                                     (ghc-prim:GHC.Types.I#
                                                                                                                                                                        3#)),
                                                                                                                                                 fieldDB = FieldNameDB
                                                                                                                                                             (Data.Text.unpackCStringLen#
                                                                                                                                                                "age"#
                                                                                                                                                                (ghc-prim:GHC.Types.I#
                                                                                                                                                                   3#)),
                                                                                                                                                 fieldType = FTTypeCon
                                                                                                                                                               Nothing
                                                                                                                                                               (Data.Text.unpackCStringLen#
                                                                                                                                                                  "Int"#
                                                                                                                                                                  (ghc-prim:GHC.Types.I#
                                                                                                                                                                     3#)),
                                                                                                                                                 fieldSqlType = sqlType
                                                                                                                                                                  (Proxy ::
                                                                                                                                                                     Proxy Int),
                                                                                                                                                 fieldAttrs = [FieldAttrOther
                                                                                                                                                                 (Data.Text.unpackCStringLen#
                                                                                                                                                                    "some=ignored -- \" attribute"#
                                                                                                                                                                    (ghc-prim:GHC.Types.I#
                                                                                                                                                                       27#))],
                                                                                                                                                 fieldStrict = True,
                                                                                                                                                 fieldReference = NoReference,
                                                                                                                                                 fieldCascade = FieldCascade
                                                                                                                                                                  Nothing
                                                                                                                                                                  Nothing,
                                                                                                                                                 fieldComments = Nothing,
                                                                                                                                                 fieldGenerated = Nothing,
                                                                                                                                                 fieldIsImplicitIdColumn = False},
                                                                                                                                              FieldDef
                                                                                                                                                {fieldHaskell = FieldNameHS
                                                                                                                                                                  (Data.Text.unpackCStringLen#
                                                                                                                                                                     "color"#
                                                                                                                                                                     (ghc-prim:GHC.Types.I#
                                                                                                                                                                        5#)),
                                                                                                                                                 fieldDB = FieldNameDB
                                                                                                                                                             (Data.Text.unpackCStringLen#
                                                                                                                                                                "color"#
                                                                                                                                                                (ghc-prim:GHC.Types.I#
                                                                                                                                                                   5#)),
                                                                                                                                                 fieldType = FTTypeCon
                                                                                                                                                               Nothing
                                                                                                                                                               (Data.Text.unpackCStringLen#
                                                                                                                                                                  "Text"#
                                                                                                                                                                  (ghc-prim:GHC.Types.I#
                                                                                                                                                                     4#)),
                                                                                                                                                 fieldSqlType = sqlType
                                                                                                                                                                  (Proxy ::
                                                                                                                                                                     Proxy Text),
                                                                                                                                                 fieldAttrs = [FieldAttrMaybe],
                                                                                                                                                 fieldStrict = True,
                                                                                                                                                 fieldReference = NoReference,
                                                                                                                                                 fieldCascade = FieldCascade
                                                                                                                                                                  Nothing
                                                                                                                                                                  Nothing,
                                                                                                                                                 fieldComments = Nothing,
                                                                                                                                                 fieldGenerated = Nothing,
                                                                                                                                                 fieldIsImplicitIdColumn = False}],
             persistent-2.17.1.0-c22d16c4b9cbf19fd9770839449a580b26760e764f59489ca2b0b6000691b229:Database.Persist.Types.Base.entityId = EntityIdField
                                                                                                                                           (FieldDef
                                                                                                                                              (FieldNameHS
                                                                                                                                                 (Data.Text.unpackCStringLen#
                                                                                                                                                    "Id"#
                                                                                                                                                    (ghc-prim:GHC.Types.I#
                                                                                                                                                       2#)))
                                                                                                                                              (FieldNameDB
                                                                                                                                                 (Data.Text.unpackCStringLen#
                                                                                                                                                    "id"#
                                                                                                                                                    (ghc-prim:GHC.Types.I#
                                                                                                                                                       2#)))
                                                                                                                                              (FTTypeCon
                                                                                                                                                 Nothing
                                                                                                                                                 (Data.Text.unpackCStringLen#
                                                                                                                                                    "PersonId"#
                                                                                                                                                    (ghc-prim:GHC.Types.I#
                                                                                                                                                       8#)))
                                                                                                                                              SqlInt64
                                                                                                                                              []
                                                                                                                                              True
                                                                                                                                              NoReference
                                                                                                                                              (FieldCascade
                                                                                                                                                 Nothing
                                                                                                                                                 Nothing)
                                                                                                                                              Nothing
                                                                                                                                              Nothing
                                                                                                                                              True),
             persistent-2.17.1.0-c22d16c4b9cbf19fd9770839449a580b26760e764f59489ca2b0b6000691b229:Database.Persist.Types.Base.entityForeigns = []}
      toPersistFields (Person x_aj16 x_aj17 x_aj18)
        = [toPersistValue x_aj16, toPersistValue x_aj17,
           toPersistValue x_aj18]
      fromPersistValues [x1_aj1a, x2_aj1b, x3_aj1c]
        = Person
            <$>
              (Database.Persist.TH.Internal.mapLeft
                 (Database.Persist.TH.Internal.fieldError
                    (Data.Text.unpackCStringLen# "Person"# (ghc-prim:GHC.Types.I# 6#))
                    (Data.Text.unpackCStringLen# "name"# (ghc-prim:GHC.Types.I# 4#)))
                 . fromPersistValue)
                x1_aj1a
            <*>
              (Database.Persist.TH.Internal.mapLeft
                 (Database.Persist.TH.Internal.fieldError
                    (Data.Text.unpackCStringLen# "Person"# (ghc-prim:GHC.Types.I# 6#))
                    (Data.Text.unpackCStringLen# "age"# (ghc-prim:GHC.Types.I# 3#)))
                 . fromPersistValue)
                x2_aj1b
            <*>
              (Database.Persist.TH.Internal.mapLeft
                 (Database.Persist.TH.Internal.fieldError
                    (Data.Text.unpackCStringLen# "Person"# (ghc-prim:GHC.Types.I# 6#))
                    (Data.Text.unpackCStringLen# "color"# (ghc-prim:GHC.Types.I# 5#)))
                 . fromPersistValue)
                x3_aj1c
      fromPersistValues x_aj19
        = (Left
             $ mappend
                 (Data.Text.unpackCStringLen#
                    "Person: fromPersistValues failed on: "#
                    (ghc-prim:GHC.Types.I# 37#))
                 (Data.Text.Internal.pack $ show x_aj19))
      persistUniqueToFieldNames PersonNameKey {}
        = ((FieldNameHS
              (Data.Text.unpackCStringLen# "name"# (ghc-prim:GHC.Types.I# 4#)), 
            FieldNameDB
              (Data.Text.unpackCStringLen# "name"# (ghc-prim:GHC.Types.I# 4#)))
             NEL.:| [])
      persistUniqueToValues (PersonNameKey x_aj1d)
        = [toPersistValue x_aj1d]
      persistUniqueKeys (Person _name_aj1e _age_aj1f _color_aj1g)
        = [PersonNameKey _name_aj1e]
      persistFieldDef PersonId
        = Database.Persist.TH.Internal.stripIdFieldImpl
            (EntityIdField
               (FieldDef
                  (FieldNameHS
                     (Data.Text.unpackCStringLen# "Id"# (ghc-prim:GHC.Types.I# 2#)))
                  (FieldNameDB
                     (Data.Text.unpackCStringLen# "id"# (ghc-prim:GHC.Types.I# 2#)))
                  (FTTypeCon
                     Nothing
                     (Data.Text.unpackCStringLen#
                        "PersonId"# (ghc-prim:GHC.Types.I# 8#)))
                  SqlInt64 [] True NoReference (FieldCascade Nothing Nothing) Nothing
                  Nothing True))
      persistFieldDef PersonName
        = Database.Persist.TH.Internal.lookupEntityField
            (Proxy :: Proxy Person)
            (FieldNameHS
               (Data.Text.unpackCStringLen# "name"# (ghc-prim:GHC.Types.I# 4#)))
      persistFieldDef PersonAge
        = Database.Persist.TH.Internal.lookupEntityField
            (Proxy :: Proxy Person)
            (FieldNameHS
               (Data.Text.unpackCStringLen# "age"# (ghc-prim:GHC.Types.I# 3#)))
      persistFieldDef PersonColor
        = Database.Persist.TH.Internal.lookupEntityField
            (Proxy :: Proxy Person)
            (FieldNameHS
               (Data.Text.unpackCStringLen# "color"# (ghc-prim:GHC.Types.I# 5#)))
      persistIdField = PersonId
      fieldLens PersonId
        = Database.Persist.TH.Internal.lensPTH
            entityKey
            (\ (Entity _ value_aj1i) key_aj1j -> Entity key_aj1j value_aj1i)
      fieldLens PersonName
        = Database.Persist.TH.Internal.lensPTH
            ((\ Person {personName = x} -> x) . entityVal)
            (\ (Entity key_aj1k value_aj1l) x_aj1m
               -> Entity
                    key_aj1k
                    (case value_aj1l of
                       Person {personAge = personAge_aj1o, personColor = personColor_aj1p}
                         -> Person
                              {personName = x_aj1m, personAge = personAge,
                               personColor = personColor}))
      fieldLens PersonAge
        = Database.Persist.TH.Internal.lensPTH
            ((\ Person {personAge = x} -> x) . entityVal)
            (\ (Entity key_aj1k value_aj1l) x_aj1m
               -> Entity
                    key_aj1k
                    (case value_aj1l of
                       Person {personName = personName_aj1q,
                               personColor = personColor_aj1s}
                         -> Person
                              {personName = personName, personAge = x_aj1m,
                               personColor = personColor}))
      fieldLens PersonColor
        = Database.Persist.TH.Internal.lensPTH
            ((\ Person {personColor = x} -> x) . entityVal)
            (\ (Entity key_aj1k value_aj1l) x_aj1m
               -> Entity
                    key_aj1k
                    (case value_aj1l of
                       Person {personName = personName_aj1t, personAge = personAge_aj1u}
                         -> Person
                              {personName = personName, personAge = personAge,
                               personColor = x_aj1m}))
    deriving stock instance Show (BackendKey backend) =>
                            Show (Key (PersonGeneric backend))
    deriving stock instance Read (BackendKey backend) =>
                            Read (Key (PersonGeneric backend))
    deriving newtype instance Eq (BackendKey backend) =>
                              Eq (Key (PersonGeneric backend))
    deriving newtype instance Ord (BackendKey backend) =>
                              Ord (Key (PersonGeneric backend))
    deriving newtype instance http-api-data-0.6.2-ad6e7e357125ac86bbf7b8bd52a9c174d0ff335d24e5b6ec37ede24c36c32ba4:Web.Internal.HttpApiData.ToHttpApiData (BackendKey backend) =>
                              http-api-data-0.6.2-ad6e7e357125ac86bbf7b8bd52a9c174d0ff335d24e5b6ec37ede24c36c32ba4:Web.Internal.HttpApiData.ToHttpApiData (Key (PersonGeneric backend))
    deriving newtype instance http-api-data-0.6.2-ad6e7e357125ac86bbf7b8bd52a9c174d0ff335d24e5b6ec37ede24c36c32ba4:Web.Internal.HttpApiData.FromHttpApiData (BackendKey backend) =>
                              http-api-data-0.6.2-ad6e7e357125ac86bbf7b8bd52a9c174d0ff335d24e5b6ec37ede24c36c32ba4:Web.Internal.HttpApiData.FromHttpApiData (Key (PersonGeneric backend))
    deriving newtype instance path-pieces-0.2.1-0cbcd43ab620cff66080c4dbbe25b5faf7aeb7d6ad7dda7fb20e5a2d48febdaf:Web.PathPieces.PathPiece (BackendKey backend) =>
                              path-pieces-0.2.1-0cbcd43ab620cff66080c4dbbe25b5faf7aeb7d6ad7dda7fb20e5a2d48febdaf:Web.PathPieces.PathPiece (Key (PersonGeneric backend))
    deriving newtype instance PersistField (BackendKey backend) =>
                              PersistField (Key (PersonGeneric backend))
    deriving newtype instance PersistFieldSql (BackendKey backend) =>
                              PersistFieldSql (Key (PersonGeneric backend))
    deriving newtype instance ToJSON (BackendKey backend) =>
                              ToJSON (Key (PersonGeneric backend))
    deriving newtype instance FromJSON (BackendKey backend) =>
                              FromJSON (Key (PersonGeneric backend))
    instance PersistStore backend =>
             ToBackendKey backend (PersonGeneric backend) where
      toBackendKey = \ PersonKey {unPersonKey = x} -> x
      fromBackendKey = PersonKey
    type Person1 = Person1Generic SqlBackend
    data Person1Generic backend
      = Person1 {person1Name :: !Text, person1Age :: !Int}
      deriving stock (Show, Eq)
    type Person1Id = Key Person1
    instance PersistStore backend =>
             PersistEntity (Person1Generic backend) where
      type PersistEntityBackend (Person1Generic backend) = backend
      data Unique (Person1Generic backend)
      newtype Key (Person1Generic backend)
        = Person1Key {unPerson1Key :: (BackendKey backend)}
      data EntityField (Person1Generic backend) typ
        = (typ ~ Key (Person1Generic backend)) => Person1Id |
          (typ ~ Text) => Person1Name |
          (typ ~ Int) => Person1Age
      keyToValues
        = ((: [])
             . (toPersistValue . (\ Person1Key {unPerson1Key = x} -> x)))
      keyFromValues
        = (fmap Person1Key
             . (fromPersistValue . Database.Persist.TH.Internal.headNote))
      keyFromRecordM = Nothing
      tabulateEntityA fromField_aj1Q
        = ((Entity <$> fromField_aj1Q Person1Id)
             <*>
               ((pure Person1 <*> fromField_aj1Q Person1Name)
                  <*> fromField_aj1Q Person1Age))
      tabulateEntityApply fromField_aj1P
        = ((Entity <$> fromField_aj1P Person1Id)
             semigroupoids-6.0.1-65f23924fa529396dadce4ec759b13f32da41d263175c84695f8486aa34c3556:Data.Functor.Bind.Class.<.>
               ((Person1 <$> fromField_aj1P Person1Name)
                  semigroupoids-6.0.1-65f23924fa529396dadce4ec759b13f32da41d263175c84695f8486aa34c3556:Data.Functor.Bind.Class.<.>
                    fromField_aj1P Person1Age))
      entityDef _
        = persistent-2.17.1.0-c22d16c4b9cbf19fd9770839449a580b26760e764f59489ca2b0b6000691b229:Database.Persist.Types.Base.EntityDef
            (EntityNameHS
               (Data.Text.unpackCStringLen#
                  "Person1"# (ghc-prim:GHC.Types.I# 7#)))
            (EntityNameDB
               (Data.Text.unpackCStringLen#
                  "Person1"# (ghc-prim:GHC.Types.I# 7#)))
            (EntityIdField
               (FieldDef
                  (FieldNameHS
                     (Data.Text.unpackCStringLen# "Id"# (ghc-prim:GHC.Types.I# 2#)))
                  (FieldNameDB
                     (Data.Text.unpackCStringLen# "id"# (ghc-prim:GHC.Types.I# 2#)))
                  (FTTypeCon
                     Nothing
                     (Data.Text.unpackCStringLen#
                        "Person1Id"# (ghc-prim:GHC.Types.I# 9#)))
                  SqlInt64 [] True NoReference (FieldCascade Nothing Nothing) Nothing
                  Nothing True))
            [] [] [] []
            [Data.Text.unpackCStringLen# "Show"# (ghc-prim:GHC.Types.I# 4#),
             Data.Text.unpackCStringLen# "Eq"# (ghc-prim:GHC.Types.I# 2#)]
            containers-0.7-inplace:Data.Map.Internal.Tip False Nothing
            (Just
               (Database.Persist.Types.SourceSpan.SourceSpan
                  (Data.Text.unpackCStringLen#
                     "test/PersistentTestModels.hs"# (ghc-prim:GHC.Types.I# 28#))
                  46 26 52 5))
            {persistent-2.17.1.0-c22d16c4b9cbf19fd9770839449a580b26760e764f59489ca2b0b6000691b229:Database.Persist.Types.Base.entityFields = [FieldDef
                                                                                                                                                {fieldHaskell = FieldNameHS
                                                                                                                                                                  (Data.Text.unpackCStringLen#
                                                                                                                                                                     "name"#
                                                                                                                                                                     (ghc-prim:GHC.Types.I#
                                                                                                                                                                        4#)),
                                                                                                                                                 fieldDB = FieldNameDB
                                                                                                                                                             (Data.Text.unpackCStringLen#
                                                                                                                                                                "name"#
                                                                                                                                                                (ghc-prim:GHC.Types.I#
                                                                                                                                                                   4#)),
                                                                                                                                                 fieldType = FTTypeCon
                                                                                                                                                               Nothing
                                                                                                                                                               (Data.Text.unpackCStringLen#
                                                                                                                                                                  "Text"#
                                                                                                                                                                  (ghc-prim:GHC.Types.I#
                                                                                                                                                                     4#)),
                                                                                                                                                 fieldSqlType = sqlType
                                                                                                                                                                  (Proxy ::
                                                                                                                                                                     Proxy Text),
                                                                                                                                                 fieldAttrs = [],
                                                                                                                                                 fieldStrict = True,
                                                                                                                                                 fieldReference = NoReference,
                                                                                                                                                 fieldCascade = FieldCascade
                                                                                                                                                                  Nothing
                                                                                                                                                                  Nothing,
                                                                                                                                                 fieldComments = Nothing,
                                                                                                                                                 fieldGenerated = Nothing,
                                                                                                                                                 fieldIsImplicitIdColumn = False},
                                                                                                                                              FieldDef
                                                                                                                                                {fieldHaskell = FieldNameHS
                                                                                                                                                                  (Data.Text.unpackCStringLen#
                                                                                                                                                                     "age"#
                                                                                                                                                                     (ghc-prim:GHC.Types.I#
                                                                                                                                                                        3#)),
                                                                                                                                                 fieldDB = FieldNameDB
                                                                                                                                                             (Data.Text.unpackCStringLen#
                                                                                                                                                                "age"#
                                                                                                                                                                (ghc-prim:GHC.Types.I#
                                                                                                                                                                   3#)),
                                                                                                                                                 fieldType = FTTypeCon
                                                                                                                                                               Nothing
                                                                                                                                                               (Data.Text.unpackCStringLen#
                                                                                                                                                                  "Int"#
                                                                                                                                                                  (ghc-prim:GHC.Types.I#
                                                                                                                                                                     3#)),
                                                                                                                                                 fieldSqlType = sqlType
                                                                                                                                                                  (Proxy ::
                                                                                                                                                                     Proxy Int),
                                                                                                                                                 fieldAttrs = [],
                                                                                                                                                 fieldStrict = True,
                                                                                                                                                 fieldReference = NoReference,
                                                                                                                                                 fieldCascade = FieldCascade
                                                                                                                                                                  Nothing
                                                                                                                                                                  Nothing,
                                                                                                                                                 fieldComments = Nothing,
                                                                                                                                                 fieldGenerated = Nothing,
                                                                                                                                                 fieldIsImplicitIdColumn = False}],
             persistent-2.17.1.0-c22d16c4b9cbf19fd9770839449a580b26760e764f59489ca2b0b6000691b229:Database.Persist.Types.Base.entityId = EntityIdField
                                                                                                                                           (FieldDef
                                                                                                                                              (FieldNameHS
                                                                                                                                                 (Data.Text.unpackCStringLen#
                                                                                                                                                    "Id"#
                                                                                                                                                    (ghc-prim:GHC.Types.I#
                                                                                                                                                       2#)))
                                                                                                                                              (FieldNameDB
                                                                                                                                                 (Data.Text.unpackCStringLen#
                                                                                                                                                    "id"#
                                                                                                                                                    (ghc-prim:GHC.Types.I#
                                                                                                                                                       2#)))
                                                                                                                                              (FTTypeCon
                                                                                                                                                 Nothing
                                                                                                                                                 (Data.Text.unpackCStringLen#
                                                                                                                                                    "Person1Id"#
                                                                                                                                                    (ghc-prim:GHC.Types.I#
                                                                                                                                                       9#)))
                                                                                                                                              SqlInt64
                                                                                                                                              []
                                                                                                                                              True
                                                                                                                                              NoReference
                                                                                                                                              (FieldCascade
                                                                                                                                                 Nothing
                                                                                                                                                 Nothing)
                                                                                                                                              Nothing
                                                                                                                                              Nothing
                                                                                                                                              True),
             persistent-2.17.1.0-c22d16c4b9cbf19fd9770839449a580b26760e764f59489ca2b0b6000691b229:Database.Persist.Types.Base.entityForeigns = []}
      toPersistFields (Person1 x_aj1y x_aj1z)
        = [toPersistValue x_aj1y, toPersistValue x_aj1z]
      fromPersistValues [x1_aj1B, x2_aj1C]
        = Person1
            <$>
              (Database.Persist.TH.Internal.mapLeft
                 (Database.Persist.TH.Internal.fieldError
                    (Data.Text.unpackCStringLen# "Person1"# (ghc-prim:GHC.Types.I# 7#))
                    (Data.Text.unpackCStringLen# "name"# (ghc-prim:GHC.Types.I# 4#)))
                 . fromPersistValue)
                x1_aj1B
            <*>
              (Database.Persist.TH.Internal.mapLeft
                 (Database.Persist.TH.Internal.fieldError
                    (Data.Text.unpackCStringLen# "Person1"# (ghc-prim:GHC.Types.I# 7#))
                    (Data.Text.unpackCStringLen# "age"# (ghc-prim:GHC.Types.I# 3#)))
                 . fromPersistValue)
                x2_aj1C
      fromPersistValues x_aj1A
        = (Left
             $ mappend
                 (Data.Text.unpackCStringLen#
                    "Person1: fromPersistValues failed on: "#
                    (ghc-prim:GHC.Types.I# 38#))
                 (Data.Text.Internal.pack $ show x_aj1A))
      persistUniqueToFieldNames _
        = error "Degenerate case, should never happen"
      persistUniqueToValues _
        = error "Degenerate case, should never happen"
      persistUniqueKeys (Person1 _name_aj1D _age_aj1E) = []
      persistFieldDef Person1Id
        = Database.Persist.TH.Internal.stripIdFieldImpl
            (EntityIdField
               (FieldDef
                  (FieldNameHS
                     (Data.Text.unpackCStringLen# "Id"# (ghc-prim:GHC.Types.I# 2#)))
                  (FieldNameDB
                     (Data.Text.unpackCStringLen# "id"# (ghc-prim:GHC.Types.I# 2#)))
                  (FTTypeCon
                     Nothing
                     (Data.Text.unpackCStringLen#
                        "Person1Id"# (ghc-prim:GHC.Types.I# 9#)))
                  SqlInt64 [] True NoReference (FieldCascade Nothing Nothing) Nothing
                  Nothing True))
      persistFieldDef Person1Name
        = Database.Persist.TH.Internal.lookupEntityField
            (Proxy :: Proxy Person1)
            (FieldNameHS
               (Data.Text.unpackCStringLen# "name"# (ghc-prim:GHC.Types.I# 4#)))
      persistFieldDef Person1Age
        = Database.Persist.TH.Internal.lookupEntityField
            (Proxy :: Proxy Person1)
            (FieldNameHS
               (Data.Text.unpackCStringLen# "age"# (ghc-prim:GHC.Types.I# 3#)))
      persistIdField = Person1Id
      fieldLens Person1Id
        = Database.Persist.TH.Internal.lensPTH
            entityKey
            (\ (Entity _ value_aj1G) key_aj1H -> Entity key_aj1H value_aj1G)
      fieldLens Person1Name
        = Database.Persist.TH.Internal.lensPTH
            ((\ Person1 {person1Name = x} -> x) . entityVal)
            (\ (Entity key_aj1I value_aj1J) x_aj1K
               -> Entity
                    key_aj1I
                    (case value_aj1J of
                       Person1 {person1Age = person1Age_aj1M}
                         -> Person1 {person1Name = x_aj1K, person1Age = person1Age}))
      fieldLens Person1Age
        = Database.Persist.TH.Internal.lensPTH
            ((\ Person1 {person1Age = x} -> x) . entityVal)
            (\ (Entity key_aj1I value_aj1J) x_aj1K
               -> Entity
                    key_aj1I
                    (case value_aj1J of
                       Person1 {person1Name = person1Name_aj1N}
                         -> Person1 {person1Name = person1Name, person1Age = x_aj1K}))
    deriving stock instance Show (BackendKey backend) =>
                            Show (Key (Person1Generic backend))
    deriving stock instance Read (BackendKey backend) =>
                            Read (Key (Person1Generic backend))
    deriving newtype instance Eq (BackendKey backend) =>
                              Eq (Key (Person1Generic backend))
    deriving newtype instance Ord (BackendKey backend) =>
                              Ord (Key (Person1Generic backend))
    deriving newtype instance http-api-data-0.6.2-ad6e7e357125ac86bbf7b8bd52a9c174d0ff335d24e5b6ec37ede24c36c32ba4:Web.Internal.HttpApiData.ToHttpApiData (BackendKey backend) =>
                              http-api-data-0.6.2-ad6e7e357125ac86bbf7b8bd52a9c174d0ff335d24e5b6ec37ede24c36c32ba4:Web.Internal.HttpApiData.ToHttpApiData (Key (Person1Generic backend))
    deriving newtype instance http-api-data-0.6.2-ad6e7e357125ac86bbf7b8bd52a9c174d0ff335d24e5b6ec37ede24c36c32ba4:Web.Internal.HttpApiData.FromHttpApiData (BackendKey backend) =>
                              http-api-data-0.6.2-ad6e7e357125ac86bbf7b8bd52a9c174d0ff335d24e5b6ec37ede24c36c32ba4:Web.Internal.HttpApiData.FromHttpApiData (Key (Person1Generic backend))
    deriving newtype instance path-pieces-0.2.1-0cbcd43ab620cff66080c4dbbe25b5faf7aeb7d6ad7dda7fb20e5a2d48febdaf:Web.PathPieces.PathPiece (BackendKey backend) =>
                              path-pieces-0.2.1-0cbcd43ab620cff66080c4dbbe25b5faf7aeb7d6ad7dda7fb20e5a2d48febdaf:Web.PathPieces.PathPiece (Key (Person1Generic backend))
    deriving newtype instance PersistField (BackendKey backend) =>
                              PersistField (Key (Person1Generic backend))
    deriving newtype instance PersistFieldSql (BackendKey backend) =>
                              PersistFieldSql (Key (Person1Generic backend))
    deriving newtype instance ToJSON (BackendKey backend) =>
                              ToJSON (Key (Person1Generic backend))
    deriving newtype instance FromJSON (BackendKey backend) =>
                              FromJSON (Key (Person1Generic backend))
    instance PersistStore backend =>
             ToBackendKey backend (Person1Generic backend) where
      toBackendKey = \ Person1Key {unPerson1Key = x} -> x
      fromBackendKey = Person1Key
    type PersonMaybeAge = PersonMaybeAgeGeneric SqlBackend
    data PersonMaybeAgeGeneric backend
      = PersonMaybeAge {personMaybeAgeName :: !Text,
                        personMaybeAgeAge :: !(Maybe Int)}
    type PersonMaybeAgeId = Key PersonMaybeAge
    instance PersistStore backend =>
             PersistEntity (PersonMaybeAgeGeneric backend) where
      type PersistEntityBackend (PersonMaybeAgeGeneric backend) = backend
      data Unique (PersonMaybeAgeGeneric backend)
      newtype Key (PersonMaybeAgeGeneric backend)
        = PersonMaybeAgeKey {unPersonMaybeAgeKey :: (BackendKey backend)}
      data EntityField (PersonMaybeAgeGeneric backend) typ
        = (typ ~ Key (PersonMaybeAgeGeneric backend)) => PersonMaybeAgeId |
          (typ ~ Text) => PersonMaybeAgeName |
          (typ ~ Maybe Int) => PersonMaybeAgeAge
      keyToValues
        = ((: [])
             . (toPersistValue
                  . (\ PersonMaybeAgeKey {unPersonMaybeAgeKey = x} -> x)))
      keyFromValues
        = (fmap PersonMaybeAgeKey
             . (fromPersistValue . Database.Persist.TH.Internal.headNote))
      keyFromRecordM = Nothing
      tabulateEntityA fromField_aj29
        = ((Entity <$> fromField_aj29 PersonMaybeAgeId)
             <*>
               ((pure PersonMaybeAge <*> fromField_aj29 PersonMaybeAgeName)
                  <*> fromField_aj29 PersonMaybeAgeAge))
      tabulateEntityApply fromField_aj28
        = ((Entity <$> fromField_aj28 PersonMaybeAgeId)
             semigroupoids-6.0.1-65f23924fa529396dadce4ec759b13f32da41d263175c84695f8486aa34c3556:Data.Functor.Bind.Class.<.>
               ((PersonMaybeAge <$> fromField_aj28 PersonMaybeAgeName)
                  semigroupoids-6.0.1-65f23924fa529396dadce4ec759b13f32da41d263175c84695f8486aa34c3556:Data.Functor.Bind.Class.<.>
                    fromField_aj28 PersonMaybeAgeAge))
      entityDef _
        = persistent-2.17.1.0-c22d16c4b9cbf19fd9770839449a580b26760e764f59489ca2b0b6000691b229:Database.Persist.Types.Base.EntityDef
            (EntityNameHS
               (Data.Text.unpackCStringLen#
                  "PersonMaybeAge"# (ghc-prim:GHC.Types.I# 14#)))
            (EntityNameDB
               (Data.Text.unpackCStringLen#
                  "PersonMaybeAge"# (ghc-prim:GHC.Types.I# 14#)))
            (EntityIdField
               (FieldDef
                  (FieldNameHS
                     (Data.Text.unpackCStringLen# "Id"# (ghc-prim:GHC.Types.I# 2#)))
                  (FieldNameDB
                     (Data.Text.unpackCStringLen# "id"# (ghc-prim:GHC.Types.I# 2#)))
                  (FTTypeCon
                     Nothing
                     (Data.Text.unpackCStringLen#
                        "PersonMaybeAgeId"# (ghc-prim:GHC.Types.I# 16#)))
                  SqlInt64 [] True NoReference (FieldCascade Nothing Nothing) Nothing
                  Nothing True))
            [] [] [] [] [] containers-0.7-inplace:Data.Map.Internal.Tip False
            Nothing
            (Just
               (Database.Persist.Types.SourceSpan.SourceSpan
                  (Data.Text.unpackCStringLen#
                     "test/PersistentTestModels.hs"# (ghc-prim:GHC.Types.I# 28#))
                  53 26 55 5))
            {persistent-2.17.1.0-c22d16c4b9cbf19fd9770839449a580b26760e764f59489ca2b0b6000691b229:Database.Persist.Types.Base.entityFields = [FieldDef
                                                                                                                                                {fieldHaskell = FieldNameHS
                                                                                                                                                                  (Data.Text.unpackCStringLen#
                                                                                                                                                                     "name"#
                                                                                                                                                                     (ghc-prim:GHC.Types.I#
                                                                                                                                                                        4#)),
                                                                                                                                                 fieldDB = FieldNameDB
                                                                                                                                                             (Data.Text.unpackCStringLen#
                                                                                                                                                                "name"#
                                                                                                                                                                (ghc-prim:GHC.Types.I#
                                                                                                                                                                   4#)),
                                                                                                                                                 fieldType = FTTypeCon
                                                                                                                                                               Nothing
                                                                                                                                                               (Data.Text.unpackCStringLen#
                                                                                                                                                                  "Text"#
                                                                                                                                                                  (ghc-prim:GHC.Types.I#
                                                                                                                                                                     4#)),
                                                                                                                                                 fieldSqlType = sqlType
                                                                                                                                                                  (Proxy ::
                                                                                                                                                                     Proxy Text),
                                                                                                                                                 fieldAttrs = [],
                                                                                                                                                 fieldStrict = True,
                                                                                                                                                 fieldReference = NoReference,
                                                                                                                                                 fieldCascade = FieldCascade
                                                                                                                                                                  Nothing
                                                                                                                                                                  Nothing,
                                                                                                                                                 fieldComments = Nothing,
                                                                                                                                                 fieldGenerated = Nothing,
                                                                                                                                                 fieldIsImplicitIdColumn = False},
                                                                                                                                              FieldDef
                                                                                                                                                {fieldHaskell = FieldNameHS
                                                                                                                                                                  (Data.Text.unpackCStringLen#
                                                                                                                                                                     "age"#
                                                                                                                                                                     (ghc-prim:GHC.Types.I#
                                                                                                                                                                        3#)),
                                                                                                                                                 fieldDB = FieldNameDB
                                                                                                                                                             (Data.Text.unpackCStringLen#
                                                                                                                                                                "age"#
                                                                                                                                                                (ghc-prim:GHC.Types.I#
                                                                                                                                                                   3#)),
                                                                                                                                                 fieldType = FTTypeCon
                                                                                                                                                               Nothing
                                                                                                                                                               (Data.Text.unpackCStringLen#
                                                                                                                                                                  "Int"#
                                                                                                                                                                  (ghc-prim:GHC.Types.I#
                                                                                                                                                                     3#)),
                                                                                                                                                 fieldSqlType = sqlType
                                                                                                                                                                  (Proxy ::
                                                                                                                                                                     Proxy Int),
                                                                                                                                                 fieldAttrs = [FieldAttrMaybe],
                                                                                                                                                 fieldStrict = True,
                                                                                                                                                 fieldReference = NoReference,
                                                                                                                                                 fieldCascade = FieldCascade
                                                                                                                                                                  Nothing
                                                                                                                                                                  Nothing,
                                                                                                                                                 fieldComments = Nothing,
                                                                                                                                                 fieldGenerated = Nothing,
                                                                                                                                                 fieldIsImplicitIdColumn = False}],
             persistent-2.17.1.0-c22d16c4b9cbf19fd9770839449a580b26760e764f59489ca2b0b6000691b229:Database.Persist.Types.Base.entityId = EntityIdField
                                                                                                                                           (FieldDef
                                                                                                                                              (FieldNameHS
                                                                                                                                                 (Data.Text.unpackCStringLen#
                                                                                                                                                    "Id"#
                                                                                                                                                    (ghc-prim:GHC.Types.I#
                                                                                                                                                       2#)))
                                                                                                                                              (FieldNameDB
                                                                                                                                                 (Data.Text.unpackCStringLen#
                                                                                                                                                    "id"#
                                                                                                                                                    (ghc-prim:GHC.Types.I#
                                                                                                                                                       2#)))
                                                                                                                                              (FTTypeCon
                                                                                                                                                 Nothing
                                                                                                                                                 (Data.Text.unpackCStringLen#
                                                                                                                                                    "PersonMaybeAgeId"#
                                                                                                                                                    (ghc-prim:GHC.Types.I#
                                                                                                                                                       16#)))
                                                                                                                                              SqlInt64
                                                                                                                                              []
                                                                                                                                              True
                                                                                                                                              NoReference
                                                                                                                                              (FieldCascade
                                                                                                                                                 Nothing
                                                                                                                                                 Nothing)
                                                                                                                                              Nothing
                                                                                                                                              Nothing
                                                                                                                                              True),
             persistent-2.17.1.0-c22d16c4b9cbf19fd9770839449a580b26760e764f59489ca2b0b6000691b229:Database.Persist.Types.Base.entityForeigns = []}
      toPersistFields (PersonMaybeAge x_aj1R x_aj1S)
        = [toPersistValue x_aj1R, toPersistValue x_aj1S]
      fromPersistValues [x1_aj1U, x2_aj1V]
        = PersonMaybeAge
            <$>
              (Database.Persist.TH.Internal.mapLeft
                 (Database.Persist.TH.Internal.fieldError
                    (Data.Text.unpackCStringLen#
                       "PersonMaybeAge"# (ghc-prim:GHC.Types.I# 14#))
                    (Data.Text.unpackCStringLen# "name"# (ghc-prim:GHC.Types.I# 4#)))
                 . fromPersistValue)
                x1_aj1U
            <*>
              (Database.Persist.TH.Internal.mapLeft
                 (Database.Persist.TH.Internal.fieldError
                    (Data.Text.unpackCStringLen#
                       "PersonMaybeAge"# (ghc-prim:GHC.Types.I# 14#))
                    (Data.Text.unpackCStringLen# "age"# (ghc-prim:GHC.Types.I# 3#)))
                 . fromPersistValue)
                x2_aj1V
      fromPersistValues x_aj1T
        = (Left
             $ mappend
                 (Data.Text.unpackCStringLen#
                    "PersonMaybeAge: fromPersistValues failed on: "#
                    (ghc-prim:GHC.Types.I# 45#))
                 (Data.Text.Internal.pack $ show x_aj1T))
      persistUniqueToFieldNames _
        = error "Degenerate case, should never happen"
      persistUniqueToValues _
        = error "Degenerate case, should never happen"
      persistUniqueKeys (PersonMaybeAge _name_aj1W _age_aj1X) = []
      persistFieldDef PersonMaybeAgeId
        = Database.Persist.TH.Internal.stripIdFieldImpl
            (EntityIdField
               (FieldDef
                  (FieldNameHS
                     (Data.Text.unpackCStringLen# "Id"# (ghc-prim:GHC.Types.I# 2#)))
                  (FieldNameDB
                     (Data.Text.unpackCStringLen# "id"# (ghc-prim:GHC.Types.I# 2#)))
                  (FTTypeCon
                     Nothing
                     (Data.Text.unpackCStringLen#
                        "PersonMaybeAgeId"# (ghc-prim:GHC.Types.I# 16#)))
                  SqlInt64 [] True NoReference (FieldCascade Nothing Nothing) Nothing
                  Nothing True))
      persistFieldDef PersonMaybeAgeName
        = Database.Persist.TH.Internal.lookupEntityField
            (Proxy :: Proxy PersonMaybeAge)
            (FieldNameHS
               (Data.Text.unpackCStringLen# "name"# (ghc-prim:GHC.Types.I# 4#)))
      persistFieldDef PersonMaybeAgeAge
        = Database.Persist.TH.Internal.lookupEntityField
            (Proxy :: Proxy PersonMaybeAge)
            (FieldNameHS
               (Data.Text.unpackCStringLen# "age"# (ghc-prim:GHC.Types.I# 3#)))
      persistIdField = PersonMaybeAgeId
      fieldLens PersonMaybeAgeId
        = Database.Persist.TH.Internal.lensPTH
            entityKey
            (\ (Entity _ value_aj1Z) key_aj20 -> Entity key_aj20 value_aj1Z)
      fieldLens PersonMaybeAgeName
        = Database.Persist.TH.Internal.lensPTH
            ((\ PersonMaybeAge {personMaybeAgeName = x} -> x) . entityVal)
            (\ (Entity key_aj21 value_aj22) x_aj23
               -> Entity
                    key_aj21
                    (case value_aj22 of
                       PersonMaybeAge {personMaybeAgeAge = personMaybeAgeAge_aj25}
                         -> PersonMaybeAge
                              {personMaybeAgeName = x_aj23,
                               personMaybeAgeAge = personMaybeAgeAge}))
      fieldLens PersonMaybeAgeAge
        = Database.Persist.TH.Internal.lensPTH
            ((\ PersonMaybeAge {personMaybeAgeAge = x} -> x) . entityVal)
            (\ (Entity key_aj21 value_aj22) x_aj23
               -> Entity
                    key_aj21
                    (case value_aj22 of
                       PersonMaybeAge {personMaybeAgeName = personMaybeAgeName_aj26}
                         -> PersonMaybeAge
                              {personMaybeAgeName = personMaybeAgeName,
                               personMaybeAgeAge = x_aj23}))
    deriving stock instance Show (BackendKey backend) =>
                            Show (Key (PersonMaybeAgeGeneric backend))
    deriving stock instance Read (BackendKey backend) =>
                            Read (Key (PersonMaybeAgeGeneric backend))
    deriving newtype instance Eq (BackendKey backend) =>
                              Eq (Key (PersonMaybeAgeGeneric backend))
    deriving newtype instance Ord (BackendKey backend) =>
                              Ord (Key (PersonMaybeAgeGeneric backend))
    deriving newtype instance http-api-data-0.6.2-ad6e7e357125ac86bbf7b8bd52a9c174d0ff335d24e5b6ec37ede24c36c32ba4:Web.Internal.HttpApiData.ToHttpApiData (BackendKey backend) =>
                              http-api-data-0.6.2-ad6e7e357125ac86bbf7b8bd52a9c174d0ff335d24e5b6ec37ede24c36c32ba4:Web.Internal.HttpApiData.ToHttpApiData (Key (PersonMaybeAgeGeneric backend))
    deriving newtype instance http-api-data-0.6.2-ad6e7e357125ac86bbf7b8bd52a9c174d0ff335d24e5b6ec37ede24c36c32ba4:Web.Internal.HttpApiData.FromHttpApiData (BackendKey backend) =>
                              http-api-data-0.6.2-ad6e7e357125ac86bbf7b8bd52a9c174d0ff335d24e5b6ec37ede24c36c32ba4:Web.Internal.HttpApiData.FromHttpApiData (Key (PersonMaybeAgeGeneric backend))
    deriving newtype instance path-pieces-0.2.1-0cbcd43ab620cff66080c4dbbe25b5faf7aeb7d6ad7dda7fb20e5a2d48febdaf:Web.PathPieces.PathPiece (BackendKey backend) =>
                              path-pieces-0.2.1-0cbcd43ab620cff66080c4dbbe25b5faf7aeb7d6ad7dda7fb20e5a2d48febdaf:Web.PathPieces.PathPiece (Key (PersonMaybeAgeGeneric backend))
    deriving newtype instance PersistField (BackendKey backend) =>
                              PersistField (Key (PersonMaybeAgeGeneric backend))
    deriving newtype instance PersistFieldSql (BackendKey backend) =>
                              PersistFieldSql (Key (PersonMaybeAgeGeneric backend))
    deriving newtype instance ToJSON (BackendKey backend) =>
                              ToJSON (Key (PersonMaybeAgeGeneric backend))
    deriving newtype instance FromJSON (BackendKey backend) =>
                              FromJSON (Key (PersonMaybeAgeGeneric backend))
    instance PersistStore backend =>
             ToBackendKey backend (PersonMaybeAgeGeneric backend) where
      toBackendKey = \ PersonMaybeAgeKey {unPersonMaybeAgeKey = x} -> x
      fromBackendKey = PersonMaybeAgeKey
    type PersonMay = PersonMayGeneric SqlBackend
    data PersonMayGeneric backend
      = PersonMay {personMayName :: !(Maybe Text),
                   personMayColor :: !(Maybe Text)}
      deriving stock (Show, Eq)
    type PersonMayId = Key PersonMay
    instance PersistStore backend =>
             PersistEntity (PersonMayGeneric backend) where
      type PersistEntityBackend (PersonMayGeneric backend) = backend
      data Unique (PersonMayGeneric backend)
      newtype Key (PersonMayGeneric backend)
        = PersonMayKey {unPersonMayKey :: (BackendKey backend)}
      data EntityField (PersonMayGeneric backend) typ
        = (typ ~ Key (PersonMayGeneric backend)) => PersonMayId |
          (typ ~ Maybe Text) => PersonMayName |
          (typ ~ Maybe Text) => PersonMayColor
      keyToValues
        = ((: [])
             . (toPersistValue . (\ PersonMayKey {unPersonMayKey = x} -> x)))
      keyFromValues
        = (fmap PersonMayKey
             . (fromPersistValue . Database.Persist.TH.Internal.headNote))
      keyFromRecordM = Nothing
      tabulateEntityA fromField_aj2s
        = ((Entity <$> fromField_aj2s PersonMayId)
             <*>
               ((pure PersonMay <*> fromField_aj2s PersonMayName)
                  <*> fromField_aj2s PersonMayColor))
      tabulateEntityApply fromField_aj2r
        = ((Entity <$> fromField_aj2r PersonMayId)
             semigroupoids-6.0.1-65f23924fa529396dadce4ec759b13f32da41d263175c84695f8486aa34c3556:Data.Functor.Bind.Class.<.>
               ((PersonMay <$> fromField_aj2r PersonMayName)
                  semigroupoids-6.0.1-65f23924fa529396dadce4ec759b13f32da41d263175c84695f8486aa34c3556:Data.Functor.Bind.Class.<.>
                    fromField_aj2r PersonMayColor))
      entityDef _
        = persistent-2.17.1.0-c22d16c4b9cbf19fd9770839449a580b26760e764f59489ca2b0b6000691b229:Database.Persist.Types.Base.EntityDef
            (EntityNameHS
               (Data.Text.unpackCStringLen#
                  "PersonMay"# (ghc-prim:GHC.Types.I# 9#)))
            (EntityNameDB
               (Data.Text.unpackCStringLen#
                  "PersonMay"# (ghc-prim:GHC.Types.I# 9#)))
            (EntityIdField
               (FieldDef
                  (FieldNameHS
                     (Data.Text.unpackCStringLen# "Id"# (ghc-prim:GHC.Types.I# 2#)))
                  (FieldNameDB
                     (Data.Text.unpackCStringLen# "id"# (ghc-prim:GHC.Types.I# 2#)))
                  (FTTypeCon
                     Nothing
                     (Data.Text.unpackCStringLen#
                        "PersonMayId"# (ghc-prim:GHC.Types.I# 11#)))
                  SqlInt64 [] True NoReference (FieldCascade Nothing Nothing) Nothing
                  Nothing True))
            [Data.Text.unpackCStringLen# "json"# (ghc-prim:GHC.Types.I# 4#)] []
            [] []
            [Data.Text.unpackCStringLen# "Show"# (ghc-prim:GHC.Types.I# 4#),
             Data.Text.unpackCStringLen# "Eq"# (ghc-prim:GHC.Types.I# 2#)]
            containers-0.7-inplace:Data.Map.Internal.Tip False Nothing
            (Just
               (Database.Persist.Types.SourceSpan.SourceSpan
                  (Data.Text.unpackCStringLen#
                     "test/PersistentTestModels.hs"# (ghc-prim:GHC.Types.I# 28#))
                  56 26 59 5))
            {persistent-2.17.1.0-c22d16c4b9cbf19fd9770839449a580b26760e764f59489ca2b0b6000691b229:Database.Persist.Types.Base.entityFields = [FieldDef
                                                                                                                                                {fieldHaskell = FieldNameHS
                                                                                                                                                                  (Data.Text.unpackCStringLen#
                                                                                                                                                                     "name"#
                                                                                                                                                                     (ghc-prim:GHC.Types.I#
                                                                                                                                                                        4#)),
                                                                                                                                                 fieldDB = FieldNameDB
                                                                                                                                                             (Data.Text.unpackCStringLen#
                                                                                                                                                                "name"#
                                                                                                                                                                (ghc-prim:GHC.Types.I#
                                                                                                                                                                   4#)),
                                                                                                                                                 fieldType = FTTypeCon
                                                                                                                                                               Nothing
                                                                                                                                                               (Data.Text.unpackCStringLen#
                                                                                                                                                                  "Text"#
                                                                                                                                                                  (ghc-prim:GHC.Types.I#
                                                                                                                                                                     4#)),
                                                                                                                                                 fieldSqlType = sqlType
                                                                                                                                                                  (Proxy ::
                                                                                                                                                                     Proxy Text),
                                                                                                                                                 fieldAttrs = [FieldAttrMaybe],
                                                                                                                                                 fieldStrict = True,
                                                                                                                                                 fieldReference = NoReference,
                                                                                                                                                 fieldCascade = FieldCascade
                                                                                                                                                                  Nothing
                                                                                                                                                                  Nothing,
                                                                                                                                                 fieldComments = Nothing,
                                                                                                                                                 fieldGenerated = Nothing,
                                                                                                                                                 fieldIsImplicitIdColumn = False},
                                                                                                                                              FieldDef
                                                                                                                                                {fieldHaskell = FieldNameHS
                                                                                                                                                                  (Data.Text.unpackCStringLen#
                                                                                                                                                                     "color"#
                                                                                                                                                                     (ghc-prim:GHC.Types.I#
                                                                                                                                                                        5#)),
                                                                                                                                                 fieldDB = FieldNameDB
                                                                                                                                                             (Data.Text.unpackCStringLen#
                                                                                                                                                                "color"#
                                                                                                                                                                (ghc-prim:GHC.Types.I#
                                                                                                                                                                   5#)),
                                                                                                                                                 fieldType = FTTypeCon
                                                                                                                                                               Nothing
                                                                                                                                                               (Data.Text.unpackCStringLen#
                                                                                                                                                                  "Text"#
                                                                                                                                                                  (ghc-prim:GHC.Types.I#
                                                                                                                                                                     4#)),
                                                                                                                                                 fieldSqlType = sqlType
                                                                                                                                                                  (Proxy ::
                                                                                                                                                                     Proxy Text),
                                                                                                                                                 fieldAttrs = [FieldAttrMaybe],
                                                                                                                                                 fieldStrict = True,
                                                                                                                                                 fieldReference = NoReference,
                                                                                                                                                 fieldCascade = FieldCascade
                                                                                                                                                                  Nothing
                                                                                                                                                                  Nothing,
                                                                                                                                                 fieldComments = Nothing,
                                                                                                                                                 fieldGenerated = Nothing,
                                                                                                                                                 fieldIsImplicitIdColumn = False}],
             persistent-2.17.1.0-c22d16c4b9cbf19fd9770839449a580b26760e764f59489ca2b0b6000691b229:Database.Persist.Types.Base.entityId = EntityIdField
                                                                                                                                           (FieldDef
                                                                                                                                              (FieldNameHS
                                                                                                                                                 (Data.Text.unpackCStringLen#
                                                                                                                                                    "Id"#
                                                                                                                                                    (ghc-prim:GHC.Types.I#
                                                                                                                                                       2#)))
                                                                                                                                              (FieldNameDB
                                                                                                                                                 (Data.Text.unpackCStringLen#
                                                                                                                                                    "id"#
                                                                                                                                                    (ghc-prim:GHC.Types.I#
                                                                                                                                                       2#)))
                                                                                                                                              (FTTypeCon
                                                                                                                                                 Nothing
                                                                                                                                                 (Data.Text.unpackCStringLen#
                                                                                                                                                    "PersonMayId"#
                                                                                                                                                    (ghc-prim:GHC.Types.I#
                                                                                                                                                       11#)))
                                                                                                                                              SqlInt64
                                                                                                                                              []
                                                                                                                                              True
                                                                                                                                              NoReference
                                                                                                                                              (FieldCascade
                                                                                                                                                 Nothing
                                                                                                                                                 Nothing)
                                                                                                                                              Nothing
                                                                                                                                              Nothing
                                                                                                                                              True),
             persistent-2.17.1.0-c22d16c4b9cbf19fd9770839449a580b26760e764f59489ca2b0b6000691b229:Database.Persist.Types.Base.entityForeigns = []}
      toPersistFields (PersonMay x_aj2a x_aj2b)
        = [toPersistValue x_aj2a, toPersistValue x_aj2b]
      fromPersistValues [x1_aj2d, x2_aj2e]
        = PersonMay
            <$>
              (Database.Persist.TH.Internal.mapLeft
                 (Database.Persist.TH.Internal.fieldError
                    (Data.Text.unpackCStringLen#
                       "PersonMay"# (ghc-prim:GHC.Types.I# 9#))
                    (Data.Text.unpackCStringLen# "name"# (ghc-prim:GHC.Types.I# 4#)))
                 . fromPersistValue)
                x1_aj2d
            <*>
              (Database.Persist.TH.Internal.mapLeft
                 (Database.Persist.TH.Internal.fieldError
                    (Data.Text.unpackCStringLen#
                       "PersonMay"# (ghc-prim:GHC.Types.I# 9#))
                    (Data.Text.unpackCStringLen# "color"# (ghc-prim:GHC.Types.I# 5#)))
                 . fromPersistValue)
                x2_aj2e
      fromPersistValues x_aj2c
        = (Left
             $ mappend
                 (Data.Text.unpackCStringLen#
                    "PersonMay: fromPersistValues failed on: "#
                    (ghc-prim:GHC.Types.I# 40#))
                 (Data.Text.Internal.pack $ show x_aj2c))
      persistUniqueToFieldNames _
        = error "Degenerate case, should never happen"
      persistUniqueToValues _
        = error "Degenerate case, should never happen"
      persistUniqueKeys (PersonMay _name_aj2f _color_aj2g) = []
      persistFieldDef PersonMayId
        = Database.Persist.TH.Internal.stripIdFieldImpl
            (EntityIdField
               (FieldDef
                  (FieldNameHS
                     (Data.Text.unpackCStringLen# "Id"# (ghc-prim:GHC.Types.I# 2#)))
                  (FieldNameDB
                     (Data.Text.unpackCStringLen# "id"# (ghc-prim:GHC.Types.I# 2#)))
                  (FTTypeCon
                     Nothing
                     (Data.Text.unpackCStringLen#
                        "PersonMayId"# (ghc-prim:GHC.Types.I# 11#)))
                  SqlInt64 [] True NoReference (FieldCascade Nothing Nothing) Nothing
                  Nothing True))
      persistFieldDef PersonMayName
        = Database.Persist.TH.Internal.lookupEntityField
            (Proxy :: Proxy PersonMay)
            (FieldNameHS
               (Data.Text.unpackCStringLen# "name"# (ghc-prim:GHC.Types.I# 4#)))
      persistFieldDef PersonMayColor
        = Database.Persist.TH.Internal.lookupEntityField
            (Proxy :: Proxy PersonMay)
            (FieldNameHS
               (Data.Text.unpackCStringLen# "color"# (ghc-prim:GHC.Types.I# 5#)))
      persistIdField = PersonMayId
      fieldLens PersonMayId
        = Database.Persist.TH.Internal.lensPTH
            entityKey
            (\ (Entity _ value_aj2i) key_aj2j -> Entity key_aj2j value_aj2i)
      fieldLens PersonMayName
        = Database.Persist.TH.Internal.lensPTH
            ((\ PersonMay {personMayName = x} -> x) . entityVal)
            (\ (Entity key_aj2k value_aj2l) x_aj2m
               -> Entity
                    key_aj2k
                    (case value_aj2l of
                       PersonMay {personMayColor = personMayColor_aj2o}
                         -> PersonMay
                              {personMayName = x_aj2m, personMayColor = personMayColor}))
      fieldLens PersonMayColor
        = Database.Persist.TH.Internal.lensPTH
            ((\ PersonMay {personMayColor = x} -> x) . entityVal)
            (\ (Entity key_aj2k value_aj2l) x_aj2m
               -> Entity
                    key_aj2k
                    (case value_aj2l of
                       PersonMay {personMayName = personMayName_aj2p}
                         -> PersonMay
                              {personMayName = personMayName, personMayColor = x_aj2m}))
    deriving stock instance Show (BackendKey backend) =>
                            Show (Key (PersonMayGeneric backend))
    deriving stock instance Read (BackendKey backend) =>
                            Read (Key (PersonMayGeneric backend))
    deriving newtype instance Eq (BackendKey backend) =>
                              Eq (Key (PersonMayGeneric backend))
    deriving newtype instance Ord (BackendKey backend) =>
                              Ord (Key (PersonMayGeneric backend))
    deriving newtype instance http-api-data-0.6.2-ad6e7e357125ac86bbf7b8bd52a9c174d0ff335d24e5b6ec37ede24c36c32ba4:Web.Internal.HttpApiData.ToHttpApiData (BackendKey backend) =>
                              http-api-data-0.6.2-ad6e7e357125ac86bbf7b8bd52a9c174d0ff335d24e5b6ec37ede24c36c32ba4:Web.Internal.HttpApiData.ToHttpApiData (Key (PersonMayGeneric backend))
    deriving newtype instance http-api-data-0.6.2-ad6e7e357125ac86bbf7b8bd52a9c174d0ff335d24e5b6ec37ede24c36c32ba4:Web.Internal.HttpApiData.FromHttpApiData (BackendKey backend) =>
                              http-api-data-0.6.2-ad6e7e357125ac86bbf7b8bd52a9c174d0ff335d24e5b6ec37ede24c36c32ba4:Web.Internal.HttpApiData.FromHttpApiData (Key (PersonMayGeneric backend))
    deriving newtype instance path-pieces-0.2.1-0cbcd43ab620cff66080c4dbbe25b5faf7aeb7d6ad7dda7fb20e5a2d48febdaf:Web.PathPieces.PathPiece (BackendKey backend) =>
                              path-pieces-0.2.1-0cbcd43ab620cff66080c4dbbe25b5faf7aeb7d6ad7dda7fb20e5a2d48febdaf:Web.PathPieces.PathPiece (Key (PersonMayGeneric backend))
    deriving newtype instance PersistField (BackendKey backend) =>
                              PersistField (Key (PersonMayGeneric backend))
    deriving newtype instance PersistFieldSql (BackendKey backend) =>
                              PersistFieldSql (Key (PersonMayGeneric backend))
    deriving newtype instance ToJSON (BackendKey backend) =>
                              ToJSON (Key (PersonMayGeneric backend))
    deriving newtype instance FromJSON (BackendKey backend) =>
                              FromJSON (Key (PersonMayGeneric backend))
    instance PersistStore backend =>
             ToBackendKey backend (PersonMayGeneric backend) where
      toBackendKey = \ PersonMayKey {unPersonMayKey = x} -> x
      fromBackendKey = PersonMayKey
    type Pet = PetGeneric SqlBackend
    data PetGeneric backend
      = Pet {petOwnerId :: !(Key (PersonGeneric backend)),
             petName :: !Text,
             petType :: !PetType}
    type PetId = Key Pet
    instance PersistStore backend =>
             PersistEntity (PetGeneric backend) where
      type PersistEntityBackend (PetGeneric backend) = backend
      data Unique (PetGeneric backend)
      newtype Key (PetGeneric backend)
        = PetKey {unPetKey :: (BackendKey backend)}
      data EntityField (PetGeneric backend) typ
        = (typ ~ Key (PetGeneric backend)) => PetId |
          (typ ~ Key (PersonGeneric backend)) => PetOwnerId |
          (typ ~ Text) => PetName |
          (typ ~ PetType) => PetType
      keyToValues
        = ((: []) . (toPersistValue . (\ PetKey {unPetKey = x} -> x)))
      keyFromValues
        = (fmap PetKey
             . (fromPersistValue . Database.Persist.TH.Internal.headNote))
      keyFromRecordM = Nothing
      tabulateEntityA fromField_aj2T
        = ((Entity <$> fromField_aj2T PetId)
             <*>
               (((pure Pet <*> fromField_aj2T PetOwnerId)
                   <*> fromField_aj2T PetName)
                  <*> fromField_aj2T PetType))
      tabulateEntityApply fromField_aj2S
        = ((Entity <$> fromField_aj2S PetId)
             semigroupoids-6.0.1-65f23924fa529396dadce4ec759b13f32da41d263175c84695f8486aa34c3556:Data.Functor.Bind.Class.<.>
               (((Pet <$> fromField_aj2S PetOwnerId)
                   semigroupoids-6.0.1-65f23924fa529396dadce4ec759b13f32da41d263175c84695f8486aa34c3556:Data.Functor.Bind.Class.<.>
                     fromField_aj2S PetName)
                  semigroupoids-6.0.1-65f23924fa529396dadce4ec759b13f32da41d263175c84695f8486aa34c3556:Data.Functor.Bind.Class.<.>
                    fromField_aj2S PetType))
      entityDef _
        = persistent-2.17.1.0-c22d16c4b9cbf19fd9770839449a580b26760e764f59489ca2b0b6000691b229:Database.Persist.Types.Base.EntityDef
            (EntityNameHS
               (Data.Text.unpackCStringLen# "Pet"# (ghc-prim:GHC.Types.I# 3#)))
            (EntityNameDB
               (Data.Text.unpackCStringLen# "Pet"# (ghc-prim:GHC.Types.I# 3#)))
            (EntityIdField
               (FieldDef
                  (FieldNameHS
                     (Data.Text.unpackCStringLen# "Id"# (ghc-prim:GHC.Types.I# 2#)))
                  (FieldNameDB
                     (Data.Text.unpackCStringLen# "id"# (ghc-prim:GHC.Types.I# 2#)))
                  (FTTypeCon
                     Nothing
                     (Data.Text.unpackCStringLen# "PetId"# (ghc-prim:GHC.Types.I# 5#)))
                  SqlInt64 [] True NoReference (FieldCascade Nothing Nothing) Nothing
                  Nothing True))
            [] [] [] [] [] containers-0.7-inplace:Data.Map.Internal.Tip False
            Nothing
            (Just
               (Database.Persist.Types.SourceSpan.SourceSpan
                  (Data.Text.unpackCStringLen#
                     "test/PersistentTestModels.hs"# (ghc-prim:GHC.Types.I# 28#))
                  60 26 67 5))
            {persistent-2.17.1.0-c22d16c4b9cbf19fd9770839449a580b26760e764f59489ca2b0b6000691b229:Database.Persist.Types.Base.entityFields = [FieldDef
                                                                                                                                                {fieldHaskell = FieldNameHS
                                                                                                                                                                  (Data.Text.unpackCStringLen#
                                                                                                                                                                     "ownerId"#
                                                                                                                                                                     (ghc-prim:GHC.Types.I#
                                                                                                                                                                        7#)),
                                                                                                                                                 fieldDB = FieldNameDB
                                                                                                                                                             (Data.Text.unpackCStringLen#
                                                                                                                                                                "ownerId"#
                                                                                                                                                                (ghc-prim:GHC.Types.I#
                                                                                                                                                                   7#)),
                                                                                                                                                 fieldType = FTTypeCon
                                                                                                                                                               Nothing
                                                                                                                                                               (Data.Text.unpackCStringLen#
                                                                                                                                                                  "PersonId"#
                                                                                                                                                                  (ghc-prim:GHC.Types.I#
                                                                                                                                                                     8#)),
                                                                                                                                                 fieldSqlType = sqlType
                                                                                                                                                                  (Proxy ::
                                                                                                                                                                     Proxy PersonId),
                                                                                                                                                 fieldAttrs = [],
                                                                                                                                                 fieldStrict = True,
                                                                                                                                                 fieldReference = ForeignRef
                                                                                                                                                                    (EntityNameHS
                                                                                                                                                                       (Data.Text.unpackCStringLen#
                                                                                                                                                                          "Person"#
                                                                                                                                                                          (ghc-prim:GHC.Types.I#
                                                                                                                                                                             6#))),
                                                                                                                                                 fieldCascade = FieldCascade
                                                                                                                                                                  Nothing
                                                                                                                                                                  Nothing,
                                                                                                                                                 fieldComments = Nothing,
                                                                                                                                                 fieldGenerated = Nothing,
                                                                                                                                                 fieldIsImplicitIdColumn = False},
                                                                                                                                              FieldDef
                                                                                                                                                {fieldHaskell = FieldNameHS
                                                                                                                                                                  (Data.Text.unpackCStringLen#
                                                                                                                                                                     "name"#
                                                                                                                                                                     (ghc-prim:GHC.Types.I#
                                                                                                                                                                        4#)),
                                                                                                                                                 fieldDB = FieldNameDB
                                                                                                                                                             (Data.Text.unpackCStringLen#
                                                                                                                                                                "name"#
                                                                                                                                                                (ghc-prim:GHC.Types.I#
                                                                                                                                                                   4#)),
                                                                                                                                                 fieldType = FTTypeCon
                                                                                                                                                               Nothing
                                                                                                                                                               (Data.Text.unpackCStringLen#
                                                                                                                                                                  "Text"#
                                                                                                                                                                  (ghc-prim:GHC.Types.I#
                                                                                                                                                                     4#)),
                                                                                                                                                 fieldSqlType = sqlType
                                                                                                                                                                  (Proxy ::
                                                                                                                                                                     Proxy Text),
                                                                                                                                                 fieldAttrs = [],
                                                                                                                                                 fieldStrict = True,
                                                                                                                                                 fieldReference = NoReference,
                                                                                                                                                 fieldCascade = FieldCascade
                                                                                                                                                                  Nothing
                                                                                                                                                                  Nothing,
                                                                                                                                                 fieldComments = Nothing,
                                                                                                                                                 fieldGenerated = Nothing,
                                                                                                                                                 fieldIsImplicitIdColumn = False},
                                                                                                                                              FieldDef
                                                                                                                                                {fieldHaskell = FieldNameHS
                                                                                                                                                                  (Data.Text.unpackCStringLen#
                                                                                                                                                                     "type"#
                                                                                                                                                                     (ghc-prim:GHC.Types.I#
                                                                                                                                                                        4#)),
                                                                                                                                                 fieldDB = FieldNameDB
                                                                                                                                                             (Data.Text.unpackCStringLen#
                                                                                                                                                                "type"#
                                                                                                                                                                (ghc-prim:GHC.Types.I#
                                                                                                                                                                   4#)),
                                                                                                                                                 fieldType = FTTypeCon
                                                                                                                                                               Nothing
                                                                                                                                                               (Data.Text.unpackCStringLen#
                                                                                                                                                                  "PetType"#
                                                                                                                                                                  (ghc-prim:GHC.Types.I#
                                                                                                                                                                     7#)),
                                                                                                                                                 fieldSqlType = sqlType
                                                                                                                                                                  (Proxy ::
                                                                                                                                                                     Proxy PetType),
                                                                                                                                                 fieldAttrs = [],
                                                                                                                                                 fieldStrict = True,
                                                                                                                                                 fieldReference = NoReference,
                                                                                                                                                 fieldCascade = FieldCascade
                                                                                                                                                                  Nothing
                                                                                                                                                                  Nothing,
                                                                                                                                                 fieldComments = Nothing,
                                                                                                                                                 fieldGenerated = Nothing,
                                                                                                                                                 fieldIsImplicitIdColumn = False}],
             persistent-2.17.1.0-c22d16c4b9cbf19fd9770839449a580b26760e764f59489ca2b0b6000691b229:Database.Persist.Types.Base.entityId = EntityIdField
                                                                                                                                           (FieldDef
                                                                                                                                              (FieldNameHS
                                                                                                                                                 (Data.Text.unpackCStringLen#
                                                                                                                                                    "Id"#
                                                                                                                                                    (ghc-prim:GHC.Types.I#
                                                                                                                                                       2#)))
                                                                                                                                              (FieldNameDB
                                                                                                                                                 (Data.Text.unpackCStringLen#
                                                                                                                                                    "id"#
                                                                                                                                                    (ghc-prim:GHC.Types.I#
                                                                                                                                                       2#)))
                                                                                                                                              (FTTypeCon
                                                                                                                                                 Nothing
                                                                                                                                                 (Data.Text.unpackCStringLen#
                                                                                                                                                    "PetId"#
                                                                                                                                                    (ghc-prim:GHC.Types.I#
                                                                                                                                                       5#)))
                                                                                                                                              SqlInt64
                                                                                                                                              []
                                                                                                                                              True
                                                                                                                                              NoReference
                                                                                                                                              (FieldCascade
                                                                                                                                                 Nothing
                                                                                                                                                 Nothing)
                                                                                                                                              Nothing
                                                                                                                                              Nothing
                                                                                                                                              True),
             persistent-2.17.1.0-c22d16c4b9cbf19fd9770839449a580b26760e764f59489ca2b0b6000691b229:Database.Persist.Types.Base.entityForeigns = []}
      toPersistFields (Pet x_aj2t x_aj2u x_aj2v)
        = [toPersistValue x_aj2t, toPersistValue x_aj2u,
           toPersistValue x_aj2v]
      fromPersistValues [x1_aj2x, x2_aj2y, x3_aj2z]
        = Pet
            <$>
              (Database.Persist.TH.Internal.mapLeft
                 (Database.Persist.TH.Internal.fieldError
                    (Data.Text.unpackCStringLen# "Pet"# (ghc-prim:GHC.Types.I# 3#))
                    (Data.Text.unpackCStringLen#
                       "ownerId"# (ghc-prim:GHC.Types.I# 7#)))
                 . fromPersistValue)
                x1_aj2x
            <*>
              (Database.Persist.TH.Internal.mapLeft
                 (Database.Persist.TH.Internal.fieldError
                    (Data.Text.unpackCStringLen# "Pet"# (ghc-prim:GHC.Types.I# 3#))
                    (Data.Text.unpackCStringLen# "name"# (ghc-prim:GHC.Types.I# 4#)))
                 . fromPersistValue)
                x2_aj2y
            <*>
              (Database.Persist.TH.Internal.mapLeft
                 (Database.Persist.TH.Internal.fieldError
                    (Data.Text.unpackCStringLen# "Pet"# (ghc-prim:GHC.Types.I# 3#))
                    (Data.Text.unpackCStringLen# "type"# (ghc-prim:GHC.Types.I# 4#)))
                 . fromPersistValue)
                x3_aj2z
      fromPersistValues x_aj2w
        = (Left
             $ mappend
                 (Data.Text.unpackCStringLen#
                    "Pet: fromPersistValues failed on: "# (ghc-prim:GHC.Types.I# 34#))
                 (Data.Text.Internal.pack $ show x_aj2w))
      persistUniqueToFieldNames _
        = error "Degenerate case, should never happen"
      persistUniqueToValues _
        = error "Degenerate case, should never happen"
      persistUniqueKeys (Pet _ownerId_aj2A _name_aj2B _type_aj2C) = []
      persistFieldDef PetId
        = Database.Persist.TH.Internal.stripIdFieldImpl
            (EntityIdField
               (FieldDef
                  (FieldNameHS
                     (Data.Text.unpackCStringLen# "Id"# (ghc-prim:GHC.Types.I# 2#)))
                  (FieldNameDB
                     (Data.Text.unpackCStringLen# "id"# (ghc-prim:GHC.Types.I# 2#)))
                  (FTTypeCon
                     Nothing
                     (Data.Text.unpackCStringLen# "PetId"# (ghc-prim:GHC.Types.I# 5#)))
                  SqlInt64 [] True NoReference (FieldCascade Nothing Nothing) Nothing
                  Nothing True))
      persistFieldDef PetOwnerId
        = Database.Persist.TH.Internal.lookupEntityField
            (Proxy :: Proxy Pet)
            (FieldNameHS
               (Data.Text.unpackCStringLen#
                  "ownerId"# (ghc-prim:GHC.Types.I# 7#)))
      persistFieldDef PetName
        = Database.Persist.TH.Internal.lookupEntityField
            (Proxy :: Proxy Pet)
            (FieldNameHS
               (Data.Text.unpackCStringLen# "name"# (ghc-prim:GHC.Types.I# 4#)))
      persistFieldDef PetType
        = Database.Persist.TH.Internal.lookupEntityField
            (Proxy :: Proxy Pet)
            (FieldNameHS
               (Data.Text.unpackCStringLen# "type"# (ghc-prim:GHC.Types.I# 4#)))
      persistIdField = PetId
      fieldLens PetId
        = Database.Persist.TH.Internal.lensPTH
            entityKey
            (\ (Entity _ value_aj2E) key_aj2F -> Entity key_aj2F value_aj2E)
      fieldLens PetOwnerId
        = Database.Persist.TH.Internal.lensPTH
            ((\ Pet {petOwnerId = x} -> x) . entityVal)
            (\ (Entity key_aj2G value_aj2H) x_aj2I
               -> Entity
                    key_aj2G
                    (case value_aj2H of
                       Pet {petName = petName_aj2K, petType = petType_aj2L}
                         -> Pet
                              {petOwnerId = x_aj2I, petName = petName, petType = petType}))
      fieldLens PetName
        = Database.Persist.TH.Internal.lensPTH
            ((\ Pet {petName = x} -> x) . entityVal)
            (\ (Entity key_aj2G value_aj2H) x_aj2I
               -> Entity
                    key_aj2G
                    (case value_aj2H of
                       Pet {petOwnerId = petOwnerId_aj2M, petType = petType_aj2O}
                         -> Pet
                              {petOwnerId = petOwnerId, petName = x_aj2I, petType = petType}))
      fieldLens PetType
        = Database.Persist.TH.Internal.lensPTH
            ((\ Pet {petType = x} -> x) . entityVal)
            (\ (Entity key_aj2G value_aj2H) x_aj2I
               -> Entity
                    key_aj2G
                    (case value_aj2H of
                       Pet {petOwnerId = petOwnerId_aj2P, petName = petName_aj2Q}
                         -> Pet
                              {petOwnerId = petOwnerId, petName = petName, petType = x_aj2I}))
    deriving stock instance Show (BackendKey backend) =>
                            Show (Key (PetGeneric backend))
    deriving stock instance Read (BackendKey backend) =>
                            Read (Key (PetGeneric backend))
    deriving newtype instance Eq (BackendKey backend) =>
                              Eq (Key (PetGeneric backend))
    deriving newtype instance Ord (BackendKey backend) =>
                              Ord (Key (PetGeneric backend))
    deriving newtype instance http-api-data-0.6.2-ad6e7e357125ac86bbf7b8bd52a9c174d0ff335d24e5b6ec37ede24c36c32ba4:Web.Internal.HttpApiData.ToHttpApiData (BackendKey backend) =>
                              http-api-data-0.6.2-ad6e7e357125ac86bbf7b8bd52a9c174d0ff335d24e5b6ec37ede24c36c32ba4:Web.Internal.HttpApiData.ToHttpApiData (Key (PetGeneric backend))
    deriving newtype instance http-api-data-0.6.2-ad6e7e357125ac86bbf7b8bd52a9c174d0ff335d24e5b6ec37ede24c36c32ba4:Web.Internal.HttpApiData.FromHttpApiData (BackendKey backend) =>
                              http-api-data-0.6.2-ad6e7e357125ac86bbf7b8bd52a9c174d0ff335d24e5b6ec37ede24c36c32ba4:Web.Internal.HttpApiData.FromHttpApiData (Key (PetGeneric backend))
    deriving newtype instance path-pieces-0.2.1-0cbcd43ab620cff66080c4dbbe25b5faf7aeb7d6ad7dda7fb20e5a2d48febdaf:Web.PathPieces.PathPiece (BackendKey backend) =>
                              path-pieces-0.2.1-0cbcd43ab620cff66080c4dbbe25b5faf7aeb7d6ad7dda7fb20e5a2d48febdaf:Web.PathPieces.PathPiece (Key (PetGeneric backend))
    deriving newtype instance PersistField (BackendKey backend) =>
                              PersistField (Key (PetGeneric backend))
    deriving newtype instance PersistFieldSql (BackendKey backend) =>
                              PersistFieldSql (Key (PetGeneric backend))
    deriving newtype instance ToJSON (BackendKey backend) =>
                              ToJSON (Key (PetGeneric backend))
    deriving newtype instance FromJSON (BackendKey backend) =>
                              FromJSON (Key (PetGeneric backend))
    instance PersistStore backend =>
             ToBackendKey backend (PetGeneric backend) where
      toBackendKey = \ PetKey {unPetKey = x} -> x
      fromBackendKey = PetKey
    type MaybeOwnedPet = MaybeOwnedPetGeneric SqlBackend
    data MaybeOwnedPetGeneric backend
      = MaybeOwnedPet {maybeOwnedPetOwnerId :: !(Maybe (Key (PersonGeneric backend))),
                       maybeOwnedPetName :: !Text,
                       maybeOwnedPetType :: !PetType}
    type MaybeOwnedPetId = Key MaybeOwnedPet
    instance PersistStore backend =>
             PersistEntity (MaybeOwnedPetGeneric backend) where
      type PersistEntityBackend (MaybeOwnedPetGeneric backend) = backend
      data Unique (MaybeOwnedPetGeneric backend)
      newtype Key (MaybeOwnedPetGeneric backend)
        = MaybeOwnedPetKey {unMaybeOwnedPetKey :: (BackendKey backend)}
      data EntityField (MaybeOwnedPetGeneric backend) typ
        = (typ ~ Key (MaybeOwnedPetGeneric backend)) => MaybeOwnedPetId |
          (typ ~ Maybe (Key (PersonGeneric backend))) =>
          MaybeOwnedPetOwnerId |
          (typ ~ Text) => MaybeOwnedPetName |
          (typ ~ PetType) => MaybeOwnedPetType
      keyToValues
        = ((: [])
             . (toPersistValue
                  . (\ MaybeOwnedPetKey {unMaybeOwnedPetKey = x} -> x)))
      keyFromValues
        = (fmap MaybeOwnedPetKey
             . (fromPersistValue . Database.Persist.TH.Internal.headNote))
      keyFromRecordM = Nothing
      tabulateEntityA fromField_aj3k
        = ((Entity <$> fromField_aj3k MaybeOwnedPetId)
             <*>
               (((pure MaybeOwnedPet <*> fromField_aj3k MaybeOwnedPetOwnerId)
                   <*> fromField_aj3k MaybeOwnedPetName)
                  <*> fromField_aj3k MaybeOwnedPetType))
      tabulateEntityApply fromField_aj3j
        = ((Entity <$> fromField_aj3j MaybeOwnedPetId)
             semigroupoids-6.0.1-65f23924fa529396dadce4ec759b13f32da41d263175c84695f8486aa34c3556:Data.Functor.Bind.Class.<.>
               (((MaybeOwnedPet <$> fromField_aj3j MaybeOwnedPetOwnerId)
                   semigroupoids-6.0.1-65f23924fa529396dadce4ec759b13f32da41d263175c84695f8486aa34c3556:Data.Functor.Bind.Class.<.>
                     fromField_aj3j MaybeOwnedPetName)
                  semigroupoids-6.0.1-65f23924fa529396dadce4ec759b13f32da41d263175c84695f8486aa34c3556:Data.Functor.Bind.Class.<.>
                    fromField_aj3j MaybeOwnedPetType))
      entityDef _
        = persistent-2.17.1.0-c22d16c4b9cbf19fd9770839449a580b26760e764f59489ca2b0b6000691b229:Database.Persist.Types.Base.EntityDef
            (EntityNameHS
               (Data.Text.unpackCStringLen#
                  "MaybeOwnedPet"# (ghc-prim:GHC.Types.I# 13#)))
            (EntityNameDB
               (Data.Text.unpackCStringLen#
                  "MaybeOwnedPet"# (ghc-prim:GHC.Types.I# 13#)))
            (EntityIdField
               (FieldDef
                  (FieldNameHS
                     (Data.Text.unpackCStringLen# "Id"# (ghc-prim:GHC.Types.I# 2#)))
                  (FieldNameDB
                     (Data.Text.unpackCStringLen# "id"# (ghc-prim:GHC.Types.I# 2#)))
                  (FTTypeCon
                     Nothing
                     (Data.Text.unpackCStringLen#
                        "MaybeOwnedPetId"# (ghc-prim:GHC.Types.I# 15#)))
                  SqlInt64 [] True NoReference (FieldCascade Nothing Nothing) Nothing
                  Nothing True))
            [] [] [] [] [] containers-0.7-inplace:Data.Map.Internal.Tip False
            Nothing
            (Just
               (Database.Persist.Types.SourceSpan.SourceSpan
                  (Data.Text.unpackCStringLen#
                     "test/PersistentTestModels.hs"# (ghc-prim:GHC.Types.I# 28#))
                  68 26 71 5))
            {persistent-2.17.1.0-c22d16c4b9cbf19fd9770839449a580b26760e764f59489ca2b0b6000691b229:Database.Persist.Types.Base.entityFields = [FieldDef
                                                                                                                                                {fieldHaskell = FieldNameHS
                                                                                                                                                                  (Data.Text.unpackCStringLen#
                                                                                                                                                                     "ownerId"#
                                                                                                                                                                     (ghc-prim:GHC.Types.I#
                                                                                                                                                                        7#)),
                                                                                                                                                 fieldDB = FieldNameDB
                                                                                                                                                             (Data.Text.unpackCStringLen#
                                                                                                                                                                "ownerId"#
                                                                                                                                                                (ghc-prim:GHC.Types.I#
                                                                                                                                                                   7#)),
                                                                                                                                                 fieldType = FTTypeCon
                                                                                                                                                               Nothing
                                                                                                                                                               (Data.Text.unpackCStringLen#
                                                                                                                                                                  "PersonId"#
                                                                                                                                                                  (ghc-prim:GHC.Types.I#
                                                                                                                                                                     8#)),
                                                                                                                                                 fieldSqlType = sqlType
                                                                                                                                                                  (Proxy ::
                                                                                                                                                                     Proxy PersonId),
                                                                                                                                                 fieldAttrs = [FieldAttrMaybe],
                                                                                                                                                 fieldStrict = True,
                                                                                                                                                 fieldReference = ForeignRef
                                                                                                                                                                    (EntityNameHS
                                                                                                                                                                       (Data.Text.unpackCStringLen#
                                                                                                                                                                          "Person"#
                                                                                                                                                                          (ghc-prim:GHC.Types.I#
                                                                                                                                                                             6#))),
                                                                                                                                                 fieldCascade = FieldCascade
                                                                                                                                                                  Nothing
                                                                                                                                                                  Nothing,
                                                                                                                                                 fieldComments = Nothing,
                                                                                                                                                 fieldGenerated = Nothing,
                                                                                                                                                 fieldIsImplicitIdColumn = False},
                                                                                                                                              FieldDef
                                                                                                                                                {fieldHaskell = FieldNameHS
                                                                                                                                                                  (Data.Text.unpackCStringLen#
                                                                                                                                                                     "name"#
                                                                                                                                                                     (ghc-prim:GHC.Types.I#
                                                                                                                                                                        4#)),
                                                                                                                                                 fieldDB = FieldNameDB
                                                                                                                                                             (Data.Text.unpackCStringLen#
                                                                                                                                                                "name"#
                                                                                                                                                                (ghc-prim:GHC.Types.I#
                                                                                                                                                                   4#)),
                                                                                                                                                 fieldType = FTTypeCon
                                                                                                                                                               Nothing
                                                                                                                                                               (Data.Text.unpackCStringLen#
                                                                                                                                                                  "Text"#
                                                                                                                                                                  (ghc-prim:GHC.Types.I#
                                                                                                                                                                     4#)),
                                                                                                                                                 fieldSqlType = sqlType
                                                                                                                                                                  (Proxy ::
                                                                                                                                                                     Proxy Text),
                                                                                                                                                 fieldAttrs = [],
                                                                                                                                                 fieldStrict = True,
                                                                                                                                                 fieldReference = NoReference,
                                                                                                                                                 fieldCascade = FieldCascade
                                                                                                                                                                  Nothing
                                                                                                                                                                  Nothing,
                                                                                                                                                 fieldComments = Nothing,
                                                                                                                                                 fieldGenerated = Nothing,
                                                                                                                                                 fieldIsImplicitIdColumn = False},
                                                                                                                                              FieldDef
                                                                                                                                                {fieldHaskell = FieldNameHS
                                                                                                                                                                  (Data.Text.unpackCStringLen#
                                                                                                                                                                     "type"#
                                                                                                                                                                     (ghc-prim:GHC.Types.I#
                                                                                                                                                                        4#)),
                                                                                                                                                 fieldDB = FieldNameDB
                                                                                                                                                             (Data.Text.unpackCStringLen#
                                                                                                                                                                "type"#
                                                                                                                                                                (ghc-prim:GHC.Types.I#
                                                                                                                                                                   4#)),
                                                                                                                                                 fieldType = FTTypeCon
                                                                                                                                                               Nothing
                                                                                                                                                               (Data.Text.unpackCStringLen#
                                                                                                                                                                  "PetType"#
                                                                                                                                                                  (ghc-prim:GHC.Types.I#
                                                                                                                                                                     7#)),
                                                                                                                                                 fieldSqlType = sqlType
                                                                                                                                                                  (Proxy ::
                                                                                                                                                                     Proxy PetType),
                                                                                                                                                 fieldAttrs = [],
                                                                                                                                                 fieldStrict = True,
                                                                                                                                                 fieldReference = NoReference,
                                                                                                                                                 fieldCascade = FieldCascade
                                                                                                                                                                  Nothing
                                                                                                                                                                  Nothing,
                                                                                                                                                 fieldComments = Nothing,
                                                                                                                                                 fieldGenerated = Nothing,
                                                                                                                                                 fieldIsImplicitIdColumn = False}],
             persistent-2.17.1.0-c22d16c4b9cbf19fd9770839449a580b26760e764f59489ca2b0b6000691b229:Database.Persist.Types.Base.entityId = EntityIdField
                                                                                                                                           (FieldDef
                                                                                                                                              (FieldNameHS
                                                                                                                                                 (Data.Text.unpackCStringLen#
                                                                                                                                                    "Id"#
                                                                                                                                                    (ghc-prim:GHC.Types.I#
                                                                                                                                                       2#)))
                                                                                                                                              (FieldNameDB
                                                                                                                                                 (Data.Text.unpackCStringLen#
                                                                                                                                                    "id"#
                                                                                                                                                    (ghc-prim:GHC.Types.I#
                                                                                                                                                       2#)))
                                                                                                                                              (FTTypeCon
                                                                                                                                                 Nothing
                                                                                                                                                 (Data.Text.unpackCStringLen#
                                                                                                                                                    "MaybeOwnedPetId"#
                                                                                                                                                    (ghc-prim:GHC.Types.I#
                                                                                                                                                       15#)))
                                                                                                                                              SqlInt64
                                                                                                                                              []
                                                                                                                                              True
                                                                                                                                              NoReference
                                                                                                                                              (FieldCascade
                                                                                                                                                 Nothing
                                                                                                                                                 Nothing)
                                                                                                                                              Nothing
                                                                                                                                              Nothing
                                                                                                                                              True),
             persistent-2.17.1.0-c22d16c4b9cbf19fd9770839449a580b26760e764f59489ca2b0b6000691b229:Database.Persist.Types.Base.entityForeigns = []}
      toPersistFields (MaybeOwnedPet x_aj2U x_aj2V x_aj2W)
        = [toPersistValue x_aj2U, toPersistValue x_aj2V,
           toPersistValue x_aj2W]
      fromPersistValues [x1_aj2Y, x2_aj2Z, x3_aj30]
        = MaybeOwnedPet
            <$>
              (Database.Persist.TH.Internal.mapLeft
                 (Database.Persist.TH.Internal.fieldError
                    (Data.Text.unpackCStringLen#
                       "MaybeOwnedPet"# (ghc-prim:GHC.Types.I# 13#))
                    (Data.Text.unpackCStringLen#
                       "ownerId"# (ghc-prim:GHC.Types.I# 7#)))
                 . fromPersistValue)
                x1_aj2Y
            <*>
              (Database.Persist.TH.Internal.mapLeft
                 (Database.Persist.TH.Internal.fieldError
                    (Data.Text.unpackCStringLen#
                       "MaybeOwnedPet"# (ghc-prim:GHC.Types.I# 13#))
                    (Data.Text.unpackCStringLen# "name"# (ghc-prim:GHC.Types.I# 4#)))
                 . fromPersistValue)
                x2_aj2Z
            <*>
              (Database.Persist.TH.Internal.mapLeft
                 (Database.Persist.TH.Internal.fieldError
                    (Data.Text.unpackCStringLen#
                       "MaybeOwnedPet"# (ghc-prim:GHC.Types.I# 13#))
                    (Data.Text.unpackCStringLen# "type"# (ghc-prim:GHC.Types.I# 4#)))
                 . fromPersistValue)
                x3_aj30
      fromPersistValues x_aj2X
        = (Left
             $ mappend
                 (Data.Text.unpackCStringLen#
                    "MaybeOwnedPet: fromPersistValues failed on: "#
                    (ghc-prim:GHC.Types.I# 44#))
                 (Data.Text.Internal.pack $ show x_aj2X))
      persistUniqueToFieldNames _
        = error "Degenerate case, should never happen"
      persistUniqueToValues _
        = error "Degenerate case, should never happen"
      persistUniqueKeys
        (MaybeOwnedPet _ownerId_aj31 _name_aj32 _type_aj33)
        = []
      persistFieldDef MaybeOwnedPetId
        = Database.Persist.TH.Internal.stripIdFieldImpl
            (EntityIdField
               (FieldDef
                  (FieldNameHS
                     (Data.Text.unpackCStringLen# "Id"# (ghc-prim:GHC.Types.I# 2#)))
                  (FieldNameDB
                     (Data.Text.unpackCStringLen# "id"# (ghc-prim:GHC.Types.I# 2#)))
                  (FTTypeCon
                     Nothing
                     (Data.Text.unpackCStringLen#
                        "MaybeOwnedPetId"# (ghc-prim:GHC.Types.I# 15#)))
                  SqlInt64 [] True NoReference (FieldCascade Nothing Nothing) Nothing
                  Nothing True))
      persistFieldDef MaybeOwnedPetOwnerId
        = Database.Persist.TH.Internal.lookupEntityField
            (Proxy :: Proxy MaybeOwnedPet)
            (FieldNameHS
               (Data.Text.unpackCStringLen#
                  "ownerId"# (ghc-prim:GHC.Types.I# 7#)))
      persistFieldDef MaybeOwnedPetName
        = Database.Persist.TH.Internal.lookupEntityField
            (Proxy :: Proxy MaybeOwnedPet)
            (FieldNameHS
               (Data.Text.unpackCStringLen# "name"# (ghc-prim:GHC.Types.I# 4#)))
      persistFieldDef MaybeOwnedPetType
        = Database.Persist.TH.Internal.lookupEntityField
            (Proxy :: Proxy MaybeOwnedPet)
            (FieldNameHS
               (Data.Text.unpackCStringLen# "type"# (ghc-prim:GHC.Types.I# 4#)))
      persistIdField = MaybeOwnedPetId
      fieldLens MaybeOwnedPetId
        = Database.Persist.TH.Internal.lensPTH
            entityKey
            (\ (Entity _ value_aj35) key_aj36 -> Entity key_aj36 value_aj35)
      fieldLens MaybeOwnedPetOwnerId
        = Database.Persist.TH.Internal.lensPTH
            ((\ MaybeOwnedPet {maybeOwnedPetOwnerId = x} -> x) . entityVal)
            (\ (Entity key_aj37 value_aj38) x_aj39
               -> Entity
                    key_aj37
                    (case value_aj38 of
                       MaybeOwnedPet {maybeOwnedPetName = maybeOwnedPetName_aj3b,
                                      maybeOwnedPetType = maybeOwnedPetType_aj3c}
                         -> MaybeOwnedPet
                              {maybeOwnedPetOwnerId = x_aj39,
                               maybeOwnedPetName = maybeOwnedPetName,
                               maybeOwnedPetType = maybeOwnedPetType}))
      fieldLens MaybeOwnedPetName
        = Database.Persist.TH.Internal.lensPTH
            ((\ MaybeOwnedPet {maybeOwnedPetName = x} -> x) . entityVal)
            (\ (Entity key_aj37 value_aj38) x_aj39
               -> Entity
                    key_aj37
                    (case value_aj38 of
                       MaybeOwnedPet {maybeOwnedPetOwnerId = maybeOwnedPetOwnerId_aj3d,
                                      maybeOwnedPetType = maybeOwnedPetType_aj3f}
                         -> MaybeOwnedPet
                              {maybeOwnedPetOwnerId = maybeOwnedPetOwnerId,
                               maybeOwnedPetName = x_aj39,
                               maybeOwnedPetType = maybeOwnedPetType}))
      fieldLens MaybeOwnedPetType
        = Database.Persist.TH.Internal.lensPTH
            ((\ MaybeOwnedPet {maybeOwnedPetType = x} -> x) . entityVal)
            (\ (Entity key_aj37 value_aj38) x_aj39
               -> Entity
                    key_aj37
                    (case value_aj38 of
                       MaybeOwnedPet {maybeOwnedPetOwnerId = maybeOwnedPetOwnerId_aj3g,
                                      maybeOwnedPetName = maybeOwnedPetName_aj3h}
                         -> MaybeOwnedPet
                              {maybeOwnedPetOwnerId = maybeOwnedPetOwnerId,
                               maybeOwnedPetName = maybeOwnedPetName,
                               maybeOwnedPetType = x_aj39}))
    deriving stock instance Show (BackendKey backend) =>
                            Show (Key (MaybeOwnedPetGeneric backend))
    deriving stock instance Read (BackendKey backend) =>
                            Read (Key (MaybeOwnedPetGeneric backend))
    deriving newtype instance Eq (BackendKey backend) =>
                              Eq (Key (MaybeOwnedPetGeneric backend))
    deriving newtype instance Ord (BackendKey backend) =>
                              Ord (Key (MaybeOwnedPetGeneric backend))
    deriving newtype instance http-api-data-0.6.2-ad6e7e357125ac86bbf7b8bd52a9c174d0ff335d24e5b6ec37ede24c36c32ba4:Web.Internal.HttpApiData.ToHttpApiData (BackendKey backend) =>
                              http-api-data-0.6.2-ad6e7e357125ac86bbf7b8bd52a9c174d0ff335d24e5b6ec37ede24c36c32ba4:Web.Internal.HttpApiData.ToHttpApiData (Key (MaybeOwnedPetGeneric backend))
    deriving newtype instance http-api-data-0.6.2-ad6e7e357125ac86bbf7b8bd52a9c174d0ff335d24e5b6ec37ede24c36c32ba4:Web.Internal.HttpApiData.FromHttpApiData (BackendKey backend) =>
                              http-api-data-0.6.2-ad6e7e357125ac86bbf7b8bd52a9c174d0ff335d24e5b6ec37ede24c36c32ba4:Web.Internal.HttpApiData.FromHttpApiData (Key (MaybeOwnedPetGeneric backend))
    deriving newtype instance path-pieces-0.2.1-0cbcd43ab620cff66080c4dbbe25b5faf7aeb7d6ad7dda7fb20e5a2d48febdaf:Web.PathPieces.PathPiece (BackendKey backend) =>
                              path-pieces-0.2.1-0cbcd43ab620cff66080c4dbbe25b5faf7aeb7d6ad7dda7fb20e5a2d48febdaf:Web.PathPieces.PathPiece (Key (MaybeOwnedPetGeneric backend))
    deriving newtype instance PersistField (BackendKey backend) =>
                              PersistField (Key (MaybeOwnedPetGeneric backend))
    deriving newtype instance PersistFieldSql (BackendKey backend) =>
                              PersistFieldSql (Key (MaybeOwnedPetGeneric backend))
    deriving newtype instance ToJSON (BackendKey backend) =>
                              ToJSON (Key (MaybeOwnedPetGeneric backend))
    deriving newtype instance FromJSON (BackendKey backend) =>
                              FromJSON (Key (MaybeOwnedPetGeneric backend))
    instance PersistStore backend =>
             ToBackendKey backend (MaybeOwnedPetGeneric backend) where
      toBackendKey = \ MaybeOwnedPetKey {unMaybeOwnedPetKey = x} -> x
      fromBackendKey = MaybeOwnedPetKey
    type NeedsPet = NeedsPetGeneric SqlBackend
    data NeedsPetGeneric backend
      = NeedsPet {needsPetPetKey :: !(Key (PetGeneric backend))}
    type NeedsPetId = Key NeedsPet
    instance PersistStore backend =>
             PersistEntity (NeedsPetGeneric backend) where
      type PersistEntityBackend (NeedsPetGeneric backend) = backend
      data Unique (NeedsPetGeneric backend)
      newtype Key (NeedsPetGeneric backend)
        = NeedsPetKey {unNeedsPetKey :: (BackendKey backend)}
      data EntityField (NeedsPetGeneric backend) typ
        = (typ ~ Key (NeedsPetGeneric backend)) => NeedsPetId |
          (typ ~ Key (PetGeneric backend)) => NeedsPetPetKey
      keyToValues
        = ((: [])
             . (toPersistValue . (\ NeedsPetKey {unNeedsPetKey = x} -> x)))
      keyFromValues
        = (fmap NeedsPetKey
             . (fromPersistValue . Database.Persist.TH.Internal.headNote))
      keyFromRecordM = Nothing
      tabulateEntityA fromField_aj3x
        = ((Entity <$> fromField_aj3x NeedsPetId)
             <*> (pure NeedsPet <*> fromField_aj3x NeedsPetPetKey))
      tabulateEntityApply fromField_aj3w
        = ((Entity <$> fromField_aj3w NeedsPetId)
             semigroupoids-6.0.1-65f23924fa529396dadce4ec759b13f32da41d263175c84695f8486aa34c3556:Data.Functor.Bind.Class.<.>
               (NeedsPet <$> fromField_aj3w NeedsPetPetKey))
      entityDef _
        = persistent-2.17.1.0-c22d16c4b9cbf19fd9770839449a580b26760e764f59489ca2b0b6000691b229:Database.Persist.Types.Base.EntityDef
            (EntityNameHS
               (Data.Text.unpackCStringLen#
                  "NeedsPet"# (ghc-prim:GHC.Types.I# 8#)))
            (EntityNameDB
               (Data.Text.unpackCStringLen#
                  "NeedsPet"# (ghc-prim:GHC.Types.I# 8#)))
            (EntityIdField
               (FieldDef
                  (FieldNameHS
                     (Data.Text.unpackCStringLen# "Id"# (ghc-prim:GHC.Types.I# 2#)))
                  (FieldNameDB
                     (Data.Text.unpackCStringLen# "id"# (ghc-prim:GHC.Types.I# 2#)))
                  (FTTypeCon
                     Nothing
                     (Data.Text.unpackCStringLen#
                        "NeedsPetId"# (ghc-prim:GHC.Types.I# 10#)))
                  SqlInt64 [] True NoReference (FieldCascade Nothing Nothing) Nothing
                  Nothing True))
            [] [] [] [] [] containers-0.7-inplace:Data.Map.Internal.Tip False
            Nothing
            (Just
               (Database.Persist.Types.SourceSpan.SourceSpan
                  (Data.Text.unpackCStringLen#
                     "test/PersistentTestModels.hs"# (ghc-prim:GHC.Types.I# 28#))
                  75 26 76 5))
            {persistent-2.17.1.0-c22d16c4b9cbf19fd9770839449a580b26760e764f59489ca2b0b6000691b229:Database.Persist.Types.Base.entityFields = [FieldDef
                                                                                                                                                {fieldHaskell = FieldNameHS
                                                                                                                                                                  (Data.Text.unpackCStringLen#
                                                                                                                                                                     "petKey"#
                                                                                                                                                                     (ghc-prim:GHC.Types.I#
                                                                                                                                                                        6#)),
                                                                                                                                                 fieldDB = FieldNameDB
                                                                                                                                                             (Data.Text.unpackCStringLen#
                                                                                                                                                                "petKey"#
                                                                                                                                                                (ghc-prim:GHC.Types.I#
                                                                                                                                                                   6#)),
                                                                                                                                                 fieldType = FTTypeCon
                                                                                                                                                               Nothing
                                                                                                                                                               (Data.Text.unpackCStringLen#
                                                                                                                                                                  "PetId"#
                                                                                                                                                                  (ghc-prim:GHC.Types.I#
                                                                                                                                                                     5#)),
                                                                                                                                                 fieldSqlType = sqlType
                                                                                                                                                                  (Proxy ::
                                                                                                                                                                     Proxy PetId),
                                                                                                                                                 fieldAttrs = [],
                                                                                                                                                 fieldStrict = True,
                                                                                                                                                 fieldReference = ForeignRef
                                                                                                                                                                    (EntityNameHS
                                                                                                                                                                       (Data.Text.unpackCStringLen#
                                                                                                                                                                          "Pet"#
                                                                                                                                                                          (ghc-prim:GHC.Types.I#
                                                                                                                                                                             3#))),
                                                                                                                                                 fieldCascade = FieldCascade
                                                                                                                                                                  Nothing
                                                                                                                                                                  Nothing,
                                                                                                                                                 fieldComments = Nothing,
                                                                                                                                                 fieldGenerated = Nothing,
                                                                                                                                                 fieldIsImplicitIdColumn = False}],
             persistent-2.17.1.0-c22d16c4b9cbf19fd9770839449a580b26760e764f59489ca2b0b6000691b229:Database.Persist.Types.Base.entityId = EntityIdField
                                                                                                                                           (FieldDef
                                                                                                                                              (FieldNameHS
                                                                                                                                                 (Data.Text.unpackCStringLen#
                                                                                                                                                    "Id"#
                                                                                                                                                    (ghc-prim:GHC.Types.I#
                                                                                                                                                       2#)))
                                                                                                                                              (FieldNameDB
                                                                                                                                                 (Data.Text.unpackCStringLen#
                                                                                                                                                    "id"#
                                                                                                                                                    (ghc-prim:GHC.Types.I#
                                                                                                                                                       2#)))
                                                                                                                                              (FTTypeCon
                                                                                                                                                 Nothing
                                                                                                                                                 (Data.Text.unpackCStringLen#
                                                                                                                                                    "NeedsPetId"#
                                                                                                                                                    (ghc-prim:GHC.Types.I#
                                                                                                                                                       10#)))
                                                                                                                                              SqlInt64
                                                                                                                                              []
                                                                                                                                              True
                                                                                                                                              NoReference
                                                                                                                                              (FieldCascade
                                                                                                                                                 Nothing
                                                                                                                                                 Nothing)
                                                                                                                                              Nothing
                                                                                                                                              Nothing
                                                                                                                                              True),
             persistent-2.17.1.0-c22d16c4b9cbf19fd9770839449a580b26760e764f59489ca2b0b6000691b229:Database.Persist.Types.Base.entityForeigns = []}
      toPersistFields (NeedsPet x_aj3l) = [toPersistValue x_aj3l]
      fromPersistValues [x1_aj3n]
        = NeedsPet
            <$>
              (Database.Persist.TH.Internal.mapLeft
                 (Database.Persist.TH.Internal.fieldError
                    (Data.Text.unpackCStringLen#
                       "NeedsPet"# (ghc-prim:GHC.Types.I# 8#))
                    (Data.Text.unpackCStringLen# "petKey"# (ghc-prim:GHC.Types.I# 6#)))
                 . fromPersistValue)
                x1_aj3n
      fromPersistValues x_aj3m
        = (Left
             $ mappend
                 (Data.Text.unpackCStringLen#
                    "NeedsPet: fromPersistValues failed on: "#
                    (ghc-prim:GHC.Types.I# 39#))
                 (Data.Text.Internal.pack $ show x_aj3m))
      persistUniqueToFieldNames _
        = error "Degenerate case, should never happen"
      persistUniqueToValues _
        = error "Degenerate case, should never happen"
      persistUniqueKeys (NeedsPet _petKey_aj3o) = []
      persistFieldDef NeedsPetId
        = Database.Persist.TH.Internal.stripIdFieldImpl
            (EntityIdField
               (FieldDef
                  (FieldNameHS
                     (Data.Text.unpackCStringLen# "Id"# (ghc-prim:GHC.Types.I# 2#)))
                  (FieldNameDB
                     (Data.Text.unpackCStringLen# "id"# (ghc-prim:GHC.Types.I# 2#)))
                  (FTTypeCon
                     Nothing
                     (Data.Text.unpackCStringLen#
                        "NeedsPetId"# (ghc-prim:GHC.Types.I# 10#)))
                  SqlInt64 [] True NoReference (FieldCascade Nothing Nothing) Nothing
                  Nothing True))
      persistFieldDef NeedsPetPetKey
        = Database.Persist.TH.Internal.lookupEntityField
            (Proxy :: Proxy NeedsPet)
            (FieldNameHS
               (Data.Text.unpackCStringLen# "petKey"# (ghc-prim:GHC.Types.I# 6#)))
      persistIdField = NeedsPetId
      fieldLens NeedsPetId
        = Database.Persist.TH.Internal.lensPTH
            entityKey
            (\ (Entity _ value_aj3q) key_aj3r -> Entity key_aj3r value_aj3q)
      fieldLens NeedsPetPetKey
        = Database.Persist.TH.Internal.lensPTH
            ((\ NeedsPet {needsPetPetKey = x} -> x) . entityVal)
            (\ (Entity key_aj3s value_aj3t) x_aj3u
               -> Entity
                    key_aj3s
                    (case value_aj3t of
                       NeedsPet {} -> NeedsPet {needsPetPetKey = x_aj3u}))
    deriving stock instance Show (BackendKey backend) =>
                            Show (Key (NeedsPetGeneric backend))
    deriving stock instance Read (BackendKey backend) =>
                            Read (Key (NeedsPetGeneric backend))
    deriving newtype instance Eq (BackendKey backend) =>
                              Eq (Key (NeedsPetGeneric backend))
    deriving newtype instance Ord (BackendKey backend) =>
                              Ord (Key (NeedsPetGeneric backend))
    deriving newtype instance http-api-data-0.6.2-ad6e7e357125ac86bbf7b8bd52a9c174d0ff335d24e5b6ec37ede24c36c32ba4:Web.Internal.HttpApiData.ToHttpApiData (BackendKey backend) =>
                              http-api-data-0.6.2-ad6e7e357125ac86bbf7b8bd52a9c174d0ff335d24e5b6ec37ede24c36c32ba4:Web.Internal.HttpApiData.ToHttpApiData (Key (NeedsPetGeneric backend))
    deriving newtype instance http-api-data-0.6.2-ad6e7e357125ac86bbf7b8bd52a9c174d0ff335d24e5b6ec37ede24c36c32ba4:Web.Internal.HttpApiData.FromHttpApiData (BackendKey backend) =>
                              http-api-data-0.6.2-ad6e7e357125ac86bbf7b8bd52a9c174d0ff335d24e5b6ec37ede24c36c32ba4:Web.Internal.HttpApiData.FromHttpApiData (Key (NeedsPetGeneric backend))
    deriving newtype instance path-pieces-0.2.1-0cbcd43ab620cff66080c4dbbe25b5faf7aeb7d6ad7dda7fb20e5a2d48febdaf:Web.PathPieces.PathPiece (BackendKey backend) =>
                              path-pieces-0.2.1-0cbcd43ab620cff66080c4dbbe25b5faf7aeb7d6ad7dda7fb20e5a2d48febdaf:Web.PathPieces.PathPiece (Key (NeedsPetGeneric backend))
    deriving newtype instance PersistField (BackendKey backend) =>
                              PersistField (Key (NeedsPetGeneric backend))
    deriving newtype instance PersistFieldSql (BackendKey backend) =>
                              PersistFieldSql (Key (NeedsPetGeneric backend))
    deriving newtype instance ToJSON (BackendKey backend) =>
                              ToJSON (Key (NeedsPetGeneric backend))
    deriving newtype instance FromJSON (BackendKey backend) =>
                              FromJSON (Key (NeedsPetGeneric backend))
    instance PersistStore backend =>
             ToBackendKey backend (NeedsPetGeneric backend) where
      toBackendKey = \ NeedsPetKey {unNeedsPetKey = x} -> x
      fromBackendKey = NeedsPetKey
    type OutdoorPet = OutdoorPetGeneric SqlBackend
    data OutdoorPetGeneric backend
      = OutdoorPet {outdoorPetOwnerId :: !(Key (PersonGeneric backend)),
                    outdoorPetCollar :: !PetCollar,
                    outdoorPetType :: !PetType}
    type OutdoorPetId = Key OutdoorPet
    instance PersistStore backend =>
             PersistEntity (OutdoorPetGeneric backend) where
      type PersistEntityBackend (OutdoorPetGeneric backend) = backend
      data Unique (OutdoorPetGeneric backend)
      newtype Key (OutdoorPetGeneric backend)
        = OutdoorPetKey {unOutdoorPetKey :: (BackendKey backend)}
      data EntityField (OutdoorPetGeneric backend) typ
        = (typ ~ Key (OutdoorPetGeneric backend)) => OutdoorPetId |
          (typ ~ Key (PersonGeneric backend)) => OutdoorPetOwnerId |
          (typ ~ PetCollar) => OutdoorPetCollar |
          (typ ~ PetType) => OutdoorPetType
      keyToValues
        = ((: [])
             . (toPersistValue . (\ OutdoorPetKey {unOutdoorPetKey = x} -> x)))
      keyFromValues
        = (fmap OutdoorPetKey
             . (fromPersistValue . Database.Persist.TH.Internal.headNote))
      keyFromRecordM = Nothing
      tabulateEntityA fromField_aj3Y
        = ((Entity <$> fromField_aj3Y OutdoorPetId)
             <*>
               (((pure OutdoorPet <*> fromField_aj3Y OutdoorPetOwnerId)
                   <*> fromField_aj3Y OutdoorPetCollar)
                  <*> fromField_aj3Y OutdoorPetType))
      tabulateEntityApply fromField_aj3X
        = ((Entity <$> fromField_aj3X OutdoorPetId)
             semigroupoids-6.0.1-65f23924fa529396dadce4ec759b13f32da41d263175c84695f8486aa34c3556:Data.Functor.Bind.Class.<.>
               (((OutdoorPet <$> fromField_aj3X OutdoorPetOwnerId)
                   semigroupoids-6.0.1-65f23924fa529396dadce4ec759b13f32da41d263175c84695f8486aa34c3556:Data.Functor.Bind.Class.<.>
                     fromField_aj3X OutdoorPetCollar)
                  semigroupoids-6.0.1-65f23924fa529396dadce4ec759b13f32da41d263175c84695f8486aa34c3556:Data.Functor.Bind.Class.<.>
                    fromField_aj3X OutdoorPetType))
      entityDef _
        = persistent-2.17.1.0-c22d16c4b9cbf19fd9770839449a580b26760e764f59489ca2b0b6000691b229:Database.Persist.Types.Base.EntityDef
            (EntityNameHS
               (Data.Text.unpackCStringLen#
                  "OutdoorPet"# (ghc-prim:GHC.Types.I# 10#)))
            (EntityNameDB
               (Data.Text.unpackCStringLen#
                  "OutdoorPet"# (ghc-prim:GHC.Types.I# 10#)))
            (EntityIdField
               (FieldDef
                  (FieldNameHS
                     (Data.Text.unpackCStringLen# "Id"# (ghc-prim:GHC.Types.I# 2#)))
                  (FieldNameDB
                     (Data.Text.unpackCStringLen# "id"# (ghc-prim:GHC.Types.I# 2#)))
                  (FTTypeCon
                     Nothing
                     (Data.Text.unpackCStringLen#
                        "OutdoorPetId"# (ghc-prim:GHC.Types.I# 12#)))
                  SqlInt64 [] True NoReference (FieldCascade Nothing Nothing) Nothing
                  Nothing True))
            [] [] [] [] [] containers-0.7-inplace:Data.Map.Internal.Tip False
            Nothing
            (Just
               (Database.Persist.Types.SourceSpan.SourceSpan
                  (Data.Text.unpackCStringLen#
                     "test/PersistentTestModels.hs"# (ghc-prim:GHC.Types.I# 28#))
                  77 26 80 5))
            {persistent-2.17.1.0-c22d16c4b9cbf19fd9770839449a580b26760e764f59489ca2b0b6000691b229:Database.Persist.Types.Base.entityFields = [FieldDef
                                                                                                                                                {fieldHaskell = FieldNameHS
                                                                                                                                                                  (Data.Text.unpackCStringLen#
                                                                                                                                                                     "ownerId"#
                                                                                                                                                                     (ghc-prim:GHC.Types.I#
                                                                                                                                                                        7#)),
                                                                                                                                                 fieldDB = FieldNameDB
                                                                                                                                                             (Data.Text.unpackCStringLen#
                                                                                                                                                                "ownerId"#
                                                                                                                                                                (ghc-prim:GHC.Types.I#
                                                                                                                                                                   7#)),
                                                                                                                                                 fieldType = FTTypeCon
                                                                                                                                                               Nothing
                                                                                                                                                               (Data.Text.unpackCStringLen#
                                                                                                                                                                  "PersonId"#
                                                                                                                                                                  (ghc-prim:GHC.Types.I#
                                                                                                                                                                     8#)),
                                                                                                                                                 fieldSqlType = sqlType
                                                                                                                                                                  (Proxy ::
                                                                                                                                                                     Proxy PersonId),
                                                                                                                                                 fieldAttrs = [],
                                                                                                                                                 fieldStrict = True,
                                                                                                                                                 fieldReference = ForeignRef
                                                                                                                                                                    (EntityNameHS
                                                                                                                                                                       (Data.Text.unpackCStringLen#
                                                                                                                                                                          "Person"#
                                                                                                                                                                          (ghc-prim:GHC.Types.I#
                                                                                                                                                                             6#))),
                                                                                                                                                 fieldCascade = FieldCascade
                                                                                                                                                                  Nothing
                                                                                                                                                                  Nothing,
                                                                                                                                                 fieldComments = Nothing,
                                                                                                                                                 fieldGenerated = Nothing,
                                                                                                                                                 fieldIsImplicitIdColumn = False},
                                                                                                                                              FieldDef
                                                                                                                                                {fieldHaskell = FieldNameHS
                                                                                                                                                                  (Data.Text.unpackCStringLen#
                                                                                                                                                                     "collar"#
                                                                                                                                                                     (ghc-prim:GHC.Types.I#
                                                                                                                                                                        6#)),
                                                                                                                                                 fieldDB = FieldNameDB
                                                                                                                                                             (Data.Text.unpackCStringLen#
                                                                                                                                                                "collar"#
                                                                                                                                                                (ghc-prim:GHC.Types.I#
                                                                                                                                                                   6#)),
                                                                                                                                                 fieldType = FTTypeCon
                                                                                                                                                               Nothing
                                                                                                                                                               (Data.Text.unpackCStringLen#
                                                                                                                                                                  "PetCollar"#
                                                                                                                                                                  (ghc-prim:GHC.Types.I#
                                                                                                                                                                     9#)),
                                                                                                                                                 fieldSqlType = sqlType
                                                                                                                                                                  (Proxy ::
                                                                                                                                                                     Proxy PetCollar),
                                                                                                                                                 fieldAttrs = [],
                                                                                                                                                 fieldStrict = True,
                                                                                                                                                 fieldReference = NoReference,
                                                                                                                                                 fieldCascade = FieldCascade
                                                                                                                                                                  Nothing
                                                                                                                                                                  Nothing,
                                                                                                                                                 fieldComments = Nothing,
                                                                                                                                                 fieldGenerated = Nothing,
                                                                                                                                                 fieldIsImplicitIdColumn = False},
                                                                                                                                              FieldDef
                                                                                                                                                {fieldHaskell = FieldNameHS
                                                                                                                                                                  (Data.Text.unpackCStringLen#
                                                                                                                                                                     "type"#
                                                                                                                                                                     (ghc-prim:GHC.Types.I#
                                                                                                                                                                        4#)),
                                                                                                                                                 fieldDB = FieldNameDB
                                                                                                                                                             (Data.Text.unpackCStringLen#
                                                                                                                                                                "type"#
                                                                                                                                                                (ghc-prim:GHC.Types.I#
                                                                                                                                                                   4#)),
                                                                                                                                                 fieldType = FTTypeCon
                                                                                                                                                               Nothing
                                                                                                                                                               (Data.Text.unpackCStringLen#
                                                                                                                                                                  "PetType"#
                                                                                                                                                                  (ghc-prim:GHC.Types.I#
                                                                                                                                                                     7#)),
                                                                                                                                                 fieldSqlType = sqlType
                                                                                                                                                                  (Proxy ::
                                                                                                                                                                     Proxy PetType),
                                                                                                                                                 fieldAttrs = [],
                                                                                                                                                 fieldStrict = True,
                                                                                                                                                 fieldReference = NoReference,
                                                                                                                                                 fieldCascade = FieldCascade
                                                                                                                                                                  Nothing
                                                                                                                                                                  Nothing,
                                                                                                                                                 fieldComments = Nothing,
                                                                                                                                                 fieldGenerated = Nothing,
                                                                                                                                                 fieldIsImplicitIdColumn = False}],
             persistent-2.17.1.0-c22d16c4b9cbf19fd9770839449a580b26760e764f59489ca2b0b6000691b229:Database.Persist.Types.Base.entityId = EntityIdField
                                                                                                                                           (FieldDef
                                                                                                                                              (FieldNameHS
                                                                                                                                                 (Data.Text.unpackCStringLen#
                                                                                                                                                    "Id"#
                                                                                                                                                    (ghc-prim:GHC.Types.I#
                                                                                                                                                       2#)))
                                                                                                                                              (FieldNameDB
                                                                                                                                                 (Data.Text.unpackCStringLen#
                                                                                                                                                    "id"#
                                                                                                                                                    (ghc-prim:GHC.Types.I#
                                                                                                                                                       2#)))
                                                                                                                                              (FTTypeCon
                                                                                                                                                 Nothing
                                                                                                                                                 (Data.Text.unpackCStringLen#
                                                                                                                                                    "OutdoorPetId"#
                                                                                                                                                    (ghc-prim:GHC.Types.I#
                                                                                                                                                       12#)))
                                                                                                                                              SqlInt64
                                                                                                                                              []
                                                                                                                                              True
                                                                                                                                              NoReference
                                                                                                                                              (FieldCascade
                                                                                                                                                 Nothing
                                                                                                                                                 Nothing)
                                                                                                                                              Nothing
                                                                                                                                              Nothing
                                                                                                                                              True),
             persistent-2.17.1.0-c22d16c4b9cbf19fd9770839449a580b26760e764f59489ca2b0b6000691b229:Database.Persist.Types.Base.entityForeigns = []}
      toPersistFields (OutdoorPet x_aj3y x_aj3z x_aj3A)
        = [toPersistValue x_aj3y, toPersistValue x_aj3z,
           toPersistValue x_aj3A]
      fromPersistValues [x1_aj3C, x2_aj3D, x3_aj3E]
        = OutdoorPet
            <$>
              (Database.Persist.TH.Internal.mapLeft
                 (Database.Persist.TH.Internal.fieldError
                    (Data.Text.unpackCStringLen#
                       "OutdoorPet"# (ghc-prim:GHC.Types.I# 10#))
                    (Data.Text.unpackCStringLen#
                       "ownerId"# (ghc-prim:GHC.Types.I# 7#)))
                 . fromPersistValue)
                x1_aj3C
            <*>
              (Database.Persist.TH.Internal.mapLeft
                 (Database.Persist.TH.Internal.fieldError
                    (Data.Text.unpackCStringLen#
                       "OutdoorPet"# (ghc-prim:GHC.Types.I# 10#))
                    (Data.Text.unpackCStringLen# "collar"# (ghc-prim:GHC.Types.I# 6#)))
                 . fromPersistValue)
                x2_aj3D
            <*>
              (Database.Persist.TH.Internal.mapLeft
                 (Database.Persist.TH.Internal.fieldError
                    (Data.Text.unpackCStringLen#
                       "OutdoorPet"# (ghc-prim:GHC.Types.I# 10#))
                    (Data.Text.unpackCStringLen# "type"# (ghc-prim:GHC.Types.I# 4#)))
                 . fromPersistValue)
                x3_aj3E
      fromPersistValues x_aj3B
        = (Left
             $ mappend
                 (Data.Text.unpackCStringLen#
                    "OutdoorPet: fromPersistValues failed on: "#
                    (ghc-prim:GHC.Types.I# 41#))
                 (Data.Text.Internal.pack $ show x_aj3B))
      persistUniqueToFieldNames _
        = error "Degenerate case, should never happen"
      persistUniqueToValues _
        = error "Degenerate case, should never happen"
      persistUniqueKeys
        (OutdoorPet _ownerId_aj3F _collar_aj3G _type_aj3H)
        = []
      persistFieldDef OutdoorPetId
        = Database.Persist.TH.Internal.stripIdFieldImpl
            (EntityIdField
               (FieldDef
                  (FieldNameHS
                     (Data.Text.unpackCStringLen# "Id"# (ghc-prim:GHC.Types.I# 2#)))
                  (FieldNameDB
                     (Data.Text.unpackCStringLen# "id"# (ghc-prim:GHC.Types.I# 2#)))
                  (FTTypeCon
                     Nothing
                     (Data.Text.unpackCStringLen#
                        "OutdoorPetId"# (ghc-prim:GHC.Types.I# 12#)))
                  SqlInt64 [] True NoReference (FieldCascade Nothing Nothing) Nothing
                  Nothing True))
      persistFieldDef OutdoorPetOwnerId
        = Database.Persist.TH.Internal.lookupEntityField
            (Proxy :: Proxy OutdoorPet)
            (FieldNameHS
               (Data.Text.unpackCStringLen#
                  "ownerId"# (ghc-prim:GHC.Types.I# 7#)))
      persistFieldDef OutdoorPetCollar
        = Database.Persist.TH.Internal.lookupEntityField
            (Proxy :: Proxy OutdoorPet)
            (FieldNameHS
               (Data.Text.unpackCStringLen# "collar"# (ghc-prim:GHC.Types.I# 6#)))
      persistFieldDef OutdoorPetType
        = Database.Persist.TH.Internal.lookupEntityField
            (Proxy :: Proxy OutdoorPet)
            (FieldNameHS
               (Data.Text.unpackCStringLen# "type"# (ghc-prim:GHC.Types.I# 4#)))
      persistIdField = OutdoorPetId
      fieldLens OutdoorPetId
        = Database.Persist.TH.Internal.lensPTH
            entityKey
            (\ (Entity _ value_aj3J) key_aj3K -> Entity key_aj3K value_aj3J)
      fieldLens OutdoorPetOwnerId
        = Database.Persist.TH.Internal.lensPTH
            ((\ OutdoorPet {outdoorPetOwnerId = x} -> x) . entityVal)
            (\ (Entity key_aj3L value_aj3M) x_aj3N
               -> Entity
                    key_aj3L
                    (case value_aj3M of
                       OutdoorPet {outdoorPetCollar = outdoorPetCollar_aj3P,
                                   outdoorPetType = outdoorPetType_aj3Q}
                         -> OutdoorPet
                              {outdoorPetOwnerId = x_aj3N, outdoorPetCollar = outdoorPetCollar,
                               outdoorPetType = outdoorPetType}))
      fieldLens OutdoorPetCollar
        = Database.Persist.TH.Internal.lensPTH
            ((\ OutdoorPet {outdoorPetCollar = x} -> x) . entityVal)
            (\ (Entity key_aj3L value_aj3M) x_aj3N
               -> Entity
                    key_aj3L
                    (case value_aj3M of
                       OutdoorPet {outdoorPetOwnerId = outdoorPetOwnerId_aj3R,
                                   outdoorPetType = outdoorPetType_aj3T}
                         -> OutdoorPet
                              {outdoorPetOwnerId = outdoorPetOwnerId, outdoorPetCollar = x_aj3N,
                               outdoorPetType = outdoorPetType}))
      fieldLens OutdoorPetType
        = Database.Persist.TH.Internal.lensPTH
            ((\ OutdoorPet {outdoorPetType = x} -> x) . entityVal)
            (\ (Entity key_aj3L value_aj3M) x_aj3N
               -> Entity
                    key_aj3L
                    (case value_aj3M of
                       OutdoorPet {outdoorPetOwnerId = outdoorPetOwnerId_aj3U,
                                   outdoorPetCollar = outdoorPetCollar_aj3V}
                         -> OutdoorPet
                              {outdoorPetOwnerId = outdoorPetOwnerId,
                               outdoorPetCollar = outdoorPetCollar, outdoorPetType = x_aj3N}))
    deriving stock instance Show (BackendKey backend) =>
                            Show (Key (OutdoorPetGeneric backend))
    deriving stock instance Read (BackendKey backend) =>
                            Read (Key (OutdoorPetGeneric backend))
    deriving newtype instance Eq (BackendKey backend) =>
                              Eq (Key (OutdoorPetGeneric backend))
    deriving newtype instance Ord (BackendKey backend) =>
                              Ord (Key (OutdoorPetGeneric backend))
    deriving newtype instance http-api-data-0.6.2-ad6e7e357125ac86bbf7b8bd52a9c174d0ff335d24e5b6ec37ede24c36c32ba4:Web.Internal.HttpApiData.ToHttpApiData (BackendKey backend) =>
                              http-api-data-0.6.2-ad6e7e357125ac86bbf7b8bd52a9c174d0ff335d24e5b6ec37ede24c36c32ba4:Web.Internal.HttpApiData.ToHttpApiData (Key (OutdoorPetGeneric backend))
    deriving newtype instance http-api-data-0.6.2-ad6e7e357125ac86bbf7b8bd52a9c174d0ff335d24e5b6ec37ede24c36c32ba4:Web.Internal.HttpApiData.FromHttpApiData (BackendKey backend) =>
                              http-api-data-0.6.2-ad6e7e357125ac86bbf7b8bd52a9c174d0ff335d24e5b6ec37ede24c36c32ba4:Web.Internal.HttpApiData.FromHttpApiData (Key (OutdoorPetGeneric backend))
    deriving newtype instance path-pieces-0.2.1-0cbcd43ab620cff66080c4dbbe25b5faf7aeb7d6ad7dda7fb20e5a2d48febdaf:Web.PathPieces.PathPiece (BackendKey backend) =>
                              path-pieces-0.2.1-0cbcd43ab620cff66080c4dbbe25b5faf7aeb7d6ad7dda7fb20e5a2d48febdaf:Web.PathPieces.PathPiece (Key (OutdoorPetGeneric backend))
    deriving newtype instance PersistField (BackendKey backend) =>
                              PersistField (Key (OutdoorPetGeneric backend))
    deriving newtype instance PersistFieldSql (BackendKey backend) =>
                              PersistFieldSql (Key (OutdoorPetGeneric backend))
    deriving newtype instance ToJSON (BackendKey backend) =>
                              ToJSON (Key (OutdoorPetGeneric backend))
    deriving newtype instance FromJSON (BackendKey backend) =>
                              FromJSON (Key (OutdoorPetGeneric backend))
    instance PersistStore backend =>
             ToBackendKey backend (OutdoorPetGeneric backend) where
      toBackendKey = \ OutdoorPetKey {unOutdoorPetKey = x} -> x
      fromBackendKey = OutdoorPetKey
    type UserPT = UserPTGeneric SqlBackend
    data UserPTGeneric backend
      = UserPT {userPTIdent :: !Text, userPTPassword :: !(Maybe Text)}
    type UserPTId = Key UserPT
    instance PersistStore backend =>
             PersistEntity (UserPTGeneric backend) where
      type PersistEntityBackend (UserPTGeneric backend) = backend
      data Unique (UserPTGeneric backend) = UniqueUserPT Text
      newtype Key (UserPTGeneric backend)
        = UserPTKey {unUserPTKey :: (BackendKey backend)}
      data EntityField (UserPTGeneric backend) typ
        = (typ ~ Key (UserPTGeneric backend)) => UserPTId |
          (typ ~ Text) => UserPTIdent |
          (typ ~ Maybe Text) => UserPTPassword
      keyToValues
        = ((: [])
             . (toPersistValue . (\ UserPTKey {unUserPTKey = x} -> x)))
      keyFromValues
        = (fmap UserPTKey
             . (fromPersistValue . Database.Persist.TH.Internal.headNote))
      keyFromRecordM = Nothing
      tabulateEntityA fromField_aj4i
        = ((Entity <$> fromField_aj4i UserPTId)
             <*>
               ((pure UserPT <*> fromField_aj4i UserPTIdent)
                  <*> fromField_aj4i UserPTPassword))
      tabulateEntityApply fromField_aj4h
        = ((Entity <$> fromField_aj4h UserPTId)
             semigroupoids-6.0.1-65f23924fa529396dadce4ec759b13f32da41d263175c84695f8486aa34c3556:Data.Functor.Bind.Class.<.>
               ((UserPT <$> fromField_aj4h UserPTIdent)
                  semigroupoids-6.0.1-65f23924fa529396dadce4ec759b13f32da41d263175c84695f8486aa34c3556:Data.Functor.Bind.Class.<.>
                    fromField_aj4h UserPTPassword))
      entityDef _
        = persistent-2.17.1.0-c22d16c4b9cbf19fd9770839449a580b26760e764f59489ca2b0b6000691b229:Database.Persist.Types.Base.EntityDef
            (EntityNameHS
               (Data.Text.unpackCStringLen# "UserPT"# (ghc-prim:GHC.Types.I# 6#)))
            (EntityNameDB
               (Data.Text.unpackCStringLen# "UserPT"# (ghc-prim:GHC.Types.I# 6#)))
            (EntityIdField
               (FieldDef
                  (FieldNameHS
                     (Data.Text.unpackCStringLen# "Id"# (ghc-prim:GHC.Types.I# 2#)))
                  (FieldNameDB
                     (Data.Text.unpackCStringLen# "id"# (ghc-prim:GHC.Types.I# 2#)))
                  (FTTypeCon
                     Nothing
                     (Data.Text.unpackCStringLen#
                        "UserPTId"# (ghc-prim:GHC.Types.I# 8#)))
                  SqlInt64 [] True NoReference (FieldCascade Nothing Nothing) Nothing
                  Nothing True))
            [] []
            [UniqueDef
               (ConstraintNameHS
                  (Data.Text.unpackCStringLen#
                     "UniqueUserPT"# (ghc-prim:GHC.Types.I# 12#)))
               (ConstraintNameDB
                  (Data.Text.unpackCStringLen#
                     "UniqueUserPT"# (ghc-prim:GHC.Types.I# 12#)))
               ((FieldNameHS
                   (Data.Text.unpackCStringLen# "ident"# (ghc-prim:GHC.Types.I# 5#)), 
                 FieldNameDB
                   (Data.Text.unpackCStringLen# "ident"# (ghc-prim:GHC.Types.I# 5#)))
                  NEL.:| [])
               []]
            [] [] containers-0.7-inplace:Data.Map.Internal.Tip False Nothing
            (Just
               (Database.Persist.Types.SourceSpan.SourceSpan
                  (Data.Text.unpackCStringLen#
                     "test/PersistentTestModels.hs"# (ghc-prim:GHC.Types.I# 28#))
                  83 26 86 5))
            {persistent-2.17.1.0-c22d16c4b9cbf19fd9770839449a580b26760e764f59489ca2b0b6000691b229:Database.Persist.Types.Base.entityFields = [FieldDef
                                                                                                                                                {fieldHaskell = FieldNameHS
                                                                                                                                                                  (Data.Text.unpackCStringLen#
                                                                                                                                                                     "ident"#
                                                                                                                                                                     (ghc-prim:GHC.Types.I#
                                                                                                                                                                        5#)),
                                                                                                                                                 fieldDB = FieldNameDB
                                                                                                                                                             (Data.Text.unpackCStringLen#
                                                                                                                                                                "ident"#
                                                                                                                                                                (ghc-prim:GHC.Types.I#
                                                                                                                                                                   5#)),
                                                                                                                                                 fieldType = FTTypeCon
                                                                                                                                                               Nothing
                                                                                                                                                               (Data.Text.unpackCStringLen#
                                                                                                                                                                  "Text"#
                                                                                                                                                                  (ghc-prim:GHC.Types.I#
                                                                                                                                                                     4#)),
                                                                                                                                                 fieldSqlType = sqlType
                                                                                                                                                                  (Proxy ::
                                                                                                                                                                     Proxy Text),
                                                                                                                                                 fieldAttrs = [],
                                                                                                                                                 fieldStrict = True,
                                                                                                                                                 fieldReference = NoReference,
                                                                                                                                                 fieldCascade = FieldCascade
                                                                                                                                                                  Nothing
                                                                                                                                                                  Nothing,
                                                                                                                                                 fieldComments = Nothing,
                                                                                                                                                 fieldGenerated = Nothing,
                                                                                                                                                 fieldIsImplicitIdColumn = False},
                                                                                                                                              FieldDef
                                                                                                                                                {fieldHaskell = FieldNameHS
                                                                                                                                                                  (Data.Text.unpackCStringLen#
                                                                                                                                                                     "password"#
                                                                                                                                                                     (ghc-prim:GHC.Types.I#
                                                                                                                                                                        8#)),
                                                                                                                                                 fieldDB = FieldNameDB
                                                                                                                                                             (Data.Text.unpackCStringLen#
                                                                                                                                                                "password"#
                                                                                                                                                                (ghc-prim:GHC.Types.I#
                                                                                                                                                                   8#)),
                                                                                                                                                 fieldType = FTTypeCon
                                                                                                                                                               Nothing
                                                                                                                                                               (Data.Text.unpackCStringLen#
                                                                                                                                                                  "Text"#
                                                                                                                                                                  (ghc-prim:GHC.Types.I#
                                                                                                                                                                     4#)),
                                                                                                                                                 fieldSqlType = sqlType
                                                                                                                                                                  (Proxy ::
                                                                                                                                                                     Proxy Text),
                                                                                                                                                 fieldAttrs = [FieldAttrMaybe],
                                                                                                                                                 fieldStrict = True,
                                                                                                                                                 fieldReference = NoReference,
                                                                                                                                                 fieldCascade = FieldCascade
                                                                                                                                                                  Nothing
                                                                                                                                                                  Nothing,
                                                                                                                                                 fieldComments = Nothing,
                                                                                                                                                 fieldGenerated = Nothing,
                                                                                                                                                 fieldIsImplicitIdColumn = False}],
             persistent-2.17.1.0-c22d16c4b9cbf19fd9770839449a580b26760e764f59489ca2b0b6000691b229:Database.Persist.Types.Base.entityId = EntityIdField
                                                                                                                                           (FieldDef
                                                                                                                                              (FieldNameHS
                                                                                                                                                 (Data.Text.unpackCStringLen#
                                                                                                                                                    "Id"#
                                                                                                                                                    (ghc-prim:GHC.Types.I#
                                                                                                                                                       2#)))
                                                                                                                                              (FieldNameDB
                                                                                                                                                 (Data.Text.unpackCStringLen#
                                                                                                                                                    "id"#
                                                                                                                                                    (ghc-prim:GHC.Types.I#
                                                                                                                                                       2#)))
                                                                                                                                              (FTTypeCon
                                                                                                                                                 Nothing
                                                                                                                                                 (Data.Text.unpackCStringLen#
                                                                                                                                                    "UserPTId"#
                                                                                                                                                    (ghc-prim:GHC.Types.I#
                                                                                                                                                       8#)))
                                                                                                                                              SqlInt64
                                                                                                                                              []
                                                                                                                                              True
                                                                                                                                              NoReference
                                                                                                                                              (FieldCascade
                                                                                                                                                 Nothing
                                                                                                                                                 Nothing)
                                                                                                                                              Nothing
                                                                                                                                              Nothing
                                                                                                                                              True),
             persistent-2.17.1.0-c22d16c4b9cbf19fd9770839449a580b26760e764f59489ca2b0b6000691b229:Database.Persist.Types.Base.entityForeigns = []}
      toPersistFields (UserPT x_aj3Z x_aj40)
        = [toPersistValue x_aj3Z, toPersistValue x_aj40]
      fromPersistValues [x1_aj42, x2_aj43]
        = UserPT
            <$>
              (Database.Persist.TH.Internal.mapLeft
                 (Database.Persist.TH.Internal.fieldError
                    (Data.Text.unpackCStringLen# "UserPT"# (ghc-prim:GHC.Types.I# 6#))
                    (Data.Text.unpackCStringLen# "ident"# (ghc-prim:GHC.Types.I# 5#)))
                 . fromPersistValue)
                x1_aj42
            <*>
              (Database.Persist.TH.Internal.mapLeft
                 (Database.Persist.TH.Internal.fieldError
                    (Data.Text.unpackCStringLen# "UserPT"# (ghc-prim:GHC.Types.I# 6#))
                    (Data.Text.unpackCStringLen#
                       "password"# (ghc-prim:GHC.Types.I# 8#)))
                 . fromPersistValue)
                x2_aj43
      fromPersistValues x_aj41
        = (Left
             $ mappend
                 (Data.Text.unpackCStringLen#
                    "UserPT: fromPersistValues failed on: "#
                    (ghc-prim:GHC.Types.I# 37#))
                 (Data.Text.Internal.pack $ show x_aj41))
      persistUniqueToFieldNames UniqueUserPT {}
        = ((FieldNameHS
              (Data.Text.unpackCStringLen# "ident"# (ghc-prim:GHC.Types.I# 5#)), 
            FieldNameDB
              (Data.Text.unpackCStringLen# "ident"# (ghc-prim:GHC.Types.I# 5#)))
             NEL.:| [])
      persistUniqueToValues (UniqueUserPT x_aj44)
        = [toPersistValue x_aj44]
      persistUniqueKeys (UserPT _ident_aj45 _password_aj46)
        = [UniqueUserPT _ident_aj45]
      persistFieldDef UserPTId
        = Database.Persist.TH.Internal.stripIdFieldImpl
            (EntityIdField
               (FieldDef
                  (FieldNameHS
                     (Data.Text.unpackCStringLen# "Id"# (ghc-prim:GHC.Types.I# 2#)))
                  (FieldNameDB
                     (Data.Text.unpackCStringLen# "id"# (ghc-prim:GHC.Types.I# 2#)))
                  (FTTypeCon
                     Nothing
                     (Data.Text.unpackCStringLen#
                        "UserPTId"# (ghc-prim:GHC.Types.I# 8#)))
                  SqlInt64 [] True NoReference (FieldCascade Nothing Nothing) Nothing
                  Nothing True))
      persistFieldDef UserPTIdent
        = Database.Persist.TH.Internal.lookupEntityField
            (Proxy :: Proxy UserPT)
            (FieldNameHS
               (Data.Text.unpackCStringLen# "ident"# (ghc-prim:GHC.Types.I# 5#)))
      persistFieldDef UserPTPassword
        = Database.Persist.TH.Internal.lookupEntityField
            (Proxy :: Proxy UserPT)
            (FieldNameHS
               (Data.Text.unpackCStringLen#
                  "password"# (ghc-prim:GHC.Types.I# 8#)))
      persistIdField = UserPTId
      fieldLens UserPTId
        = Database.Persist.TH.Internal.lensPTH
            entityKey
            (\ (Entity _ value_aj48) key_aj49 -> Entity key_aj49 value_aj48)
      fieldLens UserPTIdent
        = Database.Persist.TH.Internal.lensPTH
            ((\ UserPT {userPTIdent = x} -> x) . entityVal)
            (\ (Entity key_aj4a value_aj4b) x_aj4c
               -> Entity
                    key_aj4a
                    (case value_aj4b of
                       UserPT {userPTPassword = userPTPassword_aj4e}
                         -> UserPT {userPTIdent = x_aj4c, userPTPassword = userPTPassword}))
      fieldLens UserPTPassword
        = Database.Persist.TH.Internal.lensPTH
            ((\ UserPT {userPTPassword = x} -> x) . entityVal)
            (\ (Entity key_aj4a value_aj4b) x_aj4c
               -> Entity
                    key_aj4a
                    (case value_aj4b of
                       UserPT {userPTIdent = userPTIdent_aj4f}
                         -> UserPT {userPTIdent = userPTIdent, userPTPassword = x_aj4c}))
    deriving stock instance Show (BackendKey backend) =>
                            Show (Key (UserPTGeneric backend))
    deriving stock instance Read (BackendKey backend) =>
                            Read (Key (UserPTGeneric backend))
    deriving newtype instance Eq (BackendKey backend) =>
                              Eq (Key (UserPTGeneric backend))
    deriving newtype instance Ord (BackendKey backend) =>
                              Ord (Key (UserPTGeneric backend))
    deriving newtype instance http-api-data-0.6.2-ad6e7e357125ac86bbf7b8bd52a9c174d0ff335d24e5b6ec37ede24c36c32ba4:Web.Internal.HttpApiData.ToHttpApiData (BackendKey backend) =>
                              http-api-data-0.6.2-ad6e7e357125ac86bbf7b8bd52a9c174d0ff335d24e5b6ec37ede24c36c32ba4:Web.Internal.HttpApiData.ToHttpApiData (Key (UserPTGeneric backend))
    deriving newtype instance http-api-data-0.6.2-ad6e7e357125ac86bbf7b8bd52a9c174d0ff335d24e5b6ec37ede24c36c32ba4:Web.Internal.HttpApiData.FromHttpApiData (BackendKey backend) =>
                              http-api-data-0.6.2-ad6e7e357125ac86bbf7b8bd52a9c174d0ff335d24e5b6ec37ede24c36c32ba4:Web.Internal.HttpApiData.FromHttpApiData (Key (UserPTGeneric backend))
    deriving newtype instance path-pieces-0.2.1-0cbcd43ab620cff66080c4dbbe25b5faf7aeb7d6ad7dda7fb20e5a2d48febdaf:Web.PathPieces.PathPiece (BackendKey backend) =>
                              path-pieces-0.2.1-0cbcd43ab620cff66080c4dbbe25b5faf7aeb7d6ad7dda7fb20e5a2d48febdaf:Web.PathPieces.PathPiece (Key (UserPTGeneric backend))
    deriving newtype instance PersistField (BackendKey backend) =>
                              PersistField (Key (UserPTGeneric backend))
    deriving newtype instance PersistFieldSql (BackendKey backend) =>
                              PersistFieldSql (Key (UserPTGeneric backend))
    deriving newtype instance ToJSON (BackendKey backend) =>
                              ToJSON (Key (UserPTGeneric backend))
    deriving newtype instance FromJSON (BackendKey backend) =>
                              FromJSON (Key (UserPTGeneric backend))
    instance PersistStore backend =>
             ToBackendKey backend (UserPTGeneric backend) where
      toBackendKey = \ UserPTKey {unUserPTKey = x} -> x
      fromBackendKey = UserPTKey
    type EmailPT = EmailPTGeneric SqlBackend
    data EmailPTGeneric backend
      = EmailPT {emailPTEmail :: !Text,
                 emailPTUser :: !(Maybe (Key (UserPTGeneric backend))),
                 emailPTVerkey :: !(Maybe Text)}
    type EmailPTId = Key EmailPT
    instance PersistStore backend =>
             PersistEntity (EmailPTGeneric backend) where
      type PersistEntityBackend (EmailPTGeneric backend) = backend
      data Unique (EmailPTGeneric backend) = UniqueEmailPT Text
      newtype Key (EmailPTGeneric backend)
        = EmailPTKey {unEmailPTKey :: (BackendKey backend)}
      data EntityField (EmailPTGeneric backend) typ
        = (typ ~ Key (EmailPTGeneric backend)) => EmailPTId |
          (typ ~ Text) => EmailPTEmail |
          (typ ~ Maybe (Key (UserPTGeneric backend))) => EmailPTUser |
          (typ ~ Maybe Text) => EmailPTVerkey
      keyToValues
        = ((: [])
             . (toPersistValue . (\ EmailPTKey {unEmailPTKey = x} -> x)))
      keyFromValues
        = (fmap EmailPTKey
             . (fromPersistValue . Database.Persist.TH.Internal.headNote))
      keyFromRecordM = Nothing
      tabulateEntityA fromField_aj4K
        = ((Entity <$> fromField_aj4K EmailPTId)
             <*>
               (((pure EmailPT <*> fromField_aj4K EmailPTEmail)
                   <*> fromField_aj4K EmailPTUser)
                  <*> fromField_aj4K EmailPTVerkey))
      tabulateEntityApply fromField_aj4J
        = ((Entity <$> fromField_aj4J EmailPTId)
             semigroupoids-6.0.1-65f23924fa529396dadce4ec759b13f32da41d263175c84695f8486aa34c3556:Data.Functor.Bind.Class.<.>
               (((EmailPT <$> fromField_aj4J EmailPTEmail)
                   semigroupoids-6.0.1-65f23924fa529396dadce4ec759b13f32da41d263175c84695f8486aa34c3556:Data.Functor.Bind.Class.<.>
                     fromField_aj4J EmailPTUser)
                  semigroupoids-6.0.1-65f23924fa529396dadce4ec759b13f32da41d263175c84695f8486aa34c3556:Data.Functor.Bind.Class.<.>
                    fromField_aj4J EmailPTVerkey))
      entityDef _
        = persistent-2.17.1.0-c22d16c4b9cbf19fd9770839449a580b26760e764f59489ca2b0b6000691b229:Database.Persist.Types.Base.EntityDef
            (EntityNameHS
               (Data.Text.unpackCStringLen#
                  "EmailPT"# (ghc-prim:GHC.Types.I# 7#)))
            (EntityNameDB
               (Data.Text.unpackCStringLen#
                  "EmailPT"# (ghc-prim:GHC.Types.I# 7#)))
            (EntityIdField
               (FieldDef
                  (FieldNameHS
                     (Data.Text.unpackCStringLen# "Id"# (ghc-prim:GHC.Types.I# 2#)))
                  (FieldNameDB
                     (Data.Text.unpackCStringLen# "id"# (ghc-prim:GHC.Types.I# 2#)))
                  (FTTypeCon
                     Nothing
                     (Data.Text.unpackCStringLen#
                        "EmailPTId"# (ghc-prim:GHC.Types.I# 9#)))
                  SqlInt64 [] True NoReference (FieldCascade Nothing Nothing) Nothing
                  Nothing True))
            [] []
            [UniqueDef
               (ConstraintNameHS
                  (Data.Text.unpackCStringLen#
                     "UniqueEmailPT"# (ghc-prim:GHC.Types.I# 13#)))
               (ConstraintNameDB
                  (Data.Text.unpackCStringLen#
                     "UniqueEmailPT"# (ghc-prim:GHC.Types.I# 13#)))
               ((FieldNameHS
                   (Data.Text.unpackCStringLen# "email"# (ghc-prim:GHC.Types.I# 5#)), 
                 FieldNameDB
                   (Data.Text.unpackCStringLen# "email"# (ghc-prim:GHC.Types.I# 5#)))
                  NEL.:| [])
               []]
            [] [] containers-0.7-inplace:Data.Map.Internal.Tip False Nothing
            (Just
               (Database.Persist.Types.SourceSpan.SourceSpan
                  (Data.Text.unpackCStringLen#
                     "test/PersistentTestModels.hs"# (ghc-prim:GHC.Types.I# 28#))
                  87 26 91 5))
            {persistent-2.17.1.0-c22d16c4b9cbf19fd9770839449a580b26760e764f59489ca2b0b6000691b229:Database.Persist.Types.Base.entityFields = [FieldDef
                                                                                                                                                {fieldHaskell = FieldNameHS
                                                                                                                                                                  (Data.Text.unpackCStringLen#
                                                                                                                                                                     "email"#
                                                                                                                                                                     (ghc-prim:GHC.Types.I#
                                                                                                                                                                        5#)),
                                                                                                                                                 fieldDB = FieldNameDB
                                                                                                                                                             (Data.Text.unpackCStringLen#
                                                                                                                                                                "email"#
                                                                                                                                                                (ghc-prim:GHC.Types.I#
                                                                                                                                                                   5#)),
                                                                                                                                                 fieldType = FTTypeCon
                                                                                                                                                               Nothing
                                                                                                                                                               (Data.Text.unpackCStringLen#
                                                                                                                                                                  "Text"#
                                                                                                                                                                  (ghc-prim:GHC.Types.I#
                                                                                                                                                                     4#)),
                                                                                                                                                 fieldSqlType = sqlType
                                                                                                                                                                  (Proxy ::
                                                                                                                                                                     Proxy Text),
                                                                                                                                                 fieldAttrs = [],
                                                                                                                                                 fieldStrict = True,
                                                                                                                                                 fieldReference = NoReference,
                                                                                                                                                 fieldCascade = FieldCascade
                                                                                                                                                                  Nothing
                                                                                                                                                                  Nothing,
                                                                                                                                                 fieldComments = Nothing,
                                                                                                                                                 fieldGenerated = Nothing,
                                                                                                                                                 fieldIsImplicitIdColumn = False},
                                                                                                                                              FieldDef
                                                                                                                                                {fieldHaskell = FieldNameHS
                                                                                                                                                                  (Data.Text.unpackCStringLen#
                                                                                                                                                                     "user"#
                                                                                                                                                                     (ghc-prim:GHC.Types.I#
                                                                                                                                                                        4#)),
                                                                                                                                                 fieldDB = FieldNameDB
                                                                                                                                                             (Data.Text.unpackCStringLen#
                                                                                                                                                                "user"#
                                                                                                                                                                (ghc-prim:GHC.Types.I#
                                                                                                                                                                   4#)),
                                                                                                                                                 fieldType = FTTypeCon
                                                                                                                                                               Nothing
                                                                                                                                                               (Data.Text.unpackCStringLen#
                                                                                                                                                                  "UserPTId"#
                                                                                                                                                                  (ghc-prim:GHC.Types.I#
                                                                                                                                                                     8#)),
                                                                                                                                                 fieldSqlType = sqlType
                                                                                                                                                                  (Proxy ::
                                                                                                                                                                     Proxy UserPTId),
                                                                                                                                                 fieldAttrs = [FieldAttrMaybe],
                                                                                                                                                 fieldStrict = True,
                                                                                                                                                 fieldReference = ForeignRef
                                                                                                                                                                    (EntityNameHS
                                                                                                                                                                       (Data.Text.unpackCStringLen#
                                                                                                                                                                          "UserPT"#
                                                                                                                                                                          (ghc-prim:GHC.Types.I#
                                                                                                                                                                             6#))),
                                                                                                                                                 fieldCascade = FieldCascade
                                                                                                                                                                  Nothing
                                                                                                                                                                  Nothing,
                                                                                                                                                 fieldComments = Nothing,
                                                                                                                                                 fieldGenerated = Nothing,
                                                                                                                                                 fieldIsImplicitIdColumn = False},
                                                                                                                                              FieldDef
                                                                                                                                                {fieldHaskell = FieldNameHS
                                                                                                                                                                  (Data.Text.unpackCStringLen#
                                                                                                                                                                     "verkey"#
                                                                                                                                                                     (ghc-prim:GHC.Types.I#
                                                                                                                                                                        6#)),
                                                                                                                                                 fieldDB = FieldNameDB
                                                                                                                                                             (Data.Text.unpackCStringLen#
                                                                                                                                                                "verkey"#
                                                                                                                                                                (ghc-prim:GHC.Types.I#
                                                                                                                                                                   6#)),
                                                                                                                                                 fieldType = FTTypeCon
                                                                                                                                                               Nothing
                                                                                                                                                               (Data.Text.unpackCStringLen#
                                                                                                                                                                  "Text"#
                                                                                                                                                                  (ghc-prim:GHC.Types.I#
                                                                                                                                                                     4#)),
                                                                                                                                                 fieldSqlType = sqlType
                                                                                                                                                                  (Proxy ::
                                                                                                                                                                     Proxy Text),
                                                                                                                                                 fieldAttrs = [FieldAttrMaybe],
                                                                                                                                                 fieldStrict = True,
                                                                                                                                                 fieldReference = NoReference,
                                                                                                                                                 fieldCascade = FieldCascade
                                                                                                                                                                  Nothing
                                                                                                                                                                  Nothing,
                                                                                                                                                 fieldComments = Nothing,
                                                                                                                                                 fieldGenerated = Nothing,
                                                                                                                                                 fieldIsImplicitIdColumn = False}],
             persistent-2.17.1.0-c22d16c4b9cbf19fd9770839449a580b26760e764f59489ca2b0b6000691b229:Database.Persist.Types.Base.entityId = EntityIdField
                                                                                                                                           (FieldDef
                                                                                                                                              (FieldNameHS
                                                                                                                                                 (Data.Text.unpackCStringLen#
                                                                                                                                                    "Id"#
                                                                                                                                                    (ghc-prim:GHC.Types.I#
                                                                                                                                                       2#)))
                                                                                                                                              (FieldNameDB
                                                                                                                                                 (Data.Text.unpackCStringLen#
                                                                                                                                                    "id"#
                                                                                                                                                    (ghc-prim:GHC.Types.I#
                                                                                                                                                       2#)))
                                                                                                                                              (FTTypeCon
                                                                                                                                                 Nothing
                                                                                                                                                 (Data.Text.unpackCStringLen#
                                                                                                                                                    "EmailPTId"#
                                                                                                                                                    (ghc-prim:GHC.Types.I#
                                                                                                                                                       9#)))
                                                                                                                                              SqlInt64
                                                                                                                                              []
                                                                                                                                              True
                                                                                                                                              NoReference
                                                                                                                                              (FieldCascade
                                                                                                                                                 Nothing
                                                                                                                                                 Nothing)
                                                                                                                                              Nothing
                                                                                                                                              Nothing
                                                                                                                                              True),
             persistent-2.17.1.0-c22d16c4b9cbf19fd9770839449a580b26760e764f59489ca2b0b6000691b229:Database.Persist.Types.Base.entityForeigns = []}
      toPersistFields (EmailPT x_aj4j x_aj4k x_aj4l)
        = [toPersistValue x_aj4j, toPersistValue x_aj4k,
           toPersistValue x_aj4l]
      fromPersistValues [x1_aj4n, x2_aj4o, x3_aj4p]
        = EmailPT
            <$>
              (Database.Persist.TH.Internal.mapLeft
                 (Database.Persist.TH.Internal.fieldError
                    (Data.Text.unpackCStringLen# "EmailPT"# (ghc-prim:GHC.Types.I# 7#))
                    (Data.Text.unpackCStringLen# "email"# (ghc-prim:GHC.Types.I# 5#)))
                 . fromPersistValue)
                x1_aj4n
            <*>
              (Database.Persist.TH.Internal.mapLeft
                 (Database.Persist.TH.Internal.fieldError
                    (Data.Text.unpackCStringLen# "EmailPT"# (ghc-prim:GHC.Types.I# 7#))
                    (Data.Text.unpackCStringLen# "user"# (ghc-prim:GHC.Types.I# 4#)))
                 . fromPersistValue)
                x2_aj4o
            <*>
              (Database.Persist.TH.Internal.mapLeft
                 (Database.Persist.TH.Internal.fieldError
                    (Data.Text.unpackCStringLen# "EmailPT"# (ghc-prim:GHC.Types.I# 7#))
                    (Data.Text.unpackCStringLen# "verkey"# (ghc-prim:GHC.Types.I# 6#)))
                 . fromPersistValue)
                x3_aj4p
      fromPersistValues x_aj4m
        = (Left
             $ mappend
                 (Data.Text.unpackCStringLen#
                    "EmailPT: fromPersistValues failed on: "#
                    (ghc-prim:GHC.Types.I# 38#))
                 (Data.Text.Internal.pack $ show x_aj4m))
      persistUniqueToFieldNames UniqueEmailPT {}
        = ((FieldNameHS
              (Data.Text.unpackCStringLen# "email"# (ghc-prim:GHC.Types.I# 5#)), 
            FieldNameDB
              (Data.Text.unpackCStringLen# "email"# (ghc-prim:GHC.Types.I# 5#)))
             NEL.:| [])
      persistUniqueToValues (UniqueEmailPT x_aj4q)
        = [toPersistValue x_aj4q]
      persistUniqueKeys (EmailPT _email_aj4r _user_aj4s _verkey_aj4t)
        = [UniqueEmailPT _email_aj4r]
      persistFieldDef EmailPTId
        = Database.Persist.TH.Internal.stripIdFieldImpl
            (EntityIdField
               (FieldDef
                  (FieldNameHS
                     (Data.Text.unpackCStringLen# "Id"# (ghc-prim:GHC.Types.I# 2#)))
                  (FieldNameDB
                     (Data.Text.unpackCStringLen# "id"# (ghc-prim:GHC.Types.I# 2#)))
                  (FTTypeCon
                     Nothing
                     (Data.Text.unpackCStringLen#
                        "EmailPTId"# (ghc-prim:GHC.Types.I# 9#)))
                  SqlInt64 [] True NoReference (FieldCascade Nothing Nothing) Nothing
                  Nothing True))
      persistFieldDef EmailPTEmail
        = Database.Persist.TH.Internal.lookupEntityField
            (Proxy :: Proxy EmailPT)
            (FieldNameHS
               (Data.Text.unpackCStringLen# "email"# (ghc-prim:GHC.Types.I# 5#)))
      persistFieldDef EmailPTUser
        = Database.Persist.TH.Internal.lookupEntityField
            (Proxy :: Proxy EmailPT)
            (FieldNameHS
               (Data.Text.unpackCStringLen# "user"# (ghc-prim:GHC.Types.I# 4#)))
      persistFieldDef EmailPTVerkey
        = Database.Persist.TH.Internal.lookupEntityField
            (Proxy :: Proxy EmailPT)
            (FieldNameHS
               (Data.Text.unpackCStringLen# "verkey"# (ghc-prim:GHC.Types.I# 6#)))
      persistIdField = EmailPTId
      fieldLens EmailPTId
        = Database.Persist.TH.Internal.lensPTH
            entityKey
            (\ (Entity _ value_aj4v) key_aj4w -> Entity key_aj4w value_aj4v)
      fieldLens EmailPTEmail
        = Database.Persist.TH.Internal.lensPTH
            ((\ EmailPT {emailPTEmail = x} -> x) . entityVal)
            (\ (Entity key_aj4x value_aj4y) x_aj4z
               -> Entity
                    key_aj4x
                    (case value_aj4y of
                       EmailPT {emailPTUser = emailPTUser_aj4B,
                                emailPTVerkey = emailPTVerkey_aj4C}
                         -> EmailPT
                              {emailPTEmail = x_aj4z, emailPTUser = emailPTUser,
                               emailPTVerkey = emailPTVerkey}))
      fieldLens EmailPTUser
        = Database.Persist.TH.Internal.lensPTH
            ((\ EmailPT {emailPTUser = x} -> x) . entityVal)
            (\ (Entity key_aj4x value_aj4y) x_aj4z
               -> Entity
                    key_aj4x
                    (case value_aj4y of
                       EmailPT {emailPTEmail = emailPTEmail_aj4D,
                                emailPTVerkey = emailPTVerkey_aj4F}
                         -> EmailPT
                              {emailPTEmail = emailPTEmail, emailPTUser = x_aj4z,
                               emailPTVerkey = emailPTVerkey}))
      fieldLens EmailPTVerkey
        = Database.Persist.TH.Internal.lensPTH
            ((\ EmailPT {emailPTVerkey = x} -> x) . entityVal)
            (\ (Entity key_aj4x value_aj4y) x_aj4z
               -> Entity
                    key_aj4x
                    (case value_aj4y of
                       EmailPT {emailPTEmail = emailPTEmail_aj4G,
                                emailPTUser = emailPTUser_aj4H}
                         -> EmailPT
                              {emailPTEmail = emailPTEmail, emailPTUser = emailPTUser,
                               emailPTVerkey = x_aj4z}))
    deriving stock instance Show (BackendKey backend) =>
                            Show (Key (EmailPTGeneric backend))
    deriving stock instance Read (BackendKey backend) =>
                            Read (Key (EmailPTGeneric backend))
    deriving newtype instance Eq (BackendKey backend) =>
                              Eq (Key (EmailPTGeneric backend))
    deriving newtype instance Ord (BackendKey backend) =>
                              Ord (Key (EmailPTGeneric backend))
    deriving newtype instance http-api-data-0.6.2-ad6e7e357125ac86bbf7b8bd52a9c174d0ff335d24e5b6ec37ede24c36c32ba4:Web.Internal.HttpApiData.ToHttpApiData (BackendKey backend) =>
                              http-api-data-0.6.2-ad6e7e357125ac86bbf7b8bd52a9c174d0ff335d24e5b6ec37ede24c36c32ba4:Web.Internal.HttpApiData.ToHttpApiData (Key (EmailPTGeneric backend))
    deriving newtype instance http-api-data-0.6.2-ad6e7e357125ac86bbf7b8bd52a9c174d0ff335d24e5b6ec37ede24c36c32ba4:Web.Internal.HttpApiData.FromHttpApiData (BackendKey backend) =>
                              http-api-data-0.6.2-ad6e7e357125ac86bbf7b8bd52a9c174d0ff335d24e5b6ec37ede24c36c32ba4:Web.Internal.HttpApiData.FromHttpApiData (Key (EmailPTGeneric backend))
    deriving newtype instance path-pieces-0.2.1-0cbcd43ab620cff66080c4dbbe25b5faf7aeb7d6ad7dda7fb20e5a2d48febdaf:Web.PathPieces.PathPiece (BackendKey backend) =>
                              path-pieces-0.2.1-0cbcd43ab620cff66080c4dbbe25b5faf7aeb7d6ad7dda7fb20e5a2d48febdaf:Web.PathPieces.PathPiece (Key (EmailPTGeneric backend))
    deriving newtype instance PersistField (BackendKey backend) =>
                              PersistField (Key (EmailPTGeneric backend))
    deriving newtype instance PersistFieldSql (BackendKey backend) =>
                              PersistFieldSql (Key (EmailPTGeneric backend))
    deriving newtype instance ToJSON (BackendKey backend) =>
                              ToJSON (Key (EmailPTGeneric backend))
    deriving newtype instance FromJSON (BackendKey backend) =>
                              FromJSON (Key (EmailPTGeneric backend))
    instance PersistStore backend =>
             ToBackendKey backend (EmailPTGeneric backend) where
      toBackendKey = \ EmailPTKey {unEmailPTKey = x} -> x
      fromBackendKey = EmailPTKey
    type Upsert = UpsertGeneric SqlBackend
    data UpsertGeneric backend
      = Upsert {upsertEmail :: !Text,
                upsertAttr :: !Text,
                upsertExtra :: !Text,
                upsertAge :: !Int}
      deriving stock (Eq, Show)
    type UpsertId = Key Upsert
    instance PersistStore backend =>
             PersistEntity (UpsertGeneric backend) where
      type PersistEntityBackend (UpsertGeneric backend) = backend
      data Unique (UpsertGeneric backend) = UniqueUpsert Text
      newtype Key (UpsertGeneric backend)
        = UpsertKey {unUpsertKey :: (BackendKey backend)}
      data EntityField (UpsertGeneric backend) typ
        = (typ ~ Key (UpsertGeneric backend)) => UpsertId |
          (typ ~ Text) => UpsertEmail |
          (typ ~ Text) => UpsertAttr |
          (typ ~ Text) => UpsertExtra |
          (typ ~ Int) => UpsertAge
      keyToValues
        = ((: [])
             . (toPersistValue . (\ UpsertKey {unUpsertKey = x} -> x)))
      keyFromValues
        = (fmap UpsertKey
             . (fromPersistValue . Database.Persist.TH.Internal.headNote))
      keyFromRecordM = Nothing
      tabulateEntityA fromField_aj5m
        = ((Entity <$> fromField_aj5m UpsertId)
             <*>
               ((((pure Upsert <*> fromField_aj5m UpsertEmail)
                    <*> fromField_aj5m UpsertAttr)
                   <*> fromField_aj5m UpsertExtra)
                  <*> fromField_aj5m UpsertAge))
      tabulateEntityApply fromField_aj5l
        = ((Entity <$> fromField_aj5l UpsertId)
             semigroupoids-6.0.1-65f23924fa529396dadce4ec759b13f32da41d263175c84695f8486aa34c3556:Data.Functor.Bind.Class.<.>
               ((((Upsert <$> fromField_aj5l UpsertEmail)
                    semigroupoids-6.0.1-65f23924fa529396dadce4ec759b13f32da41d263175c84695f8486aa34c3556:Data.Functor.Bind.Class.<.>
                      fromField_aj5l UpsertAttr)
                   semigroupoids-6.0.1-65f23924fa529396dadce4ec759b13f32da41d263175c84695f8486aa34c3556:Data.Functor.Bind.Class.<.>
                     fromField_aj5l UpsertExtra)
                  semigroupoids-6.0.1-65f23924fa529396dadce4ec759b13f32da41d263175c84695f8486aa34c3556:Data.Functor.Bind.Class.<.>
                    fromField_aj5l UpsertAge))
      entityDef _
        = persistent-2.17.1.0-c22d16c4b9cbf19fd9770839449a580b26760e764f59489ca2b0b6000691b229:Database.Persist.Types.Base.EntityDef
            (EntityNameHS
               (Data.Text.unpackCStringLen# "Upsert"# (ghc-prim:GHC.Types.I# 6#)))
            (EntityNameDB
               (Data.Text.unpackCStringLen# "Upsert"# (ghc-prim:GHC.Types.I# 6#)))
            (EntityIdField
               (FieldDef
                  (FieldNameHS
                     (Data.Text.unpackCStringLen# "Id"# (ghc-prim:GHC.Types.I# 2#)))
                  (FieldNameDB
                     (Data.Text.unpackCStringLen# "id"# (ghc-prim:GHC.Types.I# 2#)))
                  (FTTypeCon
                     Nothing
                     (Data.Text.unpackCStringLen#
                        "UpsertId"# (ghc-prim:GHC.Types.I# 8#)))
                  SqlInt64 [] True NoReference (FieldCascade Nothing Nothing) Nothing
                  Nothing True))
            [] []
            [UniqueDef
               (ConstraintNameHS
                  (Data.Text.unpackCStringLen#
                     "UniqueUpsert"# (ghc-prim:GHC.Types.I# 12#)))
               (ConstraintNameDB
                  (Data.Text.unpackCStringLen#
                     "UniqueUpsert"# (ghc-prim:GHC.Types.I# 12#)))
               ((FieldNameHS
                   (Data.Text.unpackCStringLen# "email"# (ghc-prim:GHC.Types.I# 5#)), 
                 FieldNameDB
                   (Data.Text.unpackCStringLen# "email"# (ghc-prim:GHC.Types.I# 5#)))
                  NEL.:| [])
               []]
            []
            [Data.Text.unpackCStringLen# "Eq"# (ghc-prim:GHC.Types.I# 2#),
             Data.Text.unpackCStringLen# "Show"# (ghc-prim:GHC.Types.I# 4#)]
            containers-0.7-inplace:Data.Map.Internal.Tip False Nothing
            (Just
               (Database.Persist.Types.SourceSpan.SourceSpan
                  (Data.Text.unpackCStringLen#
                     "test/PersistentTestModels.hs"# (ghc-prim:GHC.Types.I# 28#))
                  93 26 99 5))
            {persistent-2.17.1.0-c22d16c4b9cbf19fd9770839449a580b26760e764f59489ca2b0b6000691b229:Database.Persist.Types.Base.entityFields = [FieldDef
                                                                                                                                                {fieldHaskell = FieldNameHS
                                                                                                                                                                  (Data.Text.unpackCStringLen#
                                                                                                                                                                     "email"#
                                                                                                                                                                     (ghc-prim:GHC.Types.I#
                                                                                                                                                                        5#)),
                                                                                                                                                 fieldDB = FieldNameDB
                                                                                                                                                             (Data.Text.unpackCStringLen#
                                                                                                                                                                "email"#
                                                                                                                                                                (ghc-prim:GHC.Types.I#
                                                                                                                                                                   5#)),
                                                                                                                                                 fieldType = FTTypeCon
                                                                                                                                                               Nothing
                                                                                                                                                               (Data.Text.unpackCStringLen#
                                                                                                                                                                  "Text"#
                                                                                                                                                                  (ghc-prim:GHC.Types.I#
                                                                                                                                                                     4#)),
                                                                                                                                                 fieldSqlType = sqlType
                                                                                                                                                                  (Proxy ::
                                                                                                                                                                     Proxy Text),
                                                                                                                                                 fieldAttrs = [],
                                                                                                                                                 fieldStrict = True,
                                                                                                                                                 fieldReference = NoReference,
                                                                                                                                                 fieldCascade = FieldCascade
                                                                                                                                                                  Nothing
                                                                                                                                                                  Nothing,
                                                                                                                                                 fieldComments = Nothing,
                                                                                                                                                 fieldGenerated = Nothing,
                                                                                                                                                 fieldIsImplicitIdColumn = False},
                                                                                                                                              FieldDef
                                                                                                                                                {fieldHaskell = FieldNameHS
                                                                                                                                                                  (Data.Text.unpackCStringLen#
                                                                                                                                                                     "attr"#
                                                                                                                                                                     (ghc-prim:GHC.Types.I#
                                                                                                                                                                        4#)),
                                                                                                                                                 fieldDB = FieldNameDB
                                                                                                                                                             (Data.Text.unpackCStringLen#
                                                                                                                                                                "attr"#
                                                                                                                                                                (ghc-prim:GHC.Types.I#
                                                                                                                                                                   4#)),
                                                                                                                                                 fieldType = FTTypeCon
                                                                                                                                                               Nothing
                                                                                                                                                               (Data.Text.unpackCStringLen#
                                                                                                                                                                  "Text"#
                                                                                                                                                                  (ghc-prim:GHC.Types.I#
                                                                                                                                                                     4#)),
                                                                                                                                                 fieldSqlType = sqlType
                                                                                                                                                                  (Proxy ::
                                                                                                                                                                     Proxy Text),
                                                                                                                                                 fieldAttrs = [],
                                                                                                                                                 fieldStrict = True,
                                                                                                                                                 fieldReference = NoReference,
                                                                                                                                                 fieldCascade = FieldCascade
                                                                                                                                                                  Nothing
                                                                                                                                                                  Nothing,
                                                                                                                                                 fieldComments = Nothing,
                                                                                                                                                 fieldGenerated = Nothing,
                                                                                                                                                 fieldIsImplicitIdColumn = False},
                                                                                                                                              FieldDef
                                                                                                                                                {fieldHaskell = FieldNameHS
                                                                                                                                                                  (Data.Text.unpackCStringLen#
                                                                                                                                                                     "extra"#
                                                                                                                                                                     (ghc-prim:GHC.Types.I#
                                                                                                                                                                        5#)),
                                                                                                                                                 fieldDB = FieldNameDB
                                                                                                                                                             (Data.Text.unpackCStringLen#
                                                                                                                                                                "extra"#
                                                                                                                                                                (ghc-prim:GHC.Types.I#
                                                                                                                                                                   5#)),
                                                                                                                                                 fieldType = FTTypeCon
                                                                                                                                                               Nothing
                                                                                                                                                               (Data.Text.unpackCStringLen#
                                                                                                                                                                  "Text"#
                                                                                                                                                                  (ghc-prim:GHC.Types.I#
                                                                                                                                                                     4#)),
                                                                                                                                                 fieldSqlType = sqlType
                                                                                                                                                                  (Proxy ::
                                                                                                                                                                     Proxy Text),
                                                                                                                                                 fieldAttrs = [],
                                                                                                                                                 fieldStrict = True,
                                                                                                                                                 fieldReference = NoReference,
                                                                                                                                                 fieldCascade = FieldCascade
                                                                                                                                                                  Nothing
                                                                                                                                                                  Nothing,
                                                                                                                                                 fieldComments = Nothing,
                                                                                                                                                 fieldGenerated = Nothing,
                                                                                                                                                 fieldIsImplicitIdColumn = False},
                                                                                                                                              FieldDef
                                                                                                                                                {fieldHaskell = FieldNameHS
                                                                                                                                                                  (Data.Text.unpackCStringLen#
                                                                                                                                                                     "age"#
                                                                                                                                                                     (ghc-prim:GHC.Types.I#
                                                                                                                                                                        3#)),
                                                                                                                                                 fieldDB = FieldNameDB
                                                                                                                                                             (Data.Text.unpackCStringLen#
                                                                                                                                                                "age"#
                                                                                                                                                                (ghc-prim:GHC.Types.I#
                                                                                                                                                                   3#)),
                                                                                                                                                 fieldType = FTTypeCon
                                                                                                                                                               Nothing
                                                                                                                                                               (Data.Text.unpackCStringLen#
                                                                                                                                                                  "Int"#
                                                                                                                                                                  (ghc-prim:GHC.Types.I#
                                                                                                                                                                     3#)),
                                                                                                                                                 fieldSqlType = sqlType
                                                                                                                                                                  (Proxy ::
                                                                                                                                                                     Proxy Int),
                                                                                                                                                 fieldAttrs = [],
                                                                                                                                                 fieldStrict = True,
                                                                                                                                                 fieldReference = NoReference,
                                                                                                                                                 fieldCascade = FieldCascade
                                                                                                                                                                  Nothing
                                                                                                                                                                  Nothing,
                                                                                                                                                 fieldComments = Nothing,
                                                                                                                                                 fieldGenerated = Nothing,
                                                                                                                                                 fieldIsImplicitIdColumn = False}],
             persistent-2.17.1.0-c22d16c4b9cbf19fd9770839449a580b26760e764f59489ca2b0b6000691b229:Database.Persist.Types.Base.entityId = EntityIdField
                                                                                                                                           (FieldDef
                                                                                                                                              (FieldNameHS
                                                                                                                                                 (Data.Text.unpackCStringLen#
                                                                                                                                                    "Id"#
                                                                                                                                                    (ghc-prim:GHC.Types.I#
                                                                                                                                                       2#)))
                                                                                                                                              (FieldNameDB
                                                                                                                                                 (Data.Text.unpackCStringLen#
                                                                                                                                                    "id"#
                                                                                                                                                    (ghc-prim:GHC.Types.I#
                                                                                                                                                       2#)))
                                                                                                                                              (FTTypeCon
                                                                                                                                                 Nothing
                                                                                                                                                 (Data.Text.unpackCStringLen#
                                                                                                                                                    "UpsertId"#
                                                                                                                                                    (ghc-prim:GHC.Types.I#
                                                                                                                                                       8#)))
                                                                                                                                              SqlInt64
                                                                                                                                              []
                                                                                                                                              True
                                                                                                                                              NoReference
                                                                                                                                              (FieldCascade
                                                                                                                                                 Nothing
                                                                                                                                                 Nothing)
                                                                                                                                              Nothing
                                                                                                                                              Nothing
                                                                                                                                              True),
             persistent-2.17.1.0-c22d16c4b9cbf19fd9770839449a580b26760e764f59489ca2b0b6000691b229:Database.Persist.Types.Base.entityForeigns = []}
      toPersistFields (Upsert x_aj4L x_aj4M x_aj4N x_aj4O)
        = [toPersistValue x_aj4L, toPersistValue x_aj4M,
           toPersistValue x_aj4N, toPersistValue x_aj4O]
      fromPersistValues [x1_aj4Q, x2_aj4R, x3_aj4S, x4_aj4T]
        = Upsert
            <$>
              (Database.Persist.TH.Internal.mapLeft
                 (Database.Persist.TH.Internal.fieldError
                    (Data.Text.unpackCStringLen# "Upsert"# (ghc-prim:GHC.Types.I# 6#))
                    (Data.Text.unpackCStringLen# "email"# (ghc-prim:GHC.Types.I# 5#)))
                 . fromPersistValue)
                x1_aj4Q
            <*>
              (Database.Persist.TH.Internal.mapLeft
                 (Database.Persist.TH.Internal.fieldError
                    (Data.Text.unpackCStringLen# "Upsert"# (ghc-prim:GHC.Types.I# 6#))
                    (Data.Text.unpackCStringLen# "attr"# (ghc-prim:GHC.Types.I# 4#)))
                 . fromPersistValue)
                x2_aj4R
            <*>
              (Database.Persist.TH.Internal.mapLeft
                 (Database.Persist.TH.Internal.fieldError
                    (Data.Text.unpackCStringLen# "Upsert"# (ghc-prim:GHC.Types.I# 6#))
                    (Data.Text.unpackCStringLen# "extra"# (ghc-prim:GHC.Types.I# 5#)))
                 . fromPersistValue)
                x3_aj4S
            <*>
              (Database.Persist.TH.Internal.mapLeft
                 (Database.Persist.TH.Internal.fieldError
                    (Data.Text.unpackCStringLen# "Upsert"# (ghc-prim:GHC.Types.I# 6#))
                    (Data.Text.unpackCStringLen# "age"# (ghc-prim:GHC.Types.I# 3#)))
                 . fromPersistValue)
                x4_aj4T
      fromPersistValues x_aj4P
        = (Left
             $ mappend
                 (Data.Text.unpackCStringLen#
                    "Upsert: fromPersistValues failed on: "#
                    (ghc-prim:GHC.Types.I# 37#))
                 (Data.Text.Internal.pack $ show x_aj4P))
      persistUniqueToFieldNames UniqueUpsert {}
        = ((FieldNameHS
              (Data.Text.unpackCStringLen# "email"# (ghc-prim:GHC.Types.I# 5#)), 
            FieldNameDB
              (Data.Text.unpackCStringLen# "email"# (ghc-prim:GHC.Types.I# 5#)))
             NEL.:| [])
      persistUniqueToValues (UniqueUpsert x_aj4U)
        = [toPersistValue x_aj4U]
      persistUniqueKeys
        (Upsert _email_aj4V _attr_aj4W _extra_aj4X _age_aj4Y)
        = [UniqueUpsert _email_aj4V]
      persistFieldDef UpsertId
        = Database.Persist.TH.Internal.stripIdFieldImpl
            (EntityIdField
               (FieldDef
                  (FieldNameHS
                     (Data.Text.unpackCStringLen# "Id"# (ghc-prim:GHC.Types.I# 2#)))
                  (FieldNameDB
                     (Data.Text.unpackCStringLen# "id"# (ghc-prim:GHC.Types.I# 2#)))
                  (FTTypeCon
                     Nothing
                     (Data.Text.unpackCStringLen#
                        "UpsertId"# (ghc-prim:GHC.Types.I# 8#)))
                  SqlInt64 [] True NoReference (FieldCascade Nothing Nothing) Nothing
                  Nothing True))
      persistFieldDef UpsertEmail
        = Database.Persist.TH.Internal.lookupEntityField
            (Proxy :: Proxy Upsert)
            (FieldNameHS
               (Data.Text.unpackCStringLen# "email"# (ghc-prim:GHC.Types.I# 5#)))
      persistFieldDef UpsertAttr
        = Database.Persist.TH.Internal.lookupEntityField
            (Proxy :: Proxy Upsert)
            (FieldNameHS
               (Data.Text.unpackCStringLen# "attr"# (ghc-prim:GHC.Types.I# 4#)))
      persistFieldDef UpsertExtra
        = Database.Persist.TH.Internal.lookupEntityField
            (Proxy :: Proxy Upsert)
            (FieldNameHS
               (Data.Text.unpackCStringLen# "extra"# (ghc-prim:GHC.Types.I# 5#)))
      persistFieldDef UpsertAge
        = Database.Persist.TH.Internal.lookupEntityField
            (Proxy :: Proxy Upsert)
            (FieldNameHS
               (Data.Text.unpackCStringLen# "age"# (ghc-prim:GHC.Types.I# 3#)))
      persistIdField = UpsertId
      fieldLens UpsertId
        = Database.Persist.TH.Internal.lensPTH
            entityKey
            (\ (Entity _ value_aj50) key_aj51 -> Entity key_aj51 value_aj50)
      fieldLens UpsertEmail
        = Database.Persist.TH.Internal.lensPTH
            ((\ Upsert {upsertEmail = x} -> x) . entityVal)
            (\ (Entity key_aj52 value_aj53) x_aj54
               -> Entity
                    key_aj52
                    (case value_aj53 of
                       Upsert {upsertAttr = upsertAttr_aj56,
                               upsertExtra = upsertExtra_aj57, upsertAge = upsertAge_aj58}
                         -> Upsert
                              {upsertEmail = x_aj54, upsertAttr = upsertAttr,
                               upsertExtra = upsertExtra, upsertAge = upsertAge}))
      fieldLens UpsertAttr
        = Database.Persist.TH.Internal.lensPTH
            ((\ Upsert {upsertAttr = x} -> x) . entityVal)
            (\ (Entity key_aj52 value_aj53) x_aj54
               -> Entity
                    key_aj52
                    (case value_aj53 of
                       Upsert {upsertEmail = upsertEmail_aj59,
                               upsertExtra = upsertExtra_aj5b, upsertAge = upsertAge_aj5c}
                         -> Upsert
                              {upsertEmail = upsertEmail, upsertAttr = x_aj54,
                               upsertExtra = upsertExtra, upsertAge = upsertAge}))
      fieldLens UpsertExtra
        = Database.Persist.TH.Internal.lensPTH
            ((\ Upsert {upsertExtra = x} -> x) . entityVal)
            (\ (Entity key_aj52 value_aj53) x_aj54
               -> Entity
                    key_aj52
                    (case value_aj53 of
                       Upsert {upsertEmail = upsertEmail_aj5d,
                               upsertAttr = upsertAttr_aj5e, upsertAge = upsertAge_aj5g}
                         -> Upsert
                              {upsertEmail = upsertEmail, upsertAttr = upsertAttr,
                               upsertExtra = x_aj54, upsertAge = upsertAge}))
      fieldLens UpsertAge
        = Database.Persist.TH.Internal.lensPTH
            ((\ Upsert {upsertAge = x} -> x) . entityVal)
            (\ (Entity key_aj52 value_aj53) x_aj54
               -> Entity
                    key_aj52
                    (case value_aj53 of
                       Upsert {upsertEmail = upsertEmail_aj5h,
                               upsertAttr = upsertAttr_aj5i, upsertExtra = upsertExtra_aj5j}
                         -> Upsert
                              {upsertEmail = upsertEmail, upsertAttr = upsertAttr,
                               upsertExtra = upsertExtra, upsertAge = x_aj54}))
    deriving stock instance Show (BackendKey backend) =>
                            Show (Key (UpsertGeneric backend))
    deriving stock instance Read (BackendKey backend) =>
                            Read (Key (UpsertGeneric backend))
    deriving newtype instance Eq (BackendKey backend) =>
                              Eq (Key (UpsertGeneric backend))
    deriving newtype instance Ord (BackendKey backend) =>
                              Ord (Key (UpsertGeneric backend))
    deriving newtype instance http-api-data-0.6.2-ad6e7e357125ac86bbf7b8bd52a9c174d0ff335d24e5b6ec37ede24c36c32ba4:Web.Internal.HttpApiData.ToHttpApiData (BackendKey backend) =>
                              http-api-data-0.6.2-ad6e7e357125ac86bbf7b8bd52a9c174d0ff335d24e5b6ec37ede24c36c32ba4:Web.Internal.HttpApiData.ToHttpApiData (Key (UpsertGeneric backend))
    deriving newtype instance http-api-data-0.6.2-ad6e7e357125ac86bbf7b8bd52a9c174d0ff335d24e5b6ec37ede24c36c32ba4:Web.Internal.HttpApiData.FromHttpApiData (BackendKey backend) =>
                              http-api-data-0.6.2-ad6e7e357125ac86bbf7b8bd52a9c174d0ff335d24e5b6ec37ede24c36c32ba4:Web.Internal.HttpApiData.FromHttpApiData (Key (UpsertGeneric backend))
    deriving newtype instance path-pieces-0.2.1-0cbcd43ab620cff66080c4dbbe25b5faf7aeb7d6ad7dda7fb20e5a2d48febdaf:Web.PathPieces.PathPiece (BackendKey backend) =>
                              path-pieces-0.2.1-0cbcd43ab620cff66080c4dbbe25b5faf7aeb7d6ad7dda7fb20e5a2d48febdaf:Web.PathPieces.PathPiece (Key (UpsertGeneric backend))
    deriving newtype instance PersistField (BackendKey backend) =>
                              PersistField (Key (UpsertGeneric backend))
    deriving newtype instance PersistFieldSql (BackendKey backend) =>
                              PersistFieldSql (Key (UpsertGeneric backend))
    deriving newtype instance ToJSON (BackendKey backend) =>
                              ToJSON (Key (UpsertGeneric backend))
    deriving newtype instance FromJSON (BackendKey backend) =>
                              FromJSON (Key (UpsertGeneric backend))
    instance PersistStore backend =>
             ToBackendKey backend (UpsertGeneric backend) where
      toBackendKey = \ UpsertKey {unUpsertKey = x} -> x
      fromBackendKey = UpsertKey
    type UpsertBy = UpsertByGeneric SqlBackend
    data UpsertByGeneric backend
      = UpsertBy {upsertByEmail :: !Text,
                  upsertByCity :: !Text,
                  upsertByAttr :: !Text}
      deriving stock (Eq, Show)
    type UpsertById = Key UpsertBy
    instance PersistStore backend =>
             PersistEntity (UpsertByGeneric backend) where
      type PersistEntityBackend (UpsertByGeneric backend) = backend
      data Unique (UpsertByGeneric backend)
        = UniqueUpsertBy Text | UniqueUpsertByCity Text
      newtype Key (UpsertByGeneric backend)
        = UpsertByKey {unUpsertByKey :: (BackendKey backend)}
      data EntityField (UpsertByGeneric backend) typ
        = (typ ~ Key (UpsertByGeneric backend)) => UpsertById |
          (typ ~ Text) => UpsertByEmail |
          (typ ~ Text) => UpsertByCity |
          (typ ~ Text) => UpsertByAttr
      keyToValues
        = ((: [])
             . (toPersistValue . (\ UpsertByKey {unUpsertByKey = x} -> x)))
      keyFromValues
        = (fmap UpsertByKey
             . (fromPersistValue . Database.Persist.TH.Internal.headNote))
      keyFromRecordM = Nothing
      tabulateEntityA fromField_aj5P
        = ((Entity <$> fromField_aj5P UpsertById)
             <*>
               (((pure UpsertBy <*> fromField_aj5P UpsertByEmail)
                   <*> fromField_aj5P UpsertByCity)
                  <*> fromField_aj5P UpsertByAttr))
      tabulateEntityApply fromField_aj5O
        = ((Entity <$> fromField_aj5O UpsertById)
             semigroupoids-6.0.1-65f23924fa529396dadce4ec759b13f32da41d263175c84695f8486aa34c3556:Data.Functor.Bind.Class.<.>
               (((UpsertBy <$> fromField_aj5O UpsertByEmail)
                   semigroupoids-6.0.1-65f23924fa529396dadce4ec759b13f32da41d263175c84695f8486aa34c3556:Data.Functor.Bind.Class.<.>
                     fromField_aj5O UpsertByCity)
                  semigroupoids-6.0.1-65f23924fa529396dadce4ec759b13f32da41d263175c84695f8486aa34c3556:Data.Functor.Bind.Class.<.>
                    fromField_aj5O UpsertByAttr))
      entityDef _
        = persistent-2.17.1.0-c22d16c4b9cbf19fd9770839449a580b26760e764f59489ca2b0b6000691b229:Database.Persist.Types.Base.EntityDef
            (EntityNameHS
               (Data.Text.unpackCStringLen#
                  "UpsertBy"# (ghc-prim:GHC.Types.I# 8#)))
            (EntityNameDB
               (Data.Text.unpackCStringLen#
                  "UpsertBy"# (ghc-prim:GHC.Types.I# 8#)))
            (EntityIdField
               (FieldDef
                  (FieldNameHS
                     (Data.Text.unpackCStringLen# "Id"# (ghc-prim:GHC.Types.I# 2#)))
                  (FieldNameDB
                     (Data.Text.unpackCStringLen# "id"# (ghc-prim:GHC.Types.I# 2#)))
                  (FTTypeCon
                     Nothing
                     (Data.Text.unpackCStringLen#
                        "UpsertById"# (ghc-prim:GHC.Types.I# 10#)))
                  SqlInt64 [] True NoReference (FieldCascade Nothing Nothing) Nothing
                  Nothing True))
            [] []
            [UniqueDef
               (ConstraintNameHS
                  (Data.Text.unpackCStringLen#
                     "UniqueUpsertBy"# (ghc-prim:GHC.Types.I# 14#)))
               (ConstraintNameDB
                  (Data.Text.unpackCStringLen#
                     "UniqueUpsertBy"# (ghc-prim:GHC.Types.I# 14#)))
               ((FieldNameHS
                   (Data.Text.unpackCStringLen# "email"# (ghc-prim:GHC.Types.I# 5#)), 
                 FieldNameDB
                   (Data.Text.unpackCStringLen# "email"# (ghc-prim:GHC.Types.I# 5#)))
                  NEL.:| [])
               [],
             UniqueDef
               (ConstraintNameHS
                  (Data.Text.unpackCStringLen#
                     "UniqueUpsertByCity"# (ghc-prim:GHC.Types.I# 18#)))
               (ConstraintNameDB
                  (Data.Text.unpackCStringLen#
                     "UniqueUpsertByCity"# (ghc-prim:GHC.Types.I# 18#)))
               ((FieldNameHS
                   (Data.Text.unpackCStringLen# "city"# (ghc-prim:GHC.Types.I# 4#)), 
                 FieldNameDB
                   (Data.Text.unpackCStringLen# "city"# (ghc-prim:GHC.Types.I# 4#)))
                  NEL.:| [])
               []]
            []
            [Data.Text.unpackCStringLen# "Eq"# (ghc-prim:GHC.Types.I# 2#),
             Data.Text.unpackCStringLen# "Show"# (ghc-prim:GHC.Types.I# 4#)]
            containers-0.7-inplace:Data.Map.Internal.Tip False Nothing
            (Just
               (Database.Persist.Types.SourceSpan.SourceSpan
                  (Data.Text.unpackCStringLen#
                     "test/PersistentTestModels.hs"# (ghc-prim:GHC.Types.I# 28#))
                  101 26 107 5))
            {persistent-2.17.1.0-c22d16c4b9cbf19fd9770839449a580b26760e764f59489ca2b0b6000691b229:Database.Persist.Types.Base.entityFields = [FieldDef
                                                                                                                                                {fieldHaskell = FieldNameHS
                                                                                                                                                                  (Data.Text.unpackCStringLen#
                                                                                                                                                                     "email"#
                                                                                                                                                                     (ghc-prim:GHC.Types.I#
                                                                                                                                                                        5#)),
                                                                                                                                                 fieldDB = FieldNameDB
                                                                                                                                                             (Data.Text.unpackCStringLen#
                                                                                                                                                                "email"#
                                                                                                                                                                (ghc-prim:GHC.Types.I#
                                                                                                                                                                   5#)),
                                                                                                                                                 fieldType = FTTypeCon
                                                                                                                                                               Nothing
                                                                                                                                                               (Data.Text.unpackCStringLen#
                                                                                                                                                                  "Text"#
                                                                                                                                                                  (ghc-prim:GHC.Types.I#
                                                                                                                                                                     4#)),
                                                                                                                                                 fieldSqlType = sqlType
                                                                                                                                                                  (Proxy ::
                                                                                                                                                                     Proxy Text),
                                                                                                                                                 fieldAttrs = [],
                                                                                                                                                 fieldStrict = True,
                                                                                                                                                 fieldReference = NoReference,
                                                                                                                                                 fieldCascade = FieldCascade
                                                                                                                                                                  Nothing
                                                                                                                                                                  Nothing,
                                                                                                                                                 fieldComments = Nothing,
                                                                                                                                                 fieldGenerated = Nothing,
                                                                                                                                                 fieldIsImplicitIdColumn = False},
                                                                                                                                              FieldDef
                                                                                                                                                {fieldHaskell = FieldNameHS
                                                                                                                                                                  (Data.Text.unpackCStringLen#
                                                                                                                                                                     "city"#
                                                                                                                                                                     (ghc-prim:GHC.Types.I#
                                                                                                                                                                        4#)),
                                                                                                                                                 fieldDB = FieldNameDB
                                                                                                                                                             (Data.Text.unpackCStringLen#
                                                                                                                                                                "city"#
                                                                                                                                                                (ghc-prim:GHC.Types.I#
                                                                                                                                                                   4#)),
                                                                                                                                                 fieldType = FTTypeCon
                                                                                                                                                               Nothing
                                                                                                                                                               (Data.Text.unpackCStringLen#
                                                                                                                                                                  "Text"#
                                                                                                                                                                  (ghc-prim:GHC.Types.I#
                                                                                                                                                                     4#)),
                                                                                                                                                 fieldSqlType = sqlType
                                                                                                                                                                  (Proxy ::
                                                                                                                                                                     Proxy Text),
                                                                                                                                                 fieldAttrs = [],
                                                                                                                                                 fieldStrict = True,
                                                                                                                                                 fieldReference = NoReference,
                                                                                                                                                 fieldCascade = FieldCascade
                                                                                                                                                                  Nothing
                                                                                                                                                                  Nothing,
                                                                                                                                                 fieldComments = Nothing,
                                                                                                                                                 fieldGenerated = Nothing,
                                                                                                                                                 fieldIsImplicitIdColumn = False},
                                                                                                                                              FieldDef
                                                                                                                                                {fieldHaskell = FieldNameHS
                                                                                                                                                                  (Data.Text.unpackCStringLen#
                                                                                                                                                                     "attr"#
                                                                                                                                                                     (ghc-prim:GHC.Types.I#
                                                                                                                                                                        4#)),
                                                                                                                                                 fieldDB = FieldNameDB
                                                                                                                                                             (Data.Text.unpackCStringLen#
                                                                                                                                                                "attr"#
                                                                                                                                                                (ghc-prim:GHC.Types.I#
                                                                                                                                                                   4#)),
                                                                                                                                                 fieldType = FTTypeCon
                                                                                                                                                               Nothing
                                                                                                                                                               (Data.Text.unpackCStringLen#
                                                                                                                                                                  "Text"#
                                                                                                                                                                  (ghc-prim:GHC.Types.I#
                                                                                                                                                                     4#)),
                                                                                                                                                 fieldSqlType = sqlType
                                                                                                                                                                  (Proxy ::
                                                                                                                                                                     Proxy Text),
                                                                                                                                                 fieldAttrs = [],
                                                                                                                                                 fieldStrict = True,
                                                                                                                                                 fieldReference = NoReference,
                                                                                                                                                 fieldCascade = FieldCascade
                                                                                                                                                                  Nothing
                                                                                                                                                                  Nothing,
                                                                                                                                                 fieldComments = Nothing,
                                                                                                                                                 fieldGenerated = Nothing,
                                                                                                                                                 fieldIsImplicitIdColumn = False}],
             persistent-2.17.1.0-c22d16c4b9cbf19fd9770839449a580b26760e764f59489ca2b0b6000691b229:Database.Persist.Types.Base.entityId = EntityIdField
                                                                                                                                           (FieldDef
                                                                                                                                              (FieldNameHS
                                                                                                                                                 (Data.Text.unpackCStringLen#
                                                                                                                                                    "Id"#
                                                                                                                                                    (ghc-prim:GHC.Types.I#
                                                                                                                                                       2#)))
                                                                                                                                              (FieldNameDB
                                                                                                                                                 (Data.Text.unpackCStringLen#
                                                                                                                                                    "id"#
                                                                                                                                                    (ghc-prim:GHC.Types.I#
                                                                                                                                                       2#)))
                                                                                                                                              (FTTypeCon
                                                                                                                                                 Nothing
                                                                                                                                                 (Data.Text.unpackCStringLen#
                                                                                                                                                    "UpsertById"#
                                                                                                                                                    (ghc-prim:GHC.Types.I#
                                                                                                                                                       10#)))
                                                                                                                                              SqlInt64
                                                                                                                                              []
                                                                                                                                              True
                                                                                                                                              NoReference
                                                                                                                                              (FieldCascade
                                                                                                                                                 Nothing
                                                                                                                                                 Nothing)
                                                                                                                                              Nothing
                                                                                                                                              Nothing
                                                                                                                                              True),
             persistent-2.17.1.0-c22d16c4b9cbf19fd9770839449a580b26760e764f59489ca2b0b6000691b229:Database.Persist.Types.Base.entityForeigns = []}
      toPersistFields (UpsertBy x_aj5n x_aj5o x_aj5p)
        = [toPersistValue x_aj5n, toPersistValue x_aj5o,
           toPersistValue x_aj5p]
      fromPersistValues [x1_aj5r, x2_aj5s, x3_aj5t]
        = UpsertBy
            <$>
              (Database.Persist.TH.Internal.mapLeft
                 (Database.Persist.TH.Internal.fieldError
                    (Data.Text.unpackCStringLen#
                       "UpsertBy"# (ghc-prim:GHC.Types.I# 8#))
                    (Data.Text.unpackCStringLen# "email"# (ghc-prim:GHC.Types.I# 5#)))
                 . fromPersistValue)
                x1_aj5r
            <*>
              (Database.Persist.TH.Internal.mapLeft
                 (Database.Persist.TH.Internal.fieldError
                    (Data.Text.unpackCStringLen#
                       "UpsertBy"# (ghc-prim:GHC.Types.I# 8#))
                    (Data.Text.unpackCStringLen# "city"# (ghc-prim:GHC.Types.I# 4#)))
                 . fromPersistValue)
                x2_aj5s
            <*>
              (Database.Persist.TH.Internal.mapLeft
                 (Database.Persist.TH.Internal.fieldError
                    (Data.Text.unpackCStringLen#
                       "UpsertBy"# (ghc-prim:GHC.Types.I# 8#))
                    (Data.Text.unpackCStringLen# "attr"# (ghc-prim:GHC.Types.I# 4#)))
                 . fromPersistValue)
                x3_aj5t
      fromPersistValues x_aj5q
        = (Left
             $ mappend
                 (Data.Text.unpackCStringLen#
                    "UpsertBy: fromPersistValues failed on: "#
                    (ghc-prim:GHC.Types.I# 39#))
                 (Data.Text.Internal.pack $ show x_aj5q))
      persistUniqueToFieldNames UniqueUpsertBy {}
        = ((FieldNameHS
              (Data.Text.unpackCStringLen# "email"# (ghc-prim:GHC.Types.I# 5#)), 
            FieldNameDB
              (Data.Text.unpackCStringLen# "email"# (ghc-prim:GHC.Types.I# 5#)))
             NEL.:| [])
      persistUniqueToFieldNames UniqueUpsertByCity {}
        = ((FieldNameHS
              (Data.Text.unpackCStringLen# "city"# (ghc-prim:GHC.Types.I# 4#)), 
            FieldNameDB
              (Data.Text.unpackCStringLen# "city"# (ghc-prim:GHC.Types.I# 4#)))
             NEL.:| [])
      persistUniqueToValues (UniqueUpsertBy x_aj5u)
        = [toPersistValue x_aj5u]
      persistUniqueToValues (UniqueUpsertByCity x_aj5v)
        = [toPersistValue x_aj5v]
      persistUniqueKeys (UpsertBy _email_aj5w _city_aj5x _attr_aj5y)
        = [UniqueUpsertBy _email_aj5w, UniqueUpsertByCity _city_aj5x]
      persistFieldDef UpsertById
        = Database.Persist.TH.Internal.stripIdFieldImpl
            (EntityIdField
               (FieldDef
                  (FieldNameHS
                     (Data.Text.unpackCStringLen# "Id"# (ghc-prim:GHC.Types.I# 2#)))
                  (FieldNameDB
                     (Data.Text.unpackCStringLen# "id"# (ghc-prim:GHC.Types.I# 2#)))
                  (FTTypeCon
                     Nothing
                     (Data.Text.unpackCStringLen#
                        "UpsertById"# (ghc-prim:GHC.Types.I# 10#)))
                  SqlInt64 [] True NoReference (FieldCascade Nothing Nothing) Nothing
                  Nothing True))
      persistFieldDef UpsertByEmail
        = Database.Persist.TH.Internal.lookupEntityField
            (Proxy :: Proxy UpsertBy)
            (FieldNameHS
               (Data.Text.unpackCStringLen# "email"# (ghc-prim:GHC.Types.I# 5#)))
      persistFieldDef UpsertByCity
        = Database.Persist.TH.Internal.lookupEntityField
            (Proxy :: Proxy UpsertBy)
            (FieldNameHS
               (Data.Text.unpackCStringLen# "city"# (ghc-prim:GHC.Types.I# 4#)))
      persistFieldDef UpsertByAttr
        = Database.Persist.TH.Internal.lookupEntityField
            (Proxy :: Proxy UpsertBy)
            (FieldNameHS
               (Data.Text.unpackCStringLen# "attr"# (ghc-prim:GHC.Types.I# 4#)))
      persistIdField = UpsertById
      fieldLens UpsertById
        = Database.Persist.TH.Internal.lensPTH
            entityKey
            (\ (Entity _ value_aj5A) key_aj5B -> Entity key_aj5B value_aj5A)
      fieldLens UpsertByEmail
        = Database.Persist.TH.Internal.lensPTH
            ((\ UpsertBy {upsertByEmail = x} -> x) . entityVal)
            (\ (Entity key_aj5C value_aj5D) x_aj5E
               -> Entity
                    key_aj5C
                    (case value_aj5D of
                       UpsertBy {upsertByCity = upsertByCity_aj5G,
                                 upsertByAttr = upsertByAttr_aj5H}
                         -> UpsertBy
                              {upsertByEmail = x_aj5E, upsertByCity = upsertByCity,
                               upsertByAttr = upsertByAttr}))
      fieldLens UpsertByCity
        = Database.Persist.TH.Internal.lensPTH
            ((\ UpsertBy {upsertByCity = x} -> x) . entityVal)
            (\ (Entity key_aj5C value_aj5D) x_aj5E
               -> Entity
                    key_aj5C
                    (case value_aj5D of
                       UpsertBy {upsertByEmail = upsertByEmail_aj5I,
                                 upsertByAttr = upsertByAttr_aj5K}
                         -> UpsertBy
                              {upsertByEmail = upsertByEmail, upsertByCity = x_aj5E,
                               upsertByAttr = upsertByAttr}))
      fieldLens UpsertByAttr
        = Database.Persist.TH.Internal.lensPTH
            ((\ UpsertBy {upsertByAttr = x} -> x) . entityVal)
            (\ (Entity key_aj5C value_aj5D) x_aj5E
               -> Entity
                    key_aj5C
                    (case value_aj5D of
                       UpsertBy {upsertByEmail = upsertByEmail_aj5L,
                                 upsertByCity = upsertByCity_aj5M}
                         -> UpsertBy
                              {upsertByEmail = upsertByEmail, upsertByCity = upsertByCity,
                               upsertByAttr = x_aj5E}))
    deriving stock instance Show (BackendKey backend) =>
                            Show (Key (UpsertByGeneric backend))
    deriving stock instance Read (BackendKey backend) =>
                            Read (Key (UpsertByGeneric backend))
    deriving newtype instance Eq (BackendKey backend) =>
                              Eq (Key (UpsertByGeneric backend))
    deriving newtype instance Ord (BackendKey backend) =>
                              Ord (Key (UpsertByGeneric backend))
    deriving newtype instance http-api-data-0.6.2-ad6e7e357125ac86bbf7b8bd52a9c174d0ff335d24e5b6ec37ede24c36c32ba4:Web.Internal.HttpApiData.ToHttpApiData (BackendKey backend) =>
                              http-api-data-0.6.2-ad6e7e357125ac86bbf7b8bd52a9c174d0ff335d24e5b6ec37ede24c36c32ba4:Web.Internal.HttpApiData.ToHttpApiData (Key (UpsertByGeneric backend))
    deriving newtype instance http-api-data-0.6.2-ad6e7e357125ac86bbf7b8bd52a9c174d0ff335d24e5b6ec37ede24c36c32ba4:Web.Internal.HttpApiData.FromHttpApiData (BackendKey backend) =>
                              http-api-data-0.6.2-ad6e7e357125ac86bbf7b8bd52a9c174d0ff335d24e5b6ec37ede24c36c32ba4:Web.Internal.HttpApiData.FromHttpApiData (Key (UpsertByGeneric backend))
    deriving newtype instance path-pieces-0.2.1-0cbcd43ab620cff66080c4dbbe25b5faf7aeb7d6ad7dda7fb20e5a2d48febdaf:Web.PathPieces.PathPiece (BackendKey backend) =>
                              path-pieces-0.2.1-0cbcd43ab620cff66080c4dbbe25b5faf7aeb7d6ad7dda7fb20e5a2d48febdaf:Web.PathPieces.PathPiece (Key (UpsertByGeneric backend))
    deriving newtype instance PersistField (BackendKey backend) =>
                              PersistField (Key (UpsertByGeneric backend))
    deriving newtype instance PersistFieldSql (BackendKey backend) =>
                              PersistFieldSql (Key (UpsertByGeneric backend))
    deriving newtype instance ToJSON (BackendKey backend) =>
                              ToJSON (Key (UpsertByGeneric backend))
    deriving newtype instance FromJSON (BackendKey backend) =>
                              FromJSON (Key (UpsertByGeneric backend))
    instance PersistStore backend =>
             ToBackendKey backend (UpsertByGeneric backend) where
      toBackendKey = \ UpsertByKey {unUpsertByKey = x} -> x
      fromBackendKey = UpsertByKey
    type Strict = StrictGeneric SqlBackend
    data StrictGeneric backend
      = Strict {strictYes :: !Int, strictNo :: Int, strictDef :: !Int}
    type StrictId = Key Strict
    instance PersistStore backend =>
             PersistEntity (StrictGeneric backend) where
      type PersistEntityBackend (StrictGeneric backend) = backend
      data Unique (StrictGeneric backend)
      newtype Key (StrictGeneric backend)
        = StrictKey {unStrictKey :: (BackendKey backend)}
      data EntityField (StrictGeneric backend) typ
        = (typ ~ Key (StrictGeneric backend)) => StrictId |
          (typ ~ Int) => StrictYes |
          (typ ~ Int) => StrictNo |
          (typ ~ Int) => StrictDef
      keyToValues
        = ((: [])
             . (toPersistValue . (\ StrictKey {unStrictKey = x} -> x)))
      keyFromValues
        = (fmap StrictKey
             . (fromPersistValue . Database.Persist.TH.Internal.headNote))
      keyFromRecordM = Nothing
      tabulateEntityA fromField_aj6g
        = ((Entity <$> fromField_aj6g StrictId)
             <*>
               (((pure Strict <*> fromField_aj6g StrictYes)
                   <*> fromField_aj6g StrictNo)
                  <*> fromField_aj6g StrictDef))
      tabulateEntityApply fromField_aj6f
        = ((Entity <$> fromField_aj6f StrictId)
             semigroupoids-6.0.1-65f23924fa529396dadce4ec759b13f32da41d263175c84695f8486aa34c3556:Data.Functor.Bind.Class.<.>
               (((Strict <$> fromField_aj6f StrictYes)
                   semigroupoids-6.0.1-65f23924fa529396dadce4ec759b13f32da41d263175c84695f8486aa34c3556:Data.Functor.Bind.Class.<.>
                     fromField_aj6f StrictNo)
                  semigroupoids-6.0.1-65f23924fa529396dadce4ec759b13f32da41d263175c84695f8486aa34c3556:Data.Functor.Bind.Class.<.>
                    fromField_aj6f StrictDef))
      entityDef _
        = persistent-2.17.1.0-c22d16c4b9cbf19fd9770839449a580b26760e764f59489ca2b0b6000691b229:Database.Persist.Types.Base.EntityDef
            (EntityNameHS
               (Data.Text.unpackCStringLen# "Strict"# (ghc-prim:GHC.Types.I# 6#)))
            (EntityNameDB
               (Data.Text.unpackCStringLen# "Strict"# (ghc-prim:GHC.Types.I# 6#)))
            (EntityIdField
               (FieldDef
                  (FieldNameHS
                     (Data.Text.unpackCStringLen# "Id"# (ghc-prim:GHC.Types.I# 2#)))
                  (FieldNameDB
                     (Data.Text.unpackCStringLen# "id"# (ghc-prim:GHC.Types.I# 2#)))
                  (FTTypeCon
                     Nothing
                     (Data.Text.unpackCStringLen#
                        "StrictId"# (ghc-prim:GHC.Types.I# 8#)))
                  SqlInt64 [] True NoReference (FieldCascade Nothing Nothing) Nothing
                  Nothing True))
            [] [] [] [] [] containers-0.7-inplace:Data.Map.Internal.Tip False
            Nothing
            (Just
               (Database.Persist.Types.SourceSpan.SourceSpan
                  (Data.Text.unpackCStringLen#
                     "test/PersistentTestModels.hs"# (ghc-prim:GHC.Types.I# 28#))
                  109 26 112 5))
            {persistent-2.17.1.0-c22d16c4b9cbf19fd9770839449a580b26760e764f59489ca2b0b6000691b229:Database.Persist.Types.Base.entityFields = [FieldDef
                                                                                                                                                {fieldHaskell = FieldNameHS
                                                                                                                                                                  (Data.Text.unpackCStringLen#
                                                                                                                                                                     "yes"#
                                                                                                                                                                     (ghc-prim:GHC.Types.I#
                                                                                                                                                                        3#)),
                                                                                                                                                 fieldDB = FieldNameDB
                                                                                                                                                             (Data.Text.unpackCStringLen#
                                                                                                                                                                "yes"#
                                                                                                                                                                (ghc-prim:GHC.Types.I#
                                                                                                                                                                   3#)),
                                                                                                                                                 fieldType = FTTypeCon
                                                                                                                                                               Nothing
                                                                                                                                                               (Data.Text.unpackCStringLen#
                                                                                                                                                                  "Int"#
                                                                                                                                                                  (ghc-prim:GHC.Types.I#
                                                                                                                                                                     3#)),
                                                                                                                                                 fieldSqlType = sqlType
                                                                                                                                                                  (Proxy ::
                                                                                                                                                                     Proxy Int),
                                                                                                                                                 fieldAttrs = [],
                                                                                                                                                 fieldStrict = True,
                                                                                                                                                 fieldReference = NoReference,
                                                                                                                                                 fieldCascade = FieldCascade
                                                                                                                                                                  Nothing
                                                                                                                                                                  Nothing,
                                                                                                                                                 fieldComments = Nothing,
                                                                                                                                                 fieldGenerated = Nothing,
                                                                                                                                                 fieldIsImplicitIdColumn = False},
                                                                                                                                              FieldDef
                                                                                                                                                {fieldHaskell = FieldNameHS
                                                                                                                                                                  (Data.Text.unpackCStringLen#
                                                                                                                                                                     "no"#
                                                                                                                                                                     (ghc-prim:GHC.Types.I#
                                                                                                                                                                        2#)),
                                                                                                                                                 fieldDB = FieldNameDB
                                                                                                                                                             (Data.Text.unpackCStringLen#
                                                                                                                                                                "no"#
                                                                                                                                                                (ghc-prim:GHC.Types.I#
                                                                                                                                                                   2#)),
                                                                                                                                                 fieldType = FTTypeCon
                                                                                                                                                               Nothing
                                                                                                                                                               (Data.Text.unpackCStringLen#
                                                                                                                                                                  "Int"#
                                                                                                                                                                  (ghc-prim:GHC.Types.I#
                                                                                                                                                                     3#)),
                                                                                                                                                 fieldSqlType = sqlType
                                                                                                                                                                  (Proxy ::
                                                                                                                                                                     Proxy Int),
                                                                                                                                                 fieldAttrs = [],
                                                                                                                                                 fieldStrict = False,
                                                                                                                                                 fieldReference = NoReference,
                                                                                                                                                 fieldCascade = FieldCascade
                                                                                                                                                                  Nothing
                                                                                                                                                                  Nothing,
                                                                                                                                                 fieldComments = Nothing,
                                                                                                                                                 fieldGenerated = Nothing,
                                                                                                                                                 fieldIsImplicitIdColumn = False},
                                                                                                                                              FieldDef
                                                                                                                                                {fieldHaskell = FieldNameHS
                                                                                                                                                                  (Data.Text.unpackCStringLen#
                                                                                                                                                                     "def"#
                                                                                                                                                                     (ghc-prim:GHC.Types.I#
                                                                                                                                                                        3#)),
                                                                                                                                                 fieldDB = FieldNameDB
                                                                                                                                                             (Data.Text.unpackCStringLen#
                                                                                                                                                                "def"#
                                                                                                                                                                (ghc-prim:GHC.Types.I#
                                                                                                                                                                   3#)),
                                                                                                                                                 fieldType = FTTypeCon
                                                                                                                                                               Nothing
                                                                                                                                                               (Data.Text.unpackCStringLen#
                                                                                                                                                                  "Int"#
                                                                                                                                                                  (ghc-prim:GHC.Types.I#
                                                                                                                                                                     3#)),
                                                                                                                                                 fieldSqlType = sqlType
                                                                                                                                                                  (Proxy ::
                                                                                                                                                                     Proxy Int),
                                                                                                                                                 fieldAttrs = [],
                                                                                                                                                 fieldStrict = True,
                                                                                                                                                 fieldReference = NoReference,
                                                                                                                                                 fieldCascade = FieldCascade
                                                                                                                                                                  Nothing
                                                                                                                                                                  Nothing,
                                                                                                                                                 fieldComments = Nothing,
                                                                                                                                                 fieldGenerated = Nothing,
                                                                                                                                                 fieldIsImplicitIdColumn = False}],
             persistent-2.17.1.0-c22d16c4b9cbf19fd9770839449a580b26760e764f59489ca2b0b6000691b229:Database.Persist.Types.Base.entityId = EntityIdField
                                                                                                                                           (FieldDef
                                                                                                                                              (FieldNameHS
                                                                                                                                                 (Data.Text.unpackCStringLen#
                                                                                                                                                    "Id"#
                                                                                                                                                    (ghc-prim:GHC.Types.I#
                                                                                                                                                       2#)))
                                                                                                                                              (FieldNameDB
                                                                                                                                                 (Data.Text.unpackCStringLen#
                                                                                                                                                    "id"#
                                                                                                                                                    (ghc-prim:GHC.Types.I#
                                                                                                                                                       2#)))
                                                                                                                                              (FTTypeCon
                                                                                                                                                 Nothing
                                                                                                                                                 (Data.Text.unpackCStringLen#
                                                                                                                                                    "StrictId"#
                                                                                                                                                    (ghc-prim:GHC.Types.I#
                                                                                                                                                       8#)))
                                                                                                                                              SqlInt64
                                                                                                                                              []
                                                                                                                                              True
                                                                                                                                              NoReference
                                                                                                                                              (FieldCascade
                                                                                                                                                 Nothing
                                                                                                                                                 Nothing)
                                                                                                                                              Nothing
                                                                                                                                              Nothing
                                                                                                                                              True),
             persistent-2.17.1.0-c22d16c4b9cbf19fd9770839449a580b26760e764f59489ca2b0b6000691b229:Database.Persist.Types.Base.entityForeigns = []}
      toPersistFields (Strict x_aj5Q x_aj5R x_aj5S)
        = [toPersistValue x_aj5Q, toPersistValue x_aj5R,
           toPersistValue x_aj5S]
      fromPersistValues [x1_aj5U, x2_aj5V, x3_aj5W]
        = Strict
            <$>
              (Database.Persist.TH.Internal.mapLeft
                 (Database.Persist.TH.Internal.fieldError
                    (Data.Text.unpackCStringLen# "Strict"# (ghc-prim:GHC.Types.I# 6#))
                    (Data.Text.unpackCStringLen# "yes"# (ghc-prim:GHC.Types.I# 3#)))
                 . fromPersistValue)
                x1_aj5U
            <*>
              (Database.Persist.TH.Internal.mapLeft
                 (Database.Persist.TH.Internal.fieldError
                    (Data.Text.unpackCStringLen# "Strict"# (ghc-prim:GHC.Types.I# 6#))
                    (Data.Text.unpackCStringLen# "no"# (ghc-prim:GHC.Types.I# 2#)))
                 . fromPersistValue)
                x2_aj5V
            <*>
              (Database.Persist.TH.Internal.mapLeft
                 (Database.Persist.TH.Internal.fieldError
                    (Data.Text.unpackCStringLen# "Strict"# (ghc-prim:GHC.Types.I# 6#))
                    (Data.Text.unpackCStringLen# "def"# (ghc-prim:GHC.Types.I# 3#)))
                 . fromPersistValue)
                x3_aj5W
      fromPersistValues x_aj5T
        = (Left
             $ mappend
                 (Data.Text.unpackCStringLen#
                    "Strict: fromPersistValues failed on: "#
                    (ghc-prim:GHC.Types.I# 37#))
                 (Data.Text.Internal.pack $ show x_aj5T))
      persistUniqueToFieldNames _
        = error "Degenerate case, should never happen"
      persistUniqueToValues _
        = error "Degenerate case, should never happen"
      persistUniqueKeys (Strict _yes_aj5X _no_aj5Y _def_aj5Z) = []
      persistFieldDef StrictId
        = Database.Persist.TH.Internal.stripIdFieldImpl
            (EntityIdField
               (FieldDef
                  (FieldNameHS
                     (Data.Text.unpackCStringLen# "Id"# (ghc-prim:GHC.Types.I# 2#)))
                  (FieldNameDB
                     (Data.Text.unpackCStringLen# "id"# (ghc-prim:GHC.Types.I# 2#)))
                  (FTTypeCon
                     Nothing
                     (Data.Text.unpackCStringLen#
                        "StrictId"# (ghc-prim:GHC.Types.I# 8#)))
                  SqlInt64 [] True NoReference (FieldCascade Nothing Nothing) Nothing
                  Nothing True))
      persistFieldDef StrictYes
        = Database.Persist.TH.Internal.lookupEntityField
            (Proxy :: Proxy Strict)
            (FieldNameHS
               (Data.Text.unpackCStringLen# "yes"# (ghc-prim:GHC.Types.I# 3#)))
      persistFieldDef StrictNo
        = Database.Persist.TH.Internal.lookupEntityField
            (Proxy :: Proxy Strict)
            (FieldNameHS
               (Data.Text.unpackCStringLen# "no"# (ghc-prim:GHC.Types.I# 2#)))
      persistFieldDef StrictDef
        = Database.Persist.TH.Internal.lookupEntityField
            (Proxy :: Proxy Strict)
            (FieldNameHS
               (Data.Text.unpackCStringLen# "def"# (ghc-prim:GHC.Types.I# 3#)))
      persistIdField = StrictId
      fieldLens StrictId
        = Database.Persist.TH.Internal.lensPTH
            entityKey
            (\ (Entity _ value_aj61) key_aj62 -> Entity key_aj62 value_aj61)
      fieldLens StrictYes
        = Database.Persist.TH.Internal.lensPTH
            ((\ Strict {strictYes = x} -> x) . entityVal)
            (\ (Entity key_aj63 value_aj64) x_aj65
               -> Entity
                    key_aj63
                    (case value_aj64 of
                       Strict {strictNo = strictNo_aj67, strictDef = strictDef_aj68}
                         -> Strict
                              {strictYes = x_aj65, strictNo = strictNo, strictDef = strictDef}))
      fieldLens StrictNo
        = Database.Persist.TH.Internal.lensPTH
            ((\ Strict {strictNo = x} -> x) . entityVal)
            (\ (Entity key_aj63 value_aj64) x_aj65
               -> Entity
                    key_aj63
                    (case value_aj64 of
                       Strict {strictYes = strictYes_aj69, strictDef = strictDef_aj6b}
                         -> Strict
                              {strictYes = strictYes, strictNo = x_aj65, strictDef = strictDef}))
      fieldLens StrictDef
        = Database.Persist.TH.Internal.lensPTH
            ((\ Strict {strictDef = x} -> x) . entityVal)
            (\ (Entity key_aj63 value_aj64) x_aj65
               -> Entity
                    key_aj63
                    (case value_aj64 of
                       Strict {strictYes = strictYes_aj6c, strictNo = strictNo_aj6d}
                         -> Strict
                              {strictYes = strictYes, strictNo = strictNo, strictDef = x_aj65}))
    deriving stock instance Show (BackendKey backend) =>
                            Show (Key (StrictGeneric backend))
    deriving stock instance Read (BackendKey backend) =>
                            Read (Key (StrictGeneric backend))
    deriving newtype instance Eq (BackendKey backend) =>
                              Eq (Key (StrictGeneric backend))
    deriving newtype instance Ord (BackendKey backend) =>
                              Ord (Key (StrictGeneric backend))
    deriving newtype instance http-api-data-0.6.2-ad6e7e357125ac86bbf7b8bd52a9c174d0ff335d24e5b6ec37ede24c36c32ba4:Web.Internal.HttpApiData.ToHttpApiData (BackendKey backend) =>
                              http-api-data-0.6.2-ad6e7e357125ac86bbf7b8bd52a9c174d0ff335d24e5b6ec37ede24c36c32ba4:Web.Internal.HttpApiData.ToHttpApiData (Key (StrictGeneric backend))
    deriving newtype instance http-api-data-0.6.2-ad6e7e357125ac86bbf7b8bd52a9c174d0ff335d24e5b6ec37ede24c36c32ba4:Web.Internal.HttpApiData.FromHttpApiData (BackendKey backend) =>
                              http-api-data-0.6.2-ad6e7e357125ac86bbf7b8bd52a9c174d0ff335d24e5b6ec37ede24c36c32ba4:Web.Internal.HttpApiData.FromHttpApiData (Key (StrictGeneric backend))
    deriving newtype instance path-pieces-0.2.1-0cbcd43ab620cff66080c4dbbe25b5faf7aeb7d6ad7dda7fb20e5a2d48febdaf:Web.PathPieces.PathPiece (BackendKey backend) =>
                              path-pieces-0.2.1-0cbcd43ab620cff66080c4dbbe25b5faf7aeb7d6ad7dda7fb20e5a2d48febdaf:Web.PathPieces.PathPiece (Key (StrictGeneric backend))
    deriving newtype instance PersistField (BackendKey backend) =>
                              PersistField (Key (StrictGeneric backend))
    deriving newtype instance PersistFieldSql (BackendKey backend) =>
                              PersistFieldSql (Key (StrictGeneric backend))
    deriving newtype instance ToJSON (BackendKey backend) =>
                              ToJSON (Key (StrictGeneric backend))
    deriving newtype instance FromJSON (BackendKey backend) =>
                              FromJSON (Key (StrictGeneric backend))
    instance PersistStore backend =>
             ToBackendKey backend (StrictGeneric backend) where
      toBackendKey = \ StrictKey {unStrictKey = x} -> x
      fromBackendKey = StrictKey
    instance PersistStore backend =>
             ToJSON (PersonGeneric backend) where
      toJSON (Person name_aj6i age_aj6j color_aj6k)
        = object
            [(Data.Aeson.Key.fromString "name" .= name_aj6i),
             (Data.Aeson.Key.fromString "age" .= age_aj6j),
             (Data.Aeson.Key.fromString "color" .= color_aj6k)]
    instance PersistStore backend =>
             FromJSON (PersonGeneric backend) where
      parseJSON
        = withObject
            "Person"
            (\ obj_aj6h
               -> (((pure Person
                       <*> (obj_aj6h .: Data.Aeson.Key.fromString "name"))
                      <*> (obj_aj6h .: Data.Aeson.Key.fromString "age"))
                     <*> (obj_aj6h .:? Data.Aeson.Key.fromString "color")))
    instance PersistStore backend =>
             ToJSON (Entity (PersonGeneric backend)) where
      toJSON = entityIdToJSON
    instance PersistStore backend =>
             FromJSON (Entity (PersonGeneric backend)) where
      parseJSON = entityIdFromJSON
    instance PersistStore backend =>
             ToJSON (PersonMayGeneric backend) where
      toJSON (PersonMay name_aj6m color_aj6n)
        = object
            [(Data.Aeson.Key.fromString "name" .= name_aj6m),
             (Data.Aeson.Key.fromString "color" .= color_aj6n)]
    instance PersistStore backend =>
             FromJSON (PersonMayGeneric backend) where
      parseJSON
        = withObject
            "PersonMay"
            (\ obj_aj6l
               -> ((pure PersonMay
                      <*> (obj_aj6l .:? Data.Aeson.Key.fromString "name"))
                     <*> (obj_aj6l .:? Data.Aeson.Key.fromString "color")))
    instance PersistStore backend =>
             ToJSON (Entity (PersonMayGeneric backend)) where
      toJSON = entityIdToJSON
    instance PersistStore backend =>
             FromJSON (Entity (PersonMayGeneric backend)) where
      parseJSON = entityIdFromJSON
    instance PersistStoreWrite backend =>
             OnlyOneUniqueKey (PersonGeneric backend) where
      onlyUniqueP = (head . persistUniqueKeys)
    instance PersistStoreWrite backend =>
             AtLeastOneUniqueKey (PersonGeneric backend) where
      requireUniquesP = (NEL.fromList . persistUniqueKeys)
    instance (ghc-internal:GHC.Internal.TypeError.TypeError (NoUniqueKeysError (Person1Generic backend)),
              PersistStoreWrite backend) =>
             OnlyOneUniqueKey (Person1Generic backend) where
      onlyUniqueP _ = error "impossible"
    instance (ghc-internal:GHC.Internal.TypeError.TypeError (NoUniqueKeysError (Person1Generic backend)),
              PersistStoreWrite backend) =>
             AtLeastOneUniqueKey (Person1Generic backend) where
      requireUniquesP _ = error "impossible"
    instance (ghc-internal:GHC.Internal.TypeError.TypeError (NoUniqueKeysError (PersonMaybeAgeGeneric backend)),
              PersistStoreWrite backend) =>
             OnlyOneUniqueKey (PersonMaybeAgeGeneric backend) where
      onlyUniqueP _ = error "impossible"
    instance (ghc-internal:GHC.Internal.TypeError.TypeError (NoUniqueKeysError (PersonMaybeAgeGeneric backend)),
              PersistStoreWrite backend) =>
             AtLeastOneUniqueKey (PersonMaybeAgeGeneric backend) where
      requireUniquesP _ = error "impossible"
    instance (ghc-internal:GHC.Internal.TypeError.TypeError (NoUniqueKeysError (PersonMayGeneric backend)),
              PersistStoreWrite backend) =>
             OnlyOneUniqueKey (PersonMayGeneric backend) where
      onlyUniqueP _ = error "impossible"
    instance (ghc-internal:GHC.Internal.TypeError.TypeError (NoUniqueKeysError (PersonMayGeneric backend)),
              PersistStoreWrite backend) =>
             AtLeastOneUniqueKey (PersonMayGeneric backend) where
      requireUniquesP _ = error "impossible"
    instance (ghc-internal:GHC.Internal.TypeError.TypeError (NoUniqueKeysError (PetGeneric backend)),
              PersistStoreWrite backend) =>
             OnlyOneUniqueKey (PetGeneric backend) where
      onlyUniqueP _ = error "impossible"
    instance (ghc-internal:GHC.Internal.TypeError.TypeError (NoUniqueKeysError (PetGeneric backend)),
              PersistStoreWrite backend) =>
             AtLeastOneUniqueKey (PetGeneric backend) where
      requireUniquesP _ = error "impossible"
    instance (ghc-internal:GHC.Internal.TypeError.TypeError (NoUniqueKeysError (MaybeOwnedPetGeneric backend)),
              PersistStoreWrite backend) =>
             OnlyOneUniqueKey (MaybeOwnedPetGeneric backend) where
      onlyUniqueP _ = error "impossible"
    instance (ghc-internal:GHC.Internal.TypeError.TypeError (NoUniqueKeysError (MaybeOwnedPetGeneric backend)),
              PersistStoreWrite backend) =>
             AtLeastOneUniqueKey (MaybeOwnedPetGeneric backend) where
      requireUniquesP _ = error "impossible"
    instance (ghc-internal:GHC.Internal.TypeError.TypeError (NoUniqueKeysError (NeedsPetGeneric backend)),
              PersistStoreWrite backend) =>
             OnlyOneUniqueKey (NeedsPetGeneric backend) where
      onlyUniqueP _ = error "impossible"
    instance (ghc-internal:GHC.Internal.TypeError.TypeError (NoUniqueKeysError (NeedsPetGeneric backend)),
              PersistStoreWrite backend) =>
             AtLeastOneUniqueKey (NeedsPetGeneric backend) where
      requireUniquesP _ = error "impossible"
    instance (ghc-internal:GHC.Internal.TypeError.TypeError (NoUniqueKeysError (OutdoorPetGeneric backend)),
              PersistStoreWrite backend) =>
             OnlyOneUniqueKey (OutdoorPetGeneric backend) where
      onlyUniqueP _ = error "impossible"
    instance (ghc-internal:GHC.Internal.TypeError.TypeError (NoUniqueKeysError (OutdoorPetGeneric backend)),
              PersistStoreWrite backend) =>
             AtLeastOneUniqueKey (OutdoorPetGeneric backend) where
      requireUniquesP _ = error "impossible"
    instance PersistStoreWrite backend =>
             OnlyOneUniqueKey (UserPTGeneric backend) where
      onlyUniqueP = (head . persistUniqueKeys)
    instance PersistStoreWrite backend =>
             AtLeastOneUniqueKey (UserPTGeneric backend) where
      requireUniquesP = (NEL.fromList . persistUniqueKeys)
    instance PersistStoreWrite backend =>
             OnlyOneUniqueKey (EmailPTGeneric backend) where
      onlyUniqueP = (head . persistUniqueKeys)
    instance PersistStoreWrite backend =>
             AtLeastOneUniqueKey (EmailPTGeneric backend) where
      requireUniquesP = (NEL.fromList . persistUniqueKeys)
    instance PersistStoreWrite backend =>
             OnlyOneUniqueKey (UpsertGeneric backend) where
      onlyUniqueP = (head . persistUniqueKeys)
    instance PersistStoreWrite backend =>
             AtLeastOneUniqueKey (UpsertGeneric backend) where
      requireUniquesP = (NEL.fromList . persistUniqueKeys)
    instance (ghc-internal:GHC.Internal.TypeError.TypeError (MultipleUniqueKeysError (UpsertByGeneric backend)),
              PersistStoreWrite backend) =>
             OnlyOneUniqueKey (UpsertByGeneric backend) where
      onlyUniqueP _ = error "impossible"
    instance PersistStoreWrite backend =>
             AtLeastOneUniqueKey (UpsertByGeneric backend) where
      requireUniquesP = (NEL.fromList . persistUniqueKeys)
    instance (ghc-internal:GHC.Internal.TypeError.TypeError (NoUniqueKeysError (StrictGeneric backend)),
              PersistStoreWrite backend) =>
             OnlyOneUniqueKey (StrictGeneric backend) where
      onlyUniqueP _ = error "impossible"
    instance (ghc-internal:GHC.Internal.TypeError.TypeError (NoUniqueKeysError (StrictGeneric backend)),
              PersistStoreWrite backend) =>
             AtLeastOneUniqueKey (StrictGeneric backend) where
      requireUniquesP _ = error "impossible"
    instance SymbolToField "id" (PersonGeneric backend) (Key (PersonGeneric backend)) where
      symbolToField = PersonId
    instance SymbolToField "name" (PersonGeneric backend) Text where
      symbolToField = PersonName
    instance SymbolToField "age" (PersonGeneric backend) Int where
      symbolToField = PersonAge
    instance SymbolToField "color" (PersonGeneric backend) (Maybe Text) where
      symbolToField = PersonColor
    instance SymbolToField "id" (Person1Generic backend) (Key (Person1Generic backend)) where
      symbolToField = Person1Id
    instance SymbolToField "name" (Person1Generic backend) Text where
      symbolToField = Person1Name
    instance SymbolToField "age" (Person1Generic backend) Int where
      symbolToField = Person1Age
    instance SymbolToField "id" (PersonMaybeAgeGeneric backend) (Key (PersonMaybeAgeGeneric backend)) where
      symbolToField = PersonMaybeAgeId
    instance SymbolToField "name" (PersonMaybeAgeGeneric backend) Text where
      symbolToField = PersonMaybeAgeName
    instance SymbolToField "age" (PersonMaybeAgeGeneric backend) (Maybe Int) where
      symbolToField = PersonMaybeAgeAge
    instance SymbolToField "id" (PersonMayGeneric backend) (Key (PersonMayGeneric backend)) where
      symbolToField = PersonMayId
    instance SymbolToField "name" (PersonMayGeneric backend) (Maybe Text) where
      symbolToField = PersonMayName
    instance SymbolToField "color" (PersonMayGeneric backend) (Maybe Text) where
      symbolToField = PersonMayColor
    instance SymbolToField "id" (PetGeneric backend) (Key (PetGeneric backend)) where
      symbolToField = PetId
    instance SymbolToField "ownerId" (PetGeneric backend) (Key (PersonGeneric backend)) where
      symbolToField = PetOwnerId
    instance SymbolToField "name" (PetGeneric backend) Text where
      symbolToField = PetName
    instance SymbolToField "type" (PetGeneric backend) PetType where
      symbolToField = PetType
    instance SymbolToField "id" (MaybeOwnedPetGeneric backend) (Key (MaybeOwnedPetGeneric backend)) where
      symbolToField = MaybeOwnedPetId
    instance SymbolToField "ownerId" (MaybeOwnedPetGeneric backend) (Maybe (Key (PersonGeneric backend))) where
      symbolToField = MaybeOwnedPetOwnerId
    instance SymbolToField "name" (MaybeOwnedPetGeneric backend) Text where
      symbolToField = MaybeOwnedPetName
    instance SymbolToField "type" (MaybeOwnedPetGeneric backend) PetType where
      symbolToField = MaybeOwnedPetType
    instance SymbolToField "id" (NeedsPetGeneric backend) (Key (NeedsPetGeneric backend)) where
      symbolToField = NeedsPetId
    instance SymbolToField "petKey" (NeedsPetGeneric backend) (Key (PetGeneric backend)) where
      symbolToField = NeedsPetPetKey
    instance SymbolToField "id" (OutdoorPetGeneric backend) (Key (OutdoorPetGeneric backend)) where
      symbolToField = OutdoorPetId
    instance SymbolToField "ownerId" (OutdoorPetGeneric backend) (Key (PersonGeneric backend)) where
      symbolToField = OutdoorPetOwnerId
    instance SymbolToField "collar" (OutdoorPetGeneric backend) PetCollar where
      symbolToField = OutdoorPetCollar
    instance SymbolToField "type" (OutdoorPetGeneric backend) PetType where
      symbolToField = OutdoorPetType
    instance SymbolToField "id" (UserPTGeneric backend) (Key (UserPTGeneric backend)) where
      symbolToField = UserPTId
    instance SymbolToField "ident" (UserPTGeneric backend) Text where
      symbolToField = UserPTIdent
    instance SymbolToField "password" (UserPTGeneric backend) (Maybe Text) where
      symbolToField = UserPTPassword
    instance SymbolToField "id" (EmailPTGeneric backend) (Key (EmailPTGeneric backend)) where
      symbolToField = EmailPTId
    instance SymbolToField "email" (EmailPTGeneric backend) Text where
      symbolToField = EmailPTEmail
    instance SymbolToField "user" (EmailPTGeneric backend) (Maybe (Key (UserPTGeneric backend))) where
      symbolToField = EmailPTUser
    instance SymbolToField "verkey" (EmailPTGeneric backend) (Maybe Text) where
      symbolToField = EmailPTVerkey
    instance SymbolToField "id" (UpsertGeneric backend) (Key (UpsertGeneric backend)) where
      symbolToField = UpsertId
    instance SymbolToField "email" (UpsertGeneric backend) Text where
      symbolToField = UpsertEmail
    instance SymbolToField "attr" (UpsertGeneric backend) Text where
      symbolToField = UpsertAttr
    instance SymbolToField "extra" (UpsertGeneric backend) Text where
      symbolToField = UpsertExtra
    instance SymbolToField "age" (UpsertGeneric backend) Int where
      symbolToField = UpsertAge
    instance SymbolToField "id" (UpsertByGeneric backend) (Key (UpsertByGeneric backend)) where
      symbolToField = UpsertById
    instance SymbolToField "email" (UpsertByGeneric backend) Text where
      symbolToField = UpsertByEmail
    instance SymbolToField "city" (UpsertByGeneric backend) Text where
      symbolToField = UpsertByCity
    instance SymbolToField "attr" (UpsertByGeneric backend) Text where
      symbolToField = UpsertByAttr
    instance SymbolToField "id" (StrictGeneric backend) (Key (StrictGeneric backend)) where
      symbolToField = StrictId
    instance SymbolToField "yes" (StrictGeneric backend) Int where
      symbolToField = StrictYes
    instance SymbolToField "no" (StrictGeneric backend) Int where
      symbolToField = StrictNo
    instance SymbolToField "def" (StrictGeneric backend) Int where
      symbolToField = StrictDef
    instance PersistStoreWrite backend =>
             SafeToInsert (PersonGeneric backend)
    instance PersistStoreWrite backend =>
             SafeToInsert (Person1Generic backend)
    instance PersistStoreWrite backend =>
             SafeToInsert (PersonMaybeAgeGeneric backend)
    instance PersistStoreWrite backend =>
             SafeToInsert (PersonMayGeneric backend)
    instance PersistStoreWrite backend =>
             SafeToInsert (PetGeneric backend)
    instance PersistStoreWrite backend =>
             SafeToInsert (MaybeOwnedPetGeneric backend)
    instance PersistStoreWrite backend =>
             SafeToInsert (NeedsPetGeneric backend)
    instance PersistStoreWrite backend =>
             SafeToInsert (OutdoorPetGeneric backend)
    instance PersistStoreWrite backend =>
             SafeToInsert (UserPTGeneric backend)
    instance PersistStoreWrite backend =>
             SafeToInsert (EmailPTGeneric backend)
    instance PersistStoreWrite backend =>
             SafeToInsert (UpsertGeneric backend)
    instance PersistStoreWrite backend =>
             SafeToInsert (UpsertByGeneric backend)
    instance PersistStoreWrite backend =>
             SafeToInsert (StrictGeneric backend)
    entityDefListFortestMigrate :: [EntityDef]
    entityDefListFortestMigrate
      = [entityDef (Proxy :: Proxy Person),
         entityDef (Proxy :: Proxy Person1),
         entityDef (Proxy :: Proxy PersonMaybeAge),
         entityDef (Proxy :: Proxy PersonMay),
         entityDef (Proxy :: Proxy Pet),
         entityDef (Proxy :: Proxy MaybeOwnedPet),
         entityDef (Proxy :: Proxy NeedsPet),
         entityDef (Proxy :: Proxy OutdoorPet),
         entityDef (Proxy :: Proxy UserPT),
         entityDef (Proxy :: Proxy EmailPT),
         entityDef (Proxy :: Proxy Upsert),
         entityDef (Proxy :: Proxy UpsertBy),
         entityDef (Proxy :: Proxy Strict)]
    testMigrate :: Migration
    testMigrate = migrateModels entityDefListFortestMigrate
test/PersistentTestModels.hs:(122,23)-(132,2): Splicing expression
    Language.Haskell.TH.Quote.quoteExp
      persistLowerCase
      "\n\
      \NoPrefix1\n\
      \    someFieldName Int\n\
      \NoPrefix2\n\
      \    someOtherFieldName Int\n\
      \    unprefixedRef NoPrefix1Id\n\
      \+NoPrefixSum\n\
      \    unprefixedLeft Int\n\
      \    unprefixedRight String\n\
      \    deriving Show Eq\n"
  ======>
    [Database.Persist.Quasi.Internal.UnboundEntityDef
       []
       (Database.Persist.Quasi.Internal.DefaultKey
          (FieldNameDB
             (Data.Text.unpackCStringLen# "id"# (ghc-prim:GHC.Types.I# 2#))))
       (persistent-2.17.1.0-c22d16c4b9cbf19fd9770839449a580b26760e764f59489ca2b0b6000691b229:Database.Persist.Types.Base.EntityDef
          (EntityNameHS
             (Data.Text.unpackCStringLen#
                "NoPrefix1"# (ghc-prim:GHC.Types.I# 9#)))
          (EntityNameDB
             (Data.Text.unpackCStringLen#
                "no_prefix1"# (ghc-prim:GHC.Types.I# 10#)))
          (EntityIdField
             (FieldDef
                (FieldNameHS
                   (Data.Text.unpackCStringLen# "Id"# (ghc-prim:GHC.Types.I# 2#)))
                (FieldNameDB
                   (Data.Text.unpackCStringLen# "id"# (ghc-prim:GHC.Types.I# 2#)))
                (FTTypeCon
                   Nothing
                   (Data.Text.unpackCStringLen#
                      "NoPrefix1Id"# (ghc-prim:GHC.Types.I# 11#)))
                SqlInt64 [] True NoReference (FieldCascade Nothing Nothing) Nothing
                Nothing True))
          [] [] [] [] [] containers-0.7-inplace:Data.Map.Internal.Tip False
          Nothing
          (Just
             (Database.Persist.Types.SourceSpan.SourceSpan
                (Data.Text.unpackCStringLen#
                   "test/PersistentTestModels.hs"# (ghc-prim:GHC.Types.I# 28#))
                124 24 125 5)))
       [Database.Persist.Quasi.Internal.UnboundFieldDef
          (FieldNameHS
             (Data.Text.unpackCStringLen#
                "someFieldName"# (ghc-prim:GHC.Types.I# 13#)))
          (FieldNameDB
             (Data.Text.unpackCStringLen#
                "some_field_name"# (ghc-prim:GHC.Types.I# 15#)))
          [] True
          (FTTypeCon
             Nothing
             (Data.Text.unpackCStringLen# "Int"# (ghc-prim:GHC.Types.I# 3#)))
          (FieldCascade Nothing Nothing) Nothing Nothing]
       (Just
          (Database.Persist.Types.SourceSpan.SourceSpan
             (Data.Text.unpackCStringLen#
                "test/PersistentTestModels.hs"# (ghc-prim:GHC.Types.I# 28#))
             124 24 125 5)),
     Database.Persist.Quasi.Internal.UnboundEntityDef
       []
       (Database.Persist.Quasi.Internal.DefaultKey
          (FieldNameDB
             (Data.Text.unpackCStringLen# "id"# (ghc-prim:GHC.Types.I# 2#))))
       (persistent-2.17.1.0-c22d16c4b9cbf19fd9770839449a580b26760e764f59489ca2b0b6000691b229:Database.Persist.Types.Base.EntityDef
          (EntityNameHS
             (Data.Text.unpackCStringLen#
                "NoPrefix2"# (ghc-prim:GHC.Types.I# 9#)))
          (EntityNameDB
             (Data.Text.unpackCStringLen#
                "no_prefix2"# (ghc-prim:GHC.Types.I# 10#)))
          (EntityIdField
             (FieldDef
                (FieldNameHS
                   (Data.Text.unpackCStringLen# "Id"# (ghc-prim:GHC.Types.I# 2#)))
                (FieldNameDB
                   (Data.Text.unpackCStringLen# "id"# (ghc-prim:GHC.Types.I# 2#)))
                (FTTypeCon
                   Nothing
                   (Data.Text.unpackCStringLen#
                      "NoPrefix2Id"# (ghc-prim:GHC.Types.I# 11#)))
                SqlInt64 [] True NoReference (FieldCascade Nothing Nothing) Nothing
                Nothing True))
          [] [] [] [] [] containers-0.7-inplace:Data.Map.Internal.Tip False
          Nothing
          (Just
             (Database.Persist.Types.SourceSpan.SourceSpan
                (Data.Text.unpackCStringLen#
                   "test/PersistentTestModels.hs"# (ghc-prim:GHC.Types.I# 28#))
                126 24 128 5)))
       [Database.Persist.Quasi.Internal.UnboundFieldDef
          (FieldNameHS
             (Data.Text.unpackCStringLen#
                "someOtherFieldName"# (ghc-prim:GHC.Types.I# 18#)))
          (FieldNameDB
             (Data.Text.unpackCStringLen#
                "some_other_field_name"# (ghc-prim:GHC.Types.I# 21#)))
          [] True
          (FTTypeCon
             Nothing
             (Data.Text.unpackCStringLen# "Int"# (ghc-prim:GHC.Types.I# 3#)))
          (FieldCascade Nothing Nothing) Nothing Nothing,
        Database.Persist.Quasi.Internal.UnboundFieldDef
          (FieldNameHS
             (Data.Text.unpackCStringLen#
                "unprefixedRef"# (ghc-prim:GHC.Types.I# 13#)))
          (FieldNameDB
             (Data.Text.unpackCStringLen#
                "unprefixed_ref"# (ghc-prim:GHC.Types.I# 14#)))
          [] True
          (FTTypeCon
             Nothing
             (Data.Text.unpackCStringLen#
                "NoPrefix1Id"# (ghc-prim:GHC.Types.I# 11#)))
          (FieldCascade Nothing Nothing) Nothing Nothing]
       (Just
          (Database.Persist.Types.SourceSpan.SourceSpan
             (Data.Text.unpackCStringLen#
                "test/PersistentTestModels.hs"# (ghc-prim:GHC.Types.I# 28#))
             126 24 128 5)),
     Database.Persist.Quasi.Internal.UnboundEntityDef
       []
       (Database.Persist.Quasi.Internal.DefaultKey
          (FieldNameDB
             (Data.Text.unpackCStringLen# "id"# (ghc-prim:GHC.Types.I# 2#))))
       (persistent-2.17.1.0-c22d16c4b9cbf19fd9770839449a580b26760e764f59489ca2b0b6000691b229:Database.Persist.Types.Base.EntityDef
          (EntityNameHS
             (Data.Text.unpackCStringLen#
                "NoPrefixSum"# (ghc-prim:GHC.Types.I# 11#)))
          (EntityNameDB
             (Data.Text.unpackCStringLen#
                "no_prefix_sum"# (ghc-prim:GHC.Types.I# 13#)))
          (EntityIdField
             (FieldDef
                (FieldNameHS
                   (Data.Text.unpackCStringLen# "Id"# (ghc-prim:GHC.Types.I# 2#)))
                (FieldNameDB
                   (Data.Text.unpackCStringLen# "id"# (ghc-prim:GHC.Types.I# 2#)))
                (FTTypeCon
                   Nothing
                   (Data.Text.unpackCStringLen#
                      "NoPrefixSumId"# (ghc-prim:GHC.Types.I# 13#)))
                SqlInt64 [] True NoReference (FieldCascade Nothing Nothing) Nothing
                Nothing True))
          [] [] [] []
          [Data.Text.unpackCStringLen# "Show"# (ghc-prim:GHC.Types.I# 4#),
           Data.Text.unpackCStringLen# "Eq"# (ghc-prim:GHC.Types.I# 2#)]
          containers-0.7-inplace:Data.Map.Internal.Tip True Nothing
          (Just
             (Database.Persist.Types.SourceSpan.SourceSpan
                (Data.Text.unpackCStringLen#
                   "test/PersistentTestModels.hs"# (ghc-prim:GHC.Types.I# 28#))
                129 24 132 5)))
       [Database.Persist.Quasi.Internal.UnboundFieldDef
          (FieldNameHS
             (Data.Text.unpackCStringLen#
                "unprefixedLeft"# (ghc-prim:GHC.Types.I# 14#)))
          (FieldNameDB
             (Data.Text.unpackCStringLen#
                "unprefixed_left"# (ghc-prim:GHC.Types.I# 15#)))
          [] True
          (FTTypeCon
             Nothing
             (Data.Text.unpackCStringLen# "Int"# (ghc-prim:GHC.Types.I# 3#)))
          (FieldCascade Nothing Nothing) Nothing Nothing,
        Database.Persist.Quasi.Internal.UnboundFieldDef
          (FieldNameHS
             (Data.Text.unpackCStringLen#
                "unprefixedRight"# (ghc-prim:GHC.Types.I# 15#)))
          (FieldNameDB
             (Data.Text.unpackCStringLen#
                "unprefixed_right"# (ghc-prim:GHC.Types.I# 16#)))
          [] True
          (FTTypeCon
             Nothing
             (Data.Text.unpackCStringLen# "String"# (ghc-prim:GHC.Types.I# 6#)))
          (FieldCascade Nothing Nothing) Nothing Nothing]
       (Just
          (Database.Persist.Types.SourceSpan.SourceSpan
             (Data.Text.unpackCStringLen#
                "test/PersistentTestModels.hs"# (ghc-prim:GHC.Types.I# 28#))
             129 24 132 5))]
test/PersistentTestModels.hs:(118,1)-(132,2): Splicing declarations
    share
      [mkPersist
         sqlSettings {mpsPrefixFields = False, mpsGeneric = True},
       mkMigrate "noPrefixMigrate"]
      ([Database.Persist.Quasi.Internal.UnboundEntityDef
          []
          (Database.Persist.Quasi.Internal.DefaultKey
             (FieldNameDB
                (Data.Text.unpackCStringLen# "id"# (ghc-prim:GHC.Types.I# 2#))))
          (persistent-2.17.1.0-c22d16c4b9cbf19fd9770839449a580b26760e764f59489ca2b0b6000691b229:Database.Persist.Types.Base.EntityDef
             (EntityNameHS
                (Data.Text.unpackCStringLen#
                   "NoPrefix1"# (ghc-prim:GHC.Types.I# 9#)))
             (EntityNameDB
                (Data.Text.unpackCStringLen#
                   "no_prefix1"# (ghc-prim:GHC.Types.I# 10#)))
             (EntityIdField
                (FieldDef
                   (FieldNameHS
                      (Data.Text.unpackCStringLen# "Id"# (ghc-prim:GHC.Types.I# 2#)))
                   (FieldNameDB
                      (Data.Text.unpackCStringLen# "id"# (ghc-prim:GHC.Types.I# 2#)))
                   (FTTypeCon
                      Nothing
                      (Data.Text.unpackCStringLen#
                         "NoPrefix1Id"# (ghc-prim:GHC.Types.I# 11#)))
                   SqlInt64 [] True NoReference (FieldCascade Nothing Nothing) Nothing
                   Nothing True))
             [] [] [] [] [] containers-0.7-inplace:Data.Map.Internal.Tip False
             Nothing
             (Just
                (Database.Persist.Types.SourceSpan.SourceSpan
                   (Data.Text.unpackCStringLen#
                      "test/PersistentTestModels.hs"# (ghc-prim:GHC.Types.I# 28#))
                   124 24 125 5)))
          [Database.Persist.Quasi.Internal.UnboundFieldDef
             (FieldNameHS
                (Data.Text.unpackCStringLen#
                   "someFieldName"# (ghc-prim:GHC.Types.I# 13#)))
             (FieldNameDB
                (Data.Text.unpackCStringLen#
                   "some_field_name"# (ghc-prim:GHC.Types.I# 15#)))
             [] True
             (FTTypeCon
                Nothing
                (Data.Text.unpackCStringLen# "Int"# (ghc-prim:GHC.Types.I# 3#)))
             (FieldCascade Nothing Nothing) Nothing Nothing]
          (Just
             (Database.Persist.Types.SourceSpan.SourceSpan
                (Data.Text.unpackCStringLen#
                   "test/PersistentTestModels.hs"# (ghc-prim:GHC.Types.I# 28#))
                124 24 125 5)),
        Database.Persist.Quasi.Internal.UnboundEntityDef
          []
          (Database.Persist.Quasi.Internal.DefaultKey
             (FieldNameDB
                (Data.Text.unpackCStringLen# "id"# (ghc-prim:GHC.Types.I# 2#))))
          (persistent-2.17.1.0-c22d16c4b9cbf19fd9770839449a580b26760e764f59489ca2b0b6000691b229:Database.Persist.Types.Base.EntityDef
             (EntityNameHS
                (Data.Text.unpackCStringLen#
                   "NoPrefix2"# (ghc-prim:GHC.Types.I# 9#)))
             (EntityNameDB
                (Data.Text.unpackCStringLen#
                   "no_prefix2"# (ghc-prim:GHC.Types.I# 10#)))
             (EntityIdField
                (FieldDef
                   (FieldNameHS
                      (Data.Text.unpackCStringLen# "Id"# (ghc-prim:GHC.Types.I# 2#)))
                   (FieldNameDB
                      (Data.Text.unpackCStringLen# "id"# (ghc-prim:GHC.Types.I# 2#)))
                   (FTTypeCon
                      Nothing
                      (Data.Text.unpackCStringLen#
                         "NoPrefix2Id"# (ghc-prim:GHC.Types.I# 11#)))
                   SqlInt64 [] True NoReference (FieldCascade Nothing Nothing) Nothing
                   Nothing True))
             [] [] [] [] [] containers-0.7-inplace:Data.Map.Internal.Tip False
             Nothing
             (Just
                (Database.Persist.Types.SourceSpan.SourceSpan
                   (Data.Text.unpackCStringLen#
                      "test/PersistentTestModels.hs"# (ghc-prim:GHC.Types.I# 28#))
                   126 24 128 5)))
          [Database.Persist.Quasi.Internal.UnboundFieldDef
             (FieldNameHS
                (Data.Text.unpackCStringLen#
                   "someOtherFieldName"# (ghc-prim:GHC.Types.I# 18#)))
             (FieldNameDB
                (Data.Text.unpackCStringLen#
                   "some_other_field_name"# (ghc-prim:GHC.Types.I# 21#)))
             [] True
             (FTTypeCon
                Nothing
                (Data.Text.unpackCStringLen# "Int"# (ghc-prim:GHC.Types.I# 3#)))
             (FieldCascade Nothing Nothing) Nothing Nothing,
           Database.Persist.Quasi.Internal.UnboundFieldDef
             (FieldNameHS
                (Data.Text.unpackCStringLen#
                   "unprefixedRef"# (ghc-prim:GHC.Types.I# 13#)))
             (FieldNameDB
                (Data.Text.unpackCStringLen#
                   "unprefixed_ref"# (ghc-prim:GHC.Types.I# 14#)))
             [] True
             (FTTypeCon
                Nothing
                (Data.Text.unpackCStringLen#
                   "NoPrefix1Id"# (ghc-prim:GHC.Types.I# 11#)))
             (FieldCascade Nothing Nothing) Nothing Nothing]
          (Just
             (Database.Persist.Types.SourceSpan.SourceSpan
                (Data.Text.unpackCStringLen#
                   "test/PersistentTestModels.hs"# (ghc-prim:GHC.Types.I# 28#))
                126 24 128 5)),
        Database.Persist.Quasi.Internal.UnboundEntityDef
          []
          (Database.Persist.Quasi.Internal.DefaultKey
             (FieldNameDB
                (Data.Text.unpackCStringLen# "id"# (ghc-prim:GHC.Types.I# 2#))))
          (persistent-2.17.1.0-c22d16c4b9cbf19fd9770839449a580b26760e764f59489ca2b0b6000691b229:Database.Persist.Types.Base.EntityDef
             (EntityNameHS
                (Data.Text.unpackCStringLen#
                   "NoPrefixSum"# (ghc-prim:GHC.Types.I# 11#)))
             (EntityNameDB
                (Data.Text.unpackCStringLen#
                   "no_prefix_sum"# (ghc-prim:GHC.Types.I# 13#)))
             (EntityIdField
                (FieldDef
                   (FieldNameHS
                      (Data.Text.unpackCStringLen# "Id"# (ghc-prim:GHC.Types.I# 2#)))
                   (FieldNameDB
                      (Data.Text.unpackCStringLen# "id"# (ghc-prim:GHC.Types.I# 2#)))
                   (FTTypeCon
                      Nothing
                      (Data.Text.unpackCStringLen#
                         "NoPrefixSumId"# (ghc-prim:GHC.Types.I# 13#)))
                   SqlInt64 [] True NoReference (FieldCascade Nothing Nothing) Nothing
                   Nothing True))
             [] [] [] []
             [Data.Text.unpackCStringLen# "Show"# (ghc-prim:GHC.Types.I# 4#),
              Data.Text.unpackCStringLen# "Eq"# (ghc-prim:GHC.Types.I# 2#)]
             containers-0.7-inplace:Data.Map.Internal.Tip True Nothing
             (Just
                (Database.Persist.Types.SourceSpan.SourceSpan
                   (Data.Text.unpackCStringLen#
                      "test/PersistentTestModels.hs"# (ghc-prim:GHC.Types.I# 28#))
                   129 24 132 5)))
          [Database.Persist.Quasi.Internal.UnboundFieldDef
             (FieldNameHS
                (Data.Text.unpackCStringLen#
                   "unprefixedLeft"# (ghc-prim:GHC.Types.I# 14#)))
             (FieldNameDB
                (Data.Text.unpackCStringLen#
                   "unprefixed_left"# (ghc-prim:GHC.Types.I# 15#)))
             [] True
             (FTTypeCon
                Nothing
                (Data.Text.unpackCStringLen# "Int"# (ghc-prim:GHC.Types.I# 3#)))
             (FieldCascade Nothing Nothing) Nothing Nothing,
           Database.Persist.Quasi.Internal.UnboundFieldDef
             (FieldNameHS
                (Data.Text.unpackCStringLen#
                   "unprefixedRight"# (ghc-prim:GHC.Types.I# 15#)))
             (FieldNameDB
                (Data.Text.unpackCStringLen#
                   "unprefixed_right"# (ghc-prim:GHC.Types.I# 16#)))
             [] True
             (FTTypeCon
                Nothing
                (Data.Text.unpackCStringLen# "String"# (ghc-prim:GHC.Types.I# 6#)))
             (FieldCascade Nothing Nothing) Nothing Nothing]
          (Just
             (Database.Persist.Types.SourceSpan.SourceSpan
                (Data.Text.unpackCStringLen#
                   "test/PersistentTestModels.hs"# (ghc-prim:GHC.Types.I# 28#))
                129 24 132 5))])
  ======>
    instance PersistStore backend =>
             PersistField (NoPrefix1Generic backend) where
      toPersistValue
        = Database.Persist.TH.Internal.entityToPersistValueHelper
      fromPersistValue
        = Database.Persist.TH.Internal.entityFromPersistValueHelper
            ["someFieldName"]
    instance PersistStore backend =>
             PersistFieldSql (NoPrefix1Generic backend) where
      sqlType _ = SqlString
    instance PersistStore backend =>
             PersistField (NoPrefix2Generic backend) where
      toPersistValue
        = Database.Persist.TH.Internal.entityToPersistValueHelper
      fromPersistValue
        = Database.Persist.TH.Internal.entityFromPersistValueHelper
            ["someOtherFieldName", "unprefixedRef"]
    instance PersistStore backend =>
             PersistFieldSql (NoPrefix2Generic backend) where
      sqlType _ = SqlString
    instance PersistStore backend =>
             PersistField (NoPrefixSumGeneric backend) where
      toPersistValue
        = Database.Persist.TH.Internal.entityToPersistValueHelper
      fromPersistValue
        = Database.Persist.TH.Internal.entityFromPersistValueHelper
            ["unprefixedLeft", "unprefixedRight"]
    instance PersistStore backend =>
             PersistFieldSql (NoPrefixSumGeneric backend) where
      sqlType _ = SqlString
    type NoPrefix1 = NoPrefix1Generic SqlBackend
    data NoPrefix1Generic backend = NoPrefix1 {someFieldName :: !Int}
    type NoPrefix1Id = Key NoPrefix1
    instance PersistStore backend =>
             PersistEntity (NoPrefix1Generic backend) where
      type PersistEntityBackend (NoPrefix1Generic backend) = backend
      data Unique (NoPrefix1Generic backend)
      newtype Key (NoPrefix1Generic backend)
        = NoPrefix1Key {unNoPrefix1Key :: (BackendKey backend)}
      data EntityField (NoPrefix1Generic backend) typ
        = (typ ~ Key (NoPrefix1Generic backend)) => NoPrefix1Id |
          (typ ~ Int) => SomeFieldName
      keyToValues
        = ((: [])
             . (toPersistValue . (\ NoPrefix1Key {unNoPrefix1Key = x} -> x)))
      keyFromValues
        = (fmap NoPrefix1Key
             . (fromPersistValue . Database.Persist.TH.Internal.headNote))
      keyFromRecordM = Nothing
      tabulateEntityA fromField_aul0
        = ((Entity <$> fromField_aul0 NoPrefix1Id)
             <*> (pure NoPrefix1 <*> fromField_aul0 SomeFieldName))
      tabulateEntityApply fromField_aukZ
        = ((Entity <$> fromField_aukZ NoPrefix1Id)
             semigroupoids-6.0.1-65f23924fa529396dadce4ec759b13f32da41d263175c84695f8486aa34c3556:Data.Functor.Bind.Class.<.>
               (NoPrefix1 <$> fromField_aukZ SomeFieldName))
      entityDef _
        = persistent-2.17.1.0-c22d16c4b9cbf19fd9770839449a580b26760e764f59489ca2b0b6000691b229:Database.Persist.Types.Base.EntityDef
            (EntityNameHS
               (Data.Text.unpackCStringLen#
                  "NoPrefix1"# (ghc-prim:GHC.Types.I# 9#)))
            (EntityNameDB
               (Data.Text.unpackCStringLen#
                  "no_prefix1"# (ghc-prim:GHC.Types.I# 10#)))
            (EntityIdField
               (FieldDef
                  (FieldNameHS
                     (Data.Text.unpackCStringLen# "Id"# (ghc-prim:GHC.Types.I# 2#)))
                  (FieldNameDB
                     (Data.Text.unpackCStringLen# "id"# (ghc-prim:GHC.Types.I# 2#)))
                  (FTTypeCon
                     Nothing
                     (Data.Text.unpackCStringLen#
                        "NoPrefix1Id"# (ghc-prim:GHC.Types.I# 11#)))
                  SqlInt64 [] True NoReference (FieldCascade Nothing Nothing) Nothing
                  Nothing True))
            [] [] [] [] [] containers-0.7-inplace:Data.Map.Internal.Tip False
            Nothing
            (Just
               (Database.Persist.Types.SourceSpan.SourceSpan
                  (Data.Text.unpackCStringLen#
                     "test/PersistentTestModels.hs"# (ghc-prim:GHC.Types.I# 28#))
                  124 24 125 5))
            {persistent-2.17.1.0-c22d16c4b9cbf19fd9770839449a580b26760e764f59489ca2b0b6000691b229:Database.Persist.Types.Base.entityFields = [FieldDef
                                                                                                                                                {fieldHaskell = FieldNameHS
                                                                                                                                                                  (Data.Text.unpackCStringLen#
                                                                                                                                                                     "someFieldName"#
                                                                                                                                                                     (ghc-prim:GHC.Types.I#
                                                                                                                                                                        13#)),
                                                                                                                                                 fieldDB = FieldNameDB
                                                                                                                                                             (Data.Text.unpackCStringLen#
                                                                                                                                                                "some_field_name"#
                                                                                                                                                                (ghc-prim:GHC.Types.I#
                                                                                                                                                                   15#)),
                                                                                                                                                 fieldType = FTTypeCon
                                                                                                                                                               Nothing
                                                                                                                                                               (Data.Text.unpackCStringLen#
                                                                                                                                                                  "Int"#
                                                                                                                                                                  (ghc-prim:GHC.Types.I#
                                                                                                                                                                     3#)),
                                                                                                                                                 fieldSqlType = sqlType
                                                                                                                                                                  (Proxy ::
                                                                                                                                                                     Proxy Int),
                                                                                                                                                 fieldAttrs = [],
                                                                                                                                                 fieldStrict = True,
                                                                                                                                                 fieldReference = NoReference,
                                                                                                                                                 fieldCascade = FieldCascade
                                                                                                                                                                  Nothing
                                                                                                                                                                  Nothing,
                                                                                                                                                 fieldComments = Nothing,
                                                                                                                                                 fieldGenerated = Nothing,
                                                                                                                                                 fieldIsImplicitIdColumn = False}],
             persistent-2.17.1.0-c22d16c4b9cbf19fd9770839449a580b26760e764f59489ca2b0b6000691b229:Database.Persist.Types.Base.entityId = EntityIdField
                                                                                                                                           (FieldDef
                                                                                                                                              (FieldNameHS
                                                                                                                                                 (Data.Text.unpackCStringLen#
                                                                                                                                                    "Id"#
                                                                                                                                                    (ghc-prim:GHC.Types.I#
                                                                                                                                                       2#)))
                                                                                                                                              (FieldNameDB
                                                                                                                                                 (Data.Text.unpackCStringLen#
                                                                                                                                                    "id"#
                                                                                                                                                    (ghc-prim:GHC.Types.I#
                                                                                                                                                       2#)))
                                                                                                                                              (FTTypeCon
                                                                                                                                                 Nothing
                                                                                                                                                 (Data.Text.unpackCStringLen#
                                                                                                                                                    "NoPrefix1Id"#
                                                                                                                                                    (ghc-prim:GHC.Types.I#
                                                                                                                                                       11#)))
                                                                                                                                              SqlInt64
                                                                                                                                              []
                                                                                                                                              True
                                                                                                                                              NoReference
                                                                                                                                              (FieldCascade
                                                                                                                                                 Nothing
                                                                                                                                                 Nothing)
                                                                                                                                              Nothing
                                                                                                                                              Nothing
                                                                                                                                              True),
             persistent-2.17.1.0-c22d16c4b9cbf19fd9770839449a580b26760e764f59489ca2b0b6000691b229:Database.Persist.Types.Base.entityForeigns = []}
      toPersistFields (NoPrefix1 x_aukO) = [toPersistValue x_aukO]
      fromPersistValues [x1_aukQ]
        = NoPrefix1
            <$>
              (Database.Persist.TH.Internal.mapLeft
                 (Database.Persist.TH.Internal.fieldError
                    (Data.Text.unpackCStringLen#
                       "no_prefix1"# (ghc-prim:GHC.Types.I# 10#))
                    (Data.Text.unpackCStringLen#
                       "someFieldName"# (ghc-prim:GHC.Types.I# 13#)))
                 . fromPersistValue)
                x1_aukQ
      fromPersistValues x_aukP
        = (Left
             $ mappend
                 (Data.Text.unpackCStringLen#
                    "NoPrefix1: fromPersistValues failed on: "#
                    (ghc-prim:GHC.Types.I# 40#))
                 (Data.Text.Internal.pack $ show x_aukP))
      persistUniqueToFieldNames _
        = error "Degenerate case, should never happen"
      persistUniqueToValues _
        = error "Degenerate case, should never happen"
      persistUniqueKeys (NoPrefix1 _someFieldName_aukR) = []
      persistFieldDef NoPrefix1Id
        = Database.Persist.TH.Internal.stripIdFieldImpl
            (EntityIdField
               (FieldDef
                  (FieldNameHS
                     (Data.Text.unpackCStringLen# "Id"# (ghc-prim:GHC.Types.I# 2#)))
                  (FieldNameDB
                     (Data.Text.unpackCStringLen# "id"# (ghc-prim:GHC.Types.I# 2#)))
                  (FTTypeCon
                     Nothing
                     (Data.Text.unpackCStringLen#
                        "NoPrefix1Id"# (ghc-prim:GHC.Types.I# 11#)))
                  SqlInt64 [] True NoReference (FieldCascade Nothing Nothing) Nothing
                  Nothing True))
      persistFieldDef SomeFieldName
        = Database.Persist.TH.Internal.lookupEntityField
            (Proxy :: Proxy NoPrefix1)
            (FieldNameHS
               (Data.Text.unpackCStringLen#
                  "someFieldName"# (ghc-prim:GHC.Types.I# 13#)))
      persistIdField = NoPrefix1Id
      fieldLens NoPrefix1Id
        = Database.Persist.TH.Internal.lensPTH
            entityKey
            (\ (Entity _ value_aukT) key_aukU -> Entity key_aukU value_aukT)
      fieldLens SomeFieldName
        = Database.Persist.TH.Internal.lensPTH
            ((\ NoPrefix1 {someFieldName = x} -> x) . entityVal)
            (\ (Entity key_aukV value_aukW) x_aukX
               -> Entity
                    key_aukV
                    (case value_aukW of
                       NoPrefix1 {} -> NoPrefix1 {someFieldName = x_aukX}))
    deriving stock instance Show (BackendKey backend) =>
                            Show (Key (NoPrefix1Generic backend))
    deriving stock instance Read (BackendKey backend) =>
                            Read (Key (NoPrefix1Generic backend))
    deriving newtype instance Eq (BackendKey backend) =>
                              Eq (Key (NoPrefix1Generic backend))
    deriving newtype instance Ord (BackendKey backend) =>
                              Ord (Key (NoPrefix1Generic backend))
    deriving newtype instance http-api-data-0.6.2-ad6e7e357125ac86bbf7b8bd52a9c174d0ff335d24e5b6ec37ede24c36c32ba4:Web.Internal.HttpApiData.ToHttpApiData (BackendKey backend) =>
                              http-api-data-0.6.2-ad6e7e357125ac86bbf7b8bd52a9c174d0ff335d24e5b6ec37ede24c36c32ba4:Web.Internal.HttpApiData.ToHttpApiData (Key (NoPrefix1Generic backend))
    deriving newtype instance http-api-data-0.6.2-ad6e7e357125ac86bbf7b8bd52a9c174d0ff335d24e5b6ec37ede24c36c32ba4:Web.Internal.HttpApiData.FromHttpApiData (BackendKey backend) =>
                              http-api-data-0.6.2-ad6e7e357125ac86bbf7b8bd52a9c174d0ff335d24e5b6ec37ede24c36c32ba4:Web.Internal.HttpApiData.FromHttpApiData (Key (NoPrefix1Generic backend))
    deriving newtype instance path-pieces-0.2.1-0cbcd43ab620cff66080c4dbbe25b5faf7aeb7d6ad7dda7fb20e5a2d48febdaf:Web.PathPieces.PathPiece (BackendKey backend) =>
                              path-pieces-0.2.1-0cbcd43ab620cff66080c4dbbe25b5faf7aeb7d6ad7dda7fb20e5a2d48febdaf:Web.PathPieces.PathPiece (Key (NoPrefix1Generic backend))
    deriving newtype instance PersistField (BackendKey backend) =>
                              PersistField (Key (NoPrefix1Generic backend))
    deriving newtype instance PersistFieldSql (BackendKey backend) =>
                              PersistFieldSql (Key (NoPrefix1Generic backend))
    deriving newtype instance ToJSON (BackendKey backend) =>
                              ToJSON (Key (NoPrefix1Generic backend))
    deriving newtype instance FromJSON (BackendKey backend) =>
                              FromJSON (Key (NoPrefix1Generic backend))
    instance PersistStore backend =>
             ToBackendKey backend (NoPrefix1Generic backend) where
      toBackendKey = \ NoPrefix1Key {unNoPrefix1Key = x} -> x
      fromBackendKey = NoPrefix1Key
    type NoPrefix2 = NoPrefix2Generic SqlBackend
    data NoPrefix2Generic backend
      = NoPrefix2 {someOtherFieldName :: !Int,
                   unprefixedRef :: !(Key (NoPrefix1Generic backend))}
    type NoPrefix2Id = Key NoPrefix2
    instance PersistStore backend =>
             PersistEntity (NoPrefix2Generic backend) where
      type PersistEntityBackend (NoPrefix2Generic backend) = backend
      data Unique (NoPrefix2Generic backend)
      newtype Key (NoPrefix2Generic backend)
        = NoPrefix2Key {unNoPrefix2Key :: (BackendKey backend)}
      data EntityField (NoPrefix2Generic backend) typ
        = (typ ~ Key (NoPrefix2Generic backend)) => NoPrefix2Id |
          (typ ~ Int) => SomeOtherFieldName |
          (typ ~ Key (NoPrefix1Generic backend)) => UnprefixedRef
      keyToValues
        = ((: [])
             . (toPersistValue . (\ NoPrefix2Key {unNoPrefix2Key = x} -> x)))
      keyFromValues
        = (fmap NoPrefix2Key
             . (fromPersistValue . Database.Persist.TH.Internal.headNote))
      keyFromRecordM = Nothing
      tabulateEntityA fromField_aulj
        = ((Entity <$> fromField_aulj NoPrefix2Id)
             <*>
               ((pure NoPrefix2 <*> fromField_aulj SomeOtherFieldName)
                  <*> fromField_aulj UnprefixedRef))
      tabulateEntityApply fromField_auli
        = ((Entity <$> fromField_auli NoPrefix2Id)
             semigroupoids-6.0.1-65f23924fa529396dadce4ec759b13f32da41d263175c84695f8486aa34c3556:Data.Functor.Bind.Class.<.>
               ((NoPrefix2 <$> fromField_auli SomeOtherFieldName)
                  semigroupoids-6.0.1-65f23924fa529396dadce4ec759b13f32da41d263175c84695f8486aa34c3556:Data.Functor.Bind.Class.<.>
                    fromField_auli UnprefixedRef))
      entityDef _
        = persistent-2.17.1.0-c22d16c4b9cbf19fd9770839449a580b26760e764f59489ca2b0b6000691b229:Database.Persist.Types.Base.EntityDef
            (EntityNameHS
               (Data.Text.unpackCStringLen#
                  "NoPrefix2"# (ghc-prim:GHC.Types.I# 9#)))
            (EntityNameDB
               (Data.Text.unpackCStringLen#
                  "no_prefix2"# (ghc-prim:GHC.Types.I# 10#)))
            (EntityIdField
               (FieldDef
                  (FieldNameHS
                     (Data.Text.unpackCStringLen# "Id"# (ghc-prim:GHC.Types.I# 2#)))
                  (FieldNameDB
                     (Data.Text.unpackCStringLen# "id"# (ghc-prim:GHC.Types.I# 2#)))
                  (FTTypeCon
                     Nothing
                     (Data.Text.unpackCStringLen#
                        "NoPrefix2Id"# (ghc-prim:GHC.Types.I# 11#)))
                  SqlInt64 [] True NoReference (FieldCascade Nothing Nothing) Nothing
                  Nothing True))
            [] [] [] [] [] containers-0.7-inplace:Data.Map.Internal.Tip False
            Nothing
            (Just
               (Database.Persist.Types.SourceSpan.SourceSpan
                  (Data.Text.unpackCStringLen#
                     "test/PersistentTestModels.hs"# (ghc-prim:GHC.Types.I# 28#))
                  126 24 128 5))
            {persistent-2.17.1.0-c22d16c4b9cbf19fd9770839449a580b26760e764f59489ca2b0b6000691b229:Database.Persist.Types.Base.entityFields = [FieldDef
                                                                                                                                                {fieldHaskell = FieldNameHS
                                                                                                                                                                  (Data.Text.unpackCStringLen#
                                                                                                                                                                     "someOtherFieldName"#
                                                                                                                                                                     (ghc-prim:GHC.Types.I#
                                                                                                                                                                        18#)),
                                                                                                                                                 fieldDB = FieldNameDB
                                                                                                                                                             (Data.Text.unpackCStringLen#
                                                                                                                                                                "some_other_field_name"#
                                                                                                                                                                (ghc-prim:GHC.Types.I#
                                                                                                                                                                   21#)),
                                                                                                                                                 fieldType = FTTypeCon
                                                                                                                                                               Nothing
                                                                                                                                                               (Data.Text.unpackCStringLen#
                                                                                                                                                                  "Int"#
                                                                                                                                                                  (ghc-prim:GHC.Types.I#
                                                                                                                                                                     3#)),
                                                                                                                                                 fieldSqlType = sqlType
                                                                                                                                                                  (Proxy ::
                                                                                                                                                                     Proxy Int),
                                                                                                                                                 fieldAttrs = [],
                                                                                                                                                 fieldStrict = True,
                                                                                                                                                 fieldReference = NoReference,
                                                                                                                                                 fieldCascade = FieldCascade
                                                                                                                                                                  Nothing
                                                                                                                                                                  Nothing,
                                                                                                                                                 fieldComments = Nothing,
                                                                                                                                                 fieldGenerated = Nothing,
                                                                                                                                                 fieldIsImplicitIdColumn = False},
                                                                                                                                              FieldDef
                                                                                                                                                {fieldHaskell = FieldNameHS
                                                                                                                                                                  (Data.Text.unpackCStringLen#
                                                                                                                                                                     "unprefixedRef"#
                                                                                                                                                                     (ghc-prim:GHC.Types.I#
                                                                                                                                                                        13#)),
                                                                                                                                                 fieldDB = FieldNameDB
                                                                                                                                                             (Data.Text.unpackCStringLen#
                                                                                                                                                                "unprefixed_ref"#
                                                                                                                                                                (ghc-prim:GHC.Types.I#
                                                                                                                                                                   14#)),
                                                                                                                                                 fieldType = FTTypeCon
                                                                                                                                                               Nothing
                                                                                                                                                               (Data.Text.unpackCStringLen#
                                                                                                                                                                  "NoPrefix1Id"#
                                                                                                                                                                  (ghc-prim:GHC.Types.I#
                                                                                                                                                                     11#)),
                                                                                                                                                 fieldSqlType = sqlType
                                                                                                                                                                  (Proxy ::
                                                                                                                                                                     Proxy NoPrefix1Id),
                                                                                                                                                 fieldAttrs = [],
                                                                                                                                                 fieldStrict = True,
                                                                                                                                                 fieldReference = ForeignRef
                                                                                                                                                                    (EntityNameHS
                                                                                                                                                                       (Data.Text.unpackCStringLen#
                                                                                                                                                                          "NoPrefix1"#
                                                                                                                                                                          (ghc-prim:GHC.Types.I#
                                                                                                                                                                             9#))),
                                                                                                                                                 fieldCascade = FieldCascade
                                                                                                                                                                  Nothing
                                                                                                                                                                  Nothing,
                                                                                                                                                 fieldComments = Nothing,
                                                                                                                                                 fieldGenerated = Nothing,
                                                                                                                                                 fieldIsImplicitIdColumn = False}],
             persistent-2.17.1.0-c22d16c4b9cbf19fd9770839449a580b26760e764f59489ca2b0b6000691b229:Database.Persist.Types.Base.entityId = EntityIdField
                                                                                                                                           (FieldDef
                                                                                                                                              (FieldNameHS
                                                                                                                                                 (Data.Text.unpackCStringLen#
                                                                                                                                                    "Id"#
                                                                                                                                                    (ghc-prim:GHC.Types.I#
                                                                                                                                                       2#)))
                                                                                                                                              (FieldNameDB
                                                                                                                                                 (Data.Text.unpackCStringLen#
                                                                                                                                                    "id"#
                                                                                                                                                    (ghc-prim:GHC.Types.I#
                                                                                                                                                       2#)))
                                                                                                                                              (FTTypeCon
                                                                                                                                                 Nothing
                                                                                                                                                 (Data.Text.unpackCStringLen#
                                                                                                                                                    "NoPrefix2Id"#
                                                                                                                                                    (ghc-prim:GHC.Types.I#
                                                                                                                                                       11#)))
                                                                                                                                              SqlInt64
                                                                                                                                              []
                                                                                                                                              True
                                                                                                                                              NoReference
                                                                                                                                              (FieldCascade
                                                                                                                                                 Nothing
                                                                                                                                                 Nothing)
                                                                                                                                              Nothing
                                                                                                                                              Nothing
                                                                                                                                              True),
             persistent-2.17.1.0-c22d16c4b9cbf19fd9770839449a580b26760e764f59489ca2b0b6000691b229:Database.Persist.Types.Base.entityForeigns = []}
      toPersistFields (NoPrefix2 x_aul1 x_aul2)
        = [toPersistValue x_aul1, toPersistValue x_aul2]
      fromPersistValues [x1_aul4, x2_aul5]
        = NoPrefix2
            <$>
              (Database.Persist.TH.Internal.mapLeft
                 (Database.Persist.TH.Internal.fieldError
                    (Data.Text.unpackCStringLen#
                       "no_prefix2"# (ghc-prim:GHC.Types.I# 10#))
                    (Data.Text.unpackCStringLen#
                       "someOtherFieldName"# (ghc-prim:GHC.Types.I# 18#)))
                 . fromPersistValue)
                x1_aul4
            <*>
              (Database.Persist.TH.Internal.mapLeft
                 (Database.Persist.TH.Internal.fieldError
                    (Data.Text.unpackCStringLen#
                       "no_prefix2"# (ghc-prim:GHC.Types.I# 10#))
                    (Data.Text.unpackCStringLen#
                       "unprefixedRef"# (ghc-prim:GHC.Types.I# 13#)))
                 . fromPersistValue)
                x2_aul5
      fromPersistValues x_aul3
        = (Left
             $ mappend
                 (Data.Text.unpackCStringLen#
                    "NoPrefix2: fromPersistValues failed on: "#
                    (ghc-prim:GHC.Types.I# 40#))
                 (Data.Text.Internal.pack $ show x_aul3))
      persistUniqueToFieldNames _
        = error "Degenerate case, should never happen"
      persistUniqueToValues _
        = error "Degenerate case, should never happen"
      persistUniqueKeys
        (NoPrefix2 _someOtherFieldName_aul6 _unprefixedRef_aul7)
        = []
      persistFieldDef NoPrefix2Id
        = Database.Persist.TH.Internal.stripIdFieldImpl
            (EntityIdField
               (FieldDef
                  (FieldNameHS
                     (Data.Text.unpackCStringLen# "Id"# (ghc-prim:GHC.Types.I# 2#)))
                  (FieldNameDB
                     (Data.Text.unpackCStringLen# "id"# (ghc-prim:GHC.Types.I# 2#)))
                  (FTTypeCon
                     Nothing
                     (Data.Text.unpackCStringLen#
                        "NoPrefix2Id"# (ghc-prim:GHC.Types.I# 11#)))
                  SqlInt64 [] True NoReference (FieldCascade Nothing Nothing) Nothing
                  Nothing True))
      persistFieldDef SomeOtherFieldName
        = Database.Persist.TH.Internal.lookupEntityField
            (Proxy :: Proxy NoPrefix2)
            (FieldNameHS
               (Data.Text.unpackCStringLen#
                  "someOtherFieldName"# (ghc-prim:GHC.Types.I# 18#)))
      persistFieldDef UnprefixedRef
        = Database.Persist.TH.Internal.lookupEntityField
            (Proxy :: Proxy NoPrefix2)
            (FieldNameHS
               (Data.Text.unpackCStringLen#
                  "unprefixedRef"# (ghc-prim:GHC.Types.I# 13#)))
      persistIdField = NoPrefix2Id
      fieldLens NoPrefix2Id
        = Database.Persist.TH.Internal.lensPTH
            entityKey
            (\ (Entity _ value_aul9) key_aula -> Entity key_aula value_aul9)
      fieldLens SomeOtherFieldName
        = Database.Persist.TH.Internal.lensPTH
            ((\ NoPrefix2 {someOtherFieldName = x} -> x) . entityVal)
            (\ (Entity key_aulb value_aulc) x_auld
               -> Entity
                    key_aulb
                    (case value_aulc of
                       NoPrefix2 {unprefixedRef = unprefixedRef_aulf}
                         -> NoPrefix2
                              {someOtherFieldName = x_auld, unprefixedRef = unprefixedRef}))
      fieldLens UnprefixedRef
        = Database.Persist.TH.Internal.lensPTH
            ((\ NoPrefix2 {unprefixedRef = x} -> x) . entityVal)
            (\ (Entity key_aulb value_aulc) x_auld
               -> Entity
                    key_aulb
                    (case value_aulc of
                       NoPrefix2 {someOtherFieldName = someOtherFieldName_aulg}
                         -> NoPrefix2
                              {someOtherFieldName = someOtherFieldName, unprefixedRef = x_auld}))
    deriving stock instance Show (BackendKey backend) =>
                            Show (Key (NoPrefix2Generic backend))
    deriving stock instance Read (BackendKey backend) =>
                            Read (Key (NoPrefix2Generic backend))
    deriving newtype instance Eq (BackendKey backend) =>
                              Eq (Key (NoPrefix2Generic backend))
    deriving newtype instance Ord (BackendKey backend) =>
                              Ord (Key (NoPrefix2Generic backend))
    deriving newtype instance http-api-data-0.6.2-ad6e7e357125ac86bbf7b8bd52a9c174d0ff335d24e5b6ec37ede24c36c32ba4:Web.Internal.HttpApiData.ToHttpApiData (BackendKey backend) =>
                              http-api-data-0.6.2-ad6e7e357125ac86bbf7b8bd52a9c174d0ff335d24e5b6ec37ede24c36c32ba4:Web.Internal.HttpApiData.ToHttpApiData (Key (NoPrefix2Generic backend))
    deriving newtype instance http-api-data-0.6.2-ad6e7e357125ac86bbf7b8bd52a9c174d0ff335d24e5b6ec37ede24c36c32ba4:Web.Internal.HttpApiData.FromHttpApiData (BackendKey backend) =>
                              http-api-data-0.6.2-ad6e7e357125ac86bbf7b8bd52a9c174d0ff335d24e5b6ec37ede24c36c32ba4:Web.Internal.HttpApiData.FromHttpApiData (Key (NoPrefix2Generic backend))
    deriving newtype instance path-pieces-0.2.1-0cbcd43ab620cff66080c4dbbe25b5faf7aeb7d6ad7dda7fb20e5a2d48febdaf:Web.PathPieces.PathPiece (BackendKey backend) =>
                              path-pieces-0.2.1-0cbcd43ab620cff66080c4dbbe25b5faf7aeb7d6ad7dda7fb20e5a2d48febdaf:Web.PathPieces.PathPiece (Key (NoPrefix2Generic backend))
    deriving newtype instance PersistField (BackendKey backend) =>
                              PersistField (Key (NoPrefix2Generic backend))
    deriving newtype instance PersistFieldSql (BackendKey backend) =>
                              PersistFieldSql (Key (NoPrefix2Generic backend))
    deriving newtype instance ToJSON (BackendKey backend) =>
                              ToJSON (Key (NoPrefix2Generic backend))
    deriving newtype instance FromJSON (BackendKey backend) =>
                              FromJSON (Key (NoPrefix2Generic backend))
    instance PersistStore backend =>
             ToBackendKey backend (NoPrefix2Generic backend) where
      toBackendKey = \ NoPrefix2Key {unNoPrefix2Key = x} -> x
      fromBackendKey = NoPrefix2Key
    type NoPrefixSum = NoPrefixSumGeneric SqlBackend
    data NoPrefixSumGeneric backend
      = UnprefixedLeftSum Int | UnprefixedRightSum String
      deriving stock (Show, Eq)
    type NoPrefixSumId = Key NoPrefixSum
    instance PersistStore backend =>
             PersistEntity (NoPrefixSumGeneric backend) where
      type PersistEntityBackend (NoPrefixSumGeneric backend) = backend
      data Unique (NoPrefixSumGeneric backend)
      newtype Key (NoPrefixSumGeneric backend)
        = NoPrefixSumKey {unNoPrefixSumKey :: (BackendKey backend)}
      data EntityField (NoPrefixSumGeneric backend) typ
        = (typ ~ Key (NoPrefixSumGeneric backend)) => NoPrefixSumId |
          (typ ~ Int) => UnprefixedLeft |
          (typ ~ String) => UnprefixedRight
      keyToValues
        = ((: [])
             . (toPersistValue
                  . (\ NoPrefixSumKey {unNoPrefixSumKey = x} -> x)))
      keyFromValues
        = (fmap NoPrefixSumKey
             . (fromPersistValue . Database.Persist.TH.Internal.headNote))
      keyFromRecordM = Nothing
      tabulateEntityA fromField_aulv
        = error "tabulateEntityA does not make sense for sum type"
      tabulateEntityApply fromField_aulu
        = error "tabulateEntityApply does not make sense for sum type"
      entityDef _
        = persistent-2.17.1.0-c22d16c4b9cbf19fd9770839449a580b26760e764f59489ca2b0b6000691b229:Database.Persist.Types.Base.EntityDef
            (EntityNameHS
               (Data.Text.unpackCStringLen#
                  "NoPrefixSum"# (ghc-prim:GHC.Types.I# 11#)))
            (EntityNameDB
               (Data.Text.unpackCStringLen#
                  "no_prefix_sum"# (ghc-prim:GHC.Types.I# 13#)))
            (EntityIdField
               (FieldDef
                  (FieldNameHS
                     (Data.Text.unpackCStringLen# "Id"# (ghc-prim:GHC.Types.I# 2#)))
                  (FieldNameDB
                     (Data.Text.unpackCStringLen# "id"# (ghc-prim:GHC.Types.I# 2#)))
                  (FTTypeCon
                     Nothing
                     (Data.Text.unpackCStringLen#
                        "NoPrefixSumId"# (ghc-prim:GHC.Types.I# 13#)))
                  SqlInt64 [] True NoReference (FieldCascade Nothing Nothing) Nothing
                  Nothing True))
            [] [] [] []
            [Data.Text.unpackCStringLen# "Show"# (ghc-prim:GHC.Types.I# 4#),
             Data.Text.unpackCStringLen# "Eq"# (ghc-prim:GHC.Types.I# 2#)]
            containers-0.7-inplace:Data.Map.Internal.Tip True Nothing
            (Just
               (Database.Persist.Types.SourceSpan.SourceSpan
                  (Data.Text.unpackCStringLen#
                     "test/PersistentTestModels.hs"# (ghc-prim:GHC.Types.I# 28#))
                  129 24 132 5))
            {persistent-2.17.1.0-c22d16c4b9cbf19fd9770839449a580b26760e764f59489ca2b0b6000691b229:Database.Persist.Types.Base.entityFields = [FieldDef
                                                                                                                                                {fieldHaskell = FieldNameHS
                                                                                                                                                                  (Data.Text.unpackCStringLen#
                                                                                                                                                                     "unprefixedLeft"#
                                                                                                                                                                     (ghc-prim:GHC.Types.I#
                                                                                                                                                                        14#)),
                                                                                                                                                 fieldDB = FieldNameDB
                                                                                                                                                             (Data.Text.unpackCStringLen#
                                                                                                                                                                "unprefixed_left"#
                                                                                                                                                                (ghc-prim:GHC.Types.I#
                                                                                                                                                                   15#)),
                                                                                                                                                 fieldType = FTTypeCon
                                                                                                                                                               Nothing
                                                                                                                                                               (Data.Text.unpackCStringLen#
                                                                                                                                                                  "Int"#
                                                                                                                                                                  (ghc-prim:GHC.Types.I#
                                                                                                                                                                     3#)),
                                                                                                                                                 fieldSqlType = sqlType
                                                                                                                                                                  (Proxy ::
                                                                                                                                                                     Proxy Int),
                                                                                                                                                 fieldAttrs = [],
                                                                                                                                                 fieldStrict = True,
                                                                                                                                                 fieldReference = NoReference,
                                                                                                                                                 fieldCascade = FieldCascade
                                                                                                                                                                  Nothing
                                                                                                                                                                  Nothing,
                                                                                                                                                 fieldComments = Nothing,
                                                                                                                                                 fieldGenerated = Nothing,
                                                                                                                                                 fieldIsImplicitIdColumn = False},
                                                                                                                                              FieldDef
                                                                                                                                                {fieldHaskell = FieldNameHS
                                                                                                                                                                  (Data.Text.unpackCStringLen#
                                                                                                                                                                     "unprefixedRight"#
                                                                                                                                                                     (ghc-prim:GHC.Types.I#
                                                                                                                                                                        15#)),
                                                                                                                                                 fieldDB = FieldNameDB
                                                                                                                                                             (Data.Text.unpackCStringLen#
                                                                                                                                                                "unprefixed_right"#
                                                                                                                                                                (ghc-prim:GHC.Types.I#
                                                                                                                                                                   16#)),
                                                                                                                                                 fieldType = FTTypeCon
                                                                                                                                                               Nothing
                                                                                                                                                               (Data.Text.unpackCStringLen#
                                                                                                                                                                  "String"#
                                                                                                                                                                  (ghc-prim:GHC.Types.I#
                                                                                                                                                                     6#)),
                                                                                                                                                 fieldSqlType = sqlType
                                                                                                                                                                  (Proxy ::
                                                                                                                                                                     Proxy String),
                                                                                                                                                 fieldAttrs = [],
                                                                                                                                                 fieldStrict = True,
                                                                                                                                                 fieldReference = NoReference,
                                                                                                                                                 fieldCascade = FieldCascade
                                                                                                                                                                  Nothing
                                                                                                                                                                  Nothing,
                                                                                                                                                 fieldComments = Nothing,
                                                                                                                                                 fieldGenerated = Nothing,
                                                                                                                                                 fieldIsImplicitIdColumn = False}],
             persistent-2.17.1.0-c22d16c4b9cbf19fd9770839449a580b26760e764f59489ca2b0b6000691b229:Database.Persist.Types.Base.entityId = EntityIdField
                                                                                                                                           (FieldDef
                                                                                                                                              (FieldNameHS
                                                                                                                                                 (Data.Text.unpackCStringLen#
                                                                                                                                                    "Id"#
                                                                                                                                                    (ghc-prim:GHC.Types.I#
                                                                                                                                                       2#)))
                                                                                                                                              (FieldNameDB
                                                                                                                                                 (Data.Text.unpackCStringLen#
                                                                                                                                                    "id"#
                                                                                                                                                    (ghc-prim:GHC.Types.I#
                                                                                                                                                       2#)))
                                                                                                                                              (FTTypeCon
                                                                                                                                                 Nothing
                                                                                                                                                 (Data.Text.unpackCStringLen#
                                                                                                                                                    "NoPrefixSumId"#
                                                                                                                                                    (ghc-prim:GHC.Types.I#
                                                                                                                                                       13#)))
                                                                                                                                              SqlInt64
                                                                                                                                              []
                                                                                                                                              True
                                                                                                                                              NoReference
                                                                                                                                              (FieldCascade
                                                                                                                                                 Nothing
                                                                                                                                                 Nothing)
                                                                                                                                              Nothing
                                                                                                                                              Nothing
                                                                                                                                              True),
             persistent-2.17.1.0-c22d16c4b9cbf19fd9770839449a580b26760e764f59489ca2b0b6000691b229:Database.Persist.Types.Base.entityForeigns = []}
      toPersistFields (UnprefixedLeftSum x_aulk)
        = [toPersistValue x_aulk, PersistNull]
      toPersistFields (UnprefixedRightSum x_aull)
        = [PersistNull, toPersistValue x_aull]
      fromPersistValues [x_aulm, PersistNull]
        | Database.Persist.TH.Internal.isNotNull x_aulm
        = (UnprefixedLeftSum `fmap` fromPersistValue x_aulm)
      fromPersistValues [PersistNull, x_auln]
        | Database.Persist.TH.Internal.isNotNull x_auln
        = (UnprefixedRightSum `fmap` fromPersistValue x_auln)
      fromPersistValues _
        = Left
            ("Invalid fromPersistValues input: sum type with all nulls. Entity: "
               `mappend`
                 Data.Text.unpackCStringLen#
                   "NoPrefixSum"# (ghc-prim:GHC.Types.I# 11#))
      persistUniqueToFieldNames _
        = error "Degenerate case, should never happen"
      persistUniqueToValues _
        = error "Degenerate case, should never happen"
      persistUniqueKeys _ = []
      persistFieldDef NoPrefixSumId
        = Database.Persist.TH.Internal.stripIdFieldImpl
            (EntityIdField
               (FieldDef
                  (FieldNameHS
                     (Data.Text.unpackCStringLen# "Id"# (ghc-prim:GHC.Types.I# 2#)))
                  (FieldNameDB
                     (Data.Text.unpackCStringLen# "id"# (ghc-prim:GHC.Types.I# 2#)))
                  (FTTypeCon
                     Nothing
                     (Data.Text.unpackCStringLen#
                        "NoPrefixSumId"# (ghc-prim:GHC.Types.I# 13#)))
                  SqlInt64 [] True NoReference (FieldCascade Nothing Nothing) Nothing
                  Nothing True))
      persistFieldDef UnprefixedLeft
        = Database.Persist.TH.Internal.lookupEntityField
            (Proxy :: Proxy NoPrefixSum)
            (FieldNameHS
               (Data.Text.unpackCStringLen#
                  "unprefixedLeft"# (ghc-prim:GHC.Types.I# 14#)))
      persistFieldDef UnprefixedRight
        = Database.Persist.TH.Internal.lookupEntityField
            (Proxy :: Proxy NoPrefixSum)
            (FieldNameHS
               (Data.Text.unpackCStringLen#
                  "unprefixedRight"# (ghc-prim:GHC.Types.I# 15#)))
      persistIdField = NoPrefixSumId
      fieldLens NoPrefixSumId
        = Database.Persist.TH.Internal.lensPTH
            entityKey
            (\ (Entity _ value_aulp) key_aulq -> Entity key_aulq value_aulp)
      fieldLens UnprefixedLeft
        = Database.Persist.TH.Internal.lensPTH
            (\ (Entity _ value_auls)
               -> case value_auls of
                    UnprefixedLeftSum x_ault -> x_ault
                    _ -> error "Tried to use fieldLens on a Sum type")
            (\ (Entity key_aulr _) x_ault
               -> Entity key_aulr (UnprefixedLeftSum x_ault))
      fieldLens UnprefixedRight
        = Database.Persist.TH.Internal.lensPTH
            (\ (Entity _ value_auls)
               -> case value_auls of
                    UnprefixedRightSum x_ault -> x_ault
                    _ -> error "Tried to use fieldLens on a Sum type")
            (\ (Entity key_aulr _) x_ault
               -> Entity key_aulr (UnprefixedRightSum x_ault))
    deriving stock instance Show (BackendKey backend) =>
                            Show (Key (NoPrefixSumGeneric backend))
    deriving stock instance Read (BackendKey backend) =>
                            Read (Key (NoPrefixSumGeneric backend))
    deriving newtype instance Eq (BackendKey backend) =>
                              Eq (Key (NoPrefixSumGeneric backend))
    deriving newtype instance Ord (BackendKey backend) =>
                              Ord (Key (NoPrefixSumGeneric backend))
    deriving newtype instance http-api-data-0.6.2-ad6e7e357125ac86bbf7b8bd52a9c174d0ff335d24e5b6ec37ede24c36c32ba4:Web.Internal.HttpApiData.ToHttpApiData (BackendKey backend) =>
                              http-api-data-0.6.2-ad6e7e357125ac86bbf7b8bd52a9c174d0ff335d24e5b6ec37ede24c36c32ba4:Web.Internal.HttpApiData.ToHttpApiData (Key (NoPrefixSumGeneric backend))
    deriving newtype instance http-api-data-0.6.2-ad6e7e357125ac86bbf7b8bd52a9c174d0ff335d24e5b6ec37ede24c36c32ba4:Web.Internal.HttpApiData.FromHttpApiData (BackendKey backend) =>
                              http-api-data-0.6.2-ad6e7e357125ac86bbf7b8bd52a9c174d0ff335d24e5b6ec37ede24c36c32ba4:Web.Internal.HttpApiData.FromHttpApiData (Key (NoPrefixSumGeneric backend))
    deriving newtype instance path-pieces-0.2.1-0cbcd43ab620cff66080c4dbbe25b5faf7aeb7d6ad7dda7fb20e5a2d48febdaf:Web.PathPieces.PathPiece (BackendKey backend) =>
                              path-pieces-0.2.1-0cbcd43ab620cff66080c4dbbe25b5faf7aeb7d6ad7dda7fb20e5a2d48febdaf:Web.PathPieces.PathPiece (Key (NoPrefixSumGeneric backend))
    deriving newtype instance PersistField (BackendKey backend) =>
                              PersistField (Key (NoPrefixSumGeneric backend))
    deriving newtype instance PersistFieldSql (BackendKey backend) =>
                              PersistFieldSql (Key (NoPrefixSumGeneric backend))
    deriving newtype instance ToJSON (BackendKey backend) =>
                              ToJSON (Key (NoPrefixSumGeneric backend))
    deriving newtype instance FromJSON (BackendKey backend) =>
                              FromJSON (Key (NoPrefixSumGeneric backend))
    instance PersistStore backend =>
             ToBackendKey backend (NoPrefixSumGeneric backend) where
      toBackendKey = \ NoPrefixSumKey {unNoPrefixSumKey = x} -> x
      fromBackendKey = NoPrefixSumKey
    instance (ghc-internal:GHC.Internal.TypeError.TypeError (NoUniqueKeysError (NoPrefix1Generic backend)),
              PersistStoreWrite backend) =>
             OnlyOneUniqueKey (NoPrefix1Generic backend) where
      onlyUniqueP _ = error "impossible"
    instance (ghc-internal:GHC.Internal.TypeError.TypeError (NoUniqueKeysError (NoPrefix1Generic backend)),
              PersistStoreWrite backend) =>
             AtLeastOneUniqueKey (NoPrefix1Generic backend) where
      requireUniquesP _ = error "impossible"
    instance (ghc-internal:GHC.Internal.TypeError.TypeError (NoUniqueKeysError (NoPrefix2Generic backend)),
              PersistStoreWrite backend) =>
             OnlyOneUniqueKey (NoPrefix2Generic backend) where
      onlyUniqueP _ = error "impossible"
    instance (ghc-internal:GHC.Internal.TypeError.TypeError (NoUniqueKeysError (NoPrefix2Generic backend)),
              PersistStoreWrite backend) =>
             AtLeastOneUniqueKey (NoPrefix2Generic backend) where
      requireUniquesP _ = error "impossible"
    instance (ghc-internal:GHC.Internal.TypeError.TypeError (NoUniqueKeysError (NoPrefixSumGeneric backend)),
              PersistStoreWrite backend) =>
             OnlyOneUniqueKey (NoPrefixSumGeneric backend) where
      onlyUniqueP _ = error "impossible"
    instance (ghc-internal:GHC.Internal.TypeError.TypeError (NoUniqueKeysError (NoPrefixSumGeneric backend)),
              PersistStoreWrite backend) =>
             AtLeastOneUniqueKey (NoPrefixSumGeneric backend) where
      requireUniquesP _ = error "impossible"
    instance SymbolToField "id" (NoPrefix1Generic backend) (Key (NoPrefix1Generic backend)) where
      symbolToField = NoPrefix1Id
    instance SymbolToField "someFieldName" (NoPrefix1Generic backend) Int where
      symbolToField = SomeFieldName
    instance SymbolToField "id" (NoPrefix2Generic backend) (Key (NoPrefix2Generic backend)) where
      symbolToField = NoPrefix2Id
    instance SymbolToField "someOtherFieldName" (NoPrefix2Generic backend) Int where
      symbolToField = SomeOtherFieldName
    instance SymbolToField "unprefixedRef" (NoPrefix2Generic backend) (Key (NoPrefix1Generic backend)) where
      symbolToField = UnprefixedRef
    instance SymbolToField "id" (NoPrefixSumGeneric backend) (Key (NoPrefixSumGeneric backend)) where
      symbolToField = NoPrefixSumId
    instance SymbolToField "unprefixedLeft" (NoPrefixSumGeneric backend) Int where
      symbolToField = UnprefixedLeft
    instance SymbolToField "unprefixedRight" (NoPrefixSumGeneric backend) String where
      symbolToField = UnprefixedRight
    instance PersistStoreWrite backend =>
             SafeToInsert (NoPrefix1Generic backend)
    instance PersistStoreWrite backend =>
             SafeToInsert (NoPrefix2Generic backend)
    instance PersistStoreWrite backend =>
             SafeToInsert (NoPrefixSumGeneric backend)
    entityDefListFornoPrefixMigrate :: [EntityDef]
    entityDefListFornoPrefixMigrate
      = [entityDef (Proxy :: Proxy NoPrefix1),
         entityDef (Proxy :: Proxy NoPrefix2),
         entityDef (Proxy :: Proxy NoPrefixSum)]
    noPrefixMigrate :: Migration
    noPrefixMigrate = migrateModels entityDefListFornoPrefixMigrate
test/PersistentTestModels.hs:23:1: warning: [GHC-66111] [-Wunused-imports]
    The import of ‘Data.Foldable’ is redundant
      except perhaps to import instances from ‘Data.Foldable’
    To import instances alone, use: import Data.Foldable()
   |
23 | import Data.Foldable (toList)
   | ^^^^^^^^^^^^^^^^^^^^^^^^^^^^^

test/PersistentTestModels.hs:30:1: warning: [GHC-58520] [-Wtype-equality-requires-operators]
    The use of ‘~’ without TypeOperators
    will become an error in a future GHC release.
    Suggested fix: Perhaps you intended to use TypeOperators
   |
30 | share
   | ^^^^^...

test/PersistentTestModels.hs:30:1: warning: [GHC-58520] [-Wtype-equality-requires-operators]
    The use of ‘~’ without TypeOperators
    will become an error in a future GHC release.
    Suggested fix: Perhaps you intended to use TypeOperators
   |
30 | share
   | ^^^^^...

test/PersistentTestModels.hs:30:1: warning: [GHC-58520] [-Wtype-equality-requires-operators]
    The use of ‘~’ without TypeOperators
    will become an error in a future GHC release.
    Suggested fix: Perhaps you intended to use TypeOperators
   |
30 | share
   | ^^^^^...

test/PersistentTestModels.hs:30:1: warning: [GHC-58520] [-Wtype-equality-requires-operators]
    The use of ‘~’ without TypeOperators
    will become an error in a future GHC release.
    Suggested fix: Perhaps you intended to use TypeOperators
   |
30 | share
   | ^^^^^...

test/PersistentTestModels.hs:30:1: warning: [GHC-58520] [-Wtype-equality-requires-operators]
    The use of ‘~’ without TypeOperators
    will become an error in a future GHC release.
    Suggested fix: Perhaps you intended to use TypeOperators
   |
30 | share
   | ^^^^^...

test/PersistentTestModels.hs:30:1: warning: [GHC-58520] [-Wtype-equality-requires-operators]
    The use of ‘~’ without TypeOperators
    will become an error in a future GHC release.
    Suggested fix: Perhaps you intended to use TypeOperators
   |
30 | share
   | ^^^^^...

test/PersistentTestModels.hs:30:1: warning: [GHC-58520] [-Wtype-equality-requires-operators]
    The use of ‘~’ without TypeOperators
    will become an error in a future GHC release.
    Suggested fix: Perhaps you intended to use TypeOperators
   |
30 | share
   | ^^^^^...

test/PersistentTestModels.hs:30:1: warning: [GHC-58520] [-Wtype-equality-requires-operators]
    The use of ‘~’ without TypeOperators
    will become an error in a future GHC release.
    Suggested fix: Perhaps you intended to use TypeOperators
   |
30 | share
   | ^^^^^...

test/PersistentTestModels.hs:30:1: warning: [GHC-58520] [-Wtype-equality-requires-operators]
    The use of ‘~’ without TypeOperators
    will become an error in a future GHC release.
    Suggested fix: Perhaps you intended to use TypeOperators
   |
30 | share
   | ^^^^^...

test/PersistentTestModels.hs:30:1: warning: [GHC-58520] [-Wtype-equality-requires-operators]
    The use of ‘~’ without TypeOperators
    will become an error in a future GHC release.
    Suggested fix: Perhaps you intended to use TypeOperators
   |
30 | share
   | ^^^^^...

test/PersistentTestModels.hs:30:1: warning: [GHC-58520] [-Wtype-equality-requires-operators]
    The use of ‘~’ without TypeOperators
    will become an error in a future GHC release.
    Suggested fix: Perhaps you intended to use TypeOperators
   |
30 | share
   | ^^^^^...

test/PersistentTestModels.hs:30:1: warning: [GHC-58520] [-Wtype-equality-requires-operators]
    The use of ‘~’ without TypeOperators
    will become an error in a future GHC release.
    Suggested fix: Perhaps you intended to use TypeOperators
   |
30 | share
   | ^^^^^...

test/PersistentTestModels.hs:30:1: warning: [GHC-58520] [-Wtype-equality-requires-operators]
    The use of ‘~’ without TypeOperators
    will become an error in a future GHC release.
    Suggested fix: Perhaps you intended to use TypeOperators
   |
30 | share
   | ^^^^^...

test/PersistentTestModels.hs:30:1: warning: [GHC-58520] [-Wtype-equality-requires-operators]
    The use of ‘~’ without TypeOperators
    will become an error in a future GHC release.
    Suggested fix: Perhaps you intended to use TypeOperators
   |
30 | share
   | ^^^^^...

test/PersistentTestModels.hs:30:1: warning: [GHC-58520] [-Wtype-equality-requires-operators]
    The use of ‘~’ without TypeOperators
    will become an error in a future GHC release.
    Suggested fix: Perhaps you intended to use TypeOperators
   |
30 | share
   | ^^^^^...

test/PersistentTestModels.hs:30:1: warning: [GHC-58520] [-Wtype-equality-requires-operators]
    The use of ‘~’ without TypeOperators
    will become an error in a future GHC release.
    Suggested fix: Perhaps you intended to use TypeOperators
   |
30 | share
   | ^^^^^...

test/PersistentTestModels.hs:30:1: warning: [GHC-58520] [-Wtype-equality-requires-operators]
    The use of ‘~’ without TypeOperators
    will become an error in a future GHC release.
    Suggested fix: Perhaps you intended to use TypeOperators
   |
30 | share
   | ^^^^^...

test/PersistentTestModels.hs:30:1: warning: [GHC-58520] [-Wtype-equality-requires-operators]
    The use of ‘~’ without TypeOperators
    will become an error in a future GHC release.
    Suggested fix: Perhaps you intended to use TypeOperators
   |
30 | share
   | ^^^^^...

test/PersistentTestModels.hs:30:1: warning: [GHC-58520] [-Wtype-equality-requires-operators]
    The use of ‘~’ without TypeOperators
    will become an error in a future GHC release.
    Suggested fix: Perhaps you intended to use TypeOperators
   |
30 | share
   | ^^^^^...

test/PersistentTestModels.hs:30:1: warning: [GHC-58520] [-Wtype-equality-requires-operators]
    The use of ‘~’ without TypeOperators
    will become an error in a future GHC release.
    Suggested fix: Perhaps you intended to use TypeOperators
   |
30 | share
   | ^^^^^...

test/PersistentTestModels.hs:30:1: warning: [GHC-58520] [-Wtype-equality-requires-operators]
    The use of ‘~’ without TypeOperators
    will become an error in a future GHC release.
    Suggested fix: Perhaps you intended to use TypeOperators
   |
30 | share
   | ^^^^^...

test/PersistentTestModels.hs:30:1: warning: [GHC-58520] [-Wtype-equality-requires-operators]
    The use of ‘~’ without TypeOperators
    will become an error in a future GHC release.
    Suggested fix: Perhaps you intended to use TypeOperators
   |
30 | share
   | ^^^^^...

test/PersistentTestModels.hs:30:1: warning: [GHC-58520] [-Wtype-equality-requires-operators]
    The use of ‘~’ without TypeOperators
    will become an error in a future GHC release.
    Suggested fix: Perhaps you intended to use TypeOperators
   |
30 | share
   | ^^^^^...

test/PersistentTestModels.hs:30:1: warning: [GHC-58520] [-Wtype-equality-requires-operators]
    The use of ‘~’ without TypeOperators
    will become an error in a future GHC release.
    Suggested fix: Perhaps you intended to use TypeOperators
   |
30 | share
   | ^^^^^...

test/PersistentTestModels.hs:30:1: warning: [GHC-58520] [-Wtype-equality-requires-operators]
    The use of ‘~’ without TypeOperators
    will become an error in a future GHC release.
    Suggested fix: Perhaps you intended to use TypeOperators
   |
30 | share
   | ^^^^^...

test/PersistentTestModels.hs:30:1: warning: [GHC-58520] [-Wtype-equality-requires-operators]
    The use of ‘~’ without TypeOperators
    will become an error in a future GHC release.
    Suggested fix: Perhaps you intended to use TypeOperators
   |
30 | share
   | ^^^^^...

test/PersistentTestModels.hs:30:1: warning: [GHC-58520] [-Wtype-equality-requires-operators]
    The use of ‘~’ without TypeOperators
    will become an error in a future GHC release.
    Suggested fix: Perhaps you intended to use TypeOperators
   |
30 | share
   | ^^^^^...

test/PersistentTestModels.hs:30:1: warning: [GHC-58520] [-Wtype-equality-requires-operators]
    The use of ‘~’ without TypeOperators
    will become an error in a future GHC release.
    Suggested fix: Perhaps you intended to use TypeOperators
   |
30 | share
   | ^^^^^...

test/PersistentTestModels.hs:30:1: warning: [GHC-58520] [-Wtype-equality-requires-operators]
    The use of ‘~’ without TypeOperators
    will become an error in a future GHC release.
    Suggested fix: Perhaps you intended to use TypeOperators
   |
30 | share
   | ^^^^^...

test/PersistentTestModels.hs:30:1: warning: [GHC-58520] [-Wtype-equality-requires-operators]
    The use of ‘~’ without TypeOperators
    will become an error in a future GHC release.
    Suggested fix: Perhaps you intended to use TypeOperators
   |
30 | share
   | ^^^^^...

test/PersistentTestModels.hs:30:1: warning: [GHC-58520] [-Wtype-equality-requires-operators]
    The use of ‘~’ without TypeOperators
    will become an error in a future GHC release.
    Suggested fix: Perhaps you intended to use TypeOperators
   |
30 | share
   | ^^^^^...

test/PersistentTestModels.hs:30:1: warning: [GHC-58520] [-Wtype-equality-requires-operators]
    The use of ‘~’ without TypeOperators
    will become an error in a future GHC release.
    Suggested fix: Perhaps you intended to use TypeOperators
   |
30 | share
   | ^^^^^...

test/PersistentTestModels.hs:30:1: warning: [GHC-58520] [-Wtype-equality-requires-operators]
    The use of ‘~’ without TypeOperators
    will become an error in a future GHC release.
    Suggested fix: Perhaps you intended to use TypeOperators
   |
30 | share
   | ^^^^^...

test/PersistentTestModels.hs:30:1: warning: [GHC-58520] [-Wtype-equality-requires-operators]
    The use of ‘~’ without TypeOperators
    will become an error in a future GHC release.
    Suggested fix: Perhaps you intended to use TypeOperators
   |
30 | share
   | ^^^^^...

test/PersistentTestModels.hs:30:1: warning: [GHC-58520] [-Wtype-equality-requires-operators]
    The use of ‘~’ without TypeOperators
    will become an error in a future GHC release.
    Suggested fix: Perhaps you intended to use TypeOperators
   |
30 | share
   | ^^^^^...

test/PersistentTestModels.hs:30:1: warning: [GHC-58520] [-Wtype-equality-requires-operators]
    The use of ‘~’ without TypeOperators
    will become an error in a future GHC release.
    Suggested fix: Perhaps you intended to use TypeOperators
   |
30 | share
   | ^^^^^...

test/PersistentTestModels.hs:30:1: warning: [GHC-58520] [-Wtype-equality-requires-operators]
    The use of ‘~’ without TypeOperators
    will become an error in a future GHC release.
    Suggested fix: Perhaps you intended to use TypeOperators
   |
30 | share
   | ^^^^^...

test/PersistentTestModels.hs:30:1: warning: [GHC-58520] [-Wtype-equality-requires-operators]
    The use of ‘~’ without TypeOperators
    will become an error in a future GHC release.
    Suggested fix: Perhaps you intended to use TypeOperators
   |
30 | share
   | ^^^^^...

test/PersistentTestModels.hs:30:1: warning: [GHC-58520] [-Wtype-equality-requires-operators]
    The use of ‘~’ without TypeOperators
    will become an error in a future GHC release.
    Suggested fix: Perhaps you intended to use TypeOperators
   |
30 | share
   | ^^^^^...

test/PersistentTestModels.hs:30:1: warning: [GHC-58520] [-Wtype-equality-requires-operators]
    The use of ‘~’ without TypeOperators
    will become an error in a future GHC release.
    Suggested fix: Perhaps you intended to use TypeOperators
   |
30 | share
   | ^^^^^...

test/PersistentTestModels.hs:30:1: warning: [GHC-58520] [-Wtype-equality-requires-operators]
    The use of ‘~’ without TypeOperators
    will become an error in a future GHC release.
    Suggested fix: Perhaps you intended to use TypeOperators
   |
30 | share
   | ^^^^^...

test/PersistentTestModels.hs:30:1: warning: [GHC-58520] [-Wtype-equality-requires-operators]
    The use of ‘~’ without TypeOperators
    will become an error in a future GHC release.
    Suggested fix: Perhaps you intended to use TypeOperators
   |
30 | share
   | ^^^^^...

test/PersistentTestModels.hs:30:1: warning: [GHC-58520] [-Wtype-equality-requires-operators]
    The use of ‘~’ without TypeOperators
    will become an error in a future GHC release.
    Suggested fix: Perhaps you intended to use TypeOperators
   |
30 | share
   | ^^^^^...

test/PersistentTestModels.hs:30:1: warning: [GHC-58520] [-Wtype-equality-requires-operators]
    The use of ‘~’ without TypeOperators
    will become an error in a future GHC release.
    Suggested fix: Perhaps you intended to use TypeOperators
   |
30 | share
   | ^^^^^...

test/PersistentTestModels.hs:30:1: warning: [GHC-58520] [-Wtype-equality-requires-operators]
    The use of ‘~’ without TypeOperators
    will become an error in a future GHC release.
    Suggested fix: Perhaps you intended to use TypeOperators
   |
30 | share
   | ^^^^^...

test/PersistentTestModels.hs:30:1: warning: [GHC-58520] [-Wtype-equality-requires-operators]
    The use of ‘~’ without TypeOperators
    will become an error in a future GHC release.
    Suggested fix: Perhaps you intended to use TypeOperators
   |
30 | share
   | ^^^^^...

test/PersistentTestModels.hs:30:1: warning: [GHC-58520] [-Wtype-equality-requires-operators]
    The use of ‘~’ without TypeOperators
    will become an error in a future GHC release.
    Suggested fix: Perhaps you intended to use TypeOperators
   |
30 | share
   | ^^^^^...

test/PersistentTestModels.hs:31:29: warning: [GHC-68441] [-Wdeprecations]
    In the use of record field of MkPersistSettings ‘mpsGeneric’
    (imported from Database.Persist.TH, but defined in Database.Persist.TH.Internal):
    Deprecated: "The mpsGeneric function adds a considerable amount of overhead and complexity to the library without bringing significant benefit. We would like to remove it. If you require this feature, please comment on the linked GitHub issue, and we'll either keep it around, or we can figure out a nicer way to solve your problem.

 Github: https://github.com/yesodweb/persistent/issues/1204"
   |
31 |     [ mkPersist sqlSettings{mpsGeneric = True}
   |                             ^^^^^^^^^^

test/PersistentTestModels.hs:118:1: warning: [GHC-39584]
    persistent has deprecated sum type entities as of 2.14.0.0.
We will delete support for these entities in 2.15.0.0.
If you need these, please add a comment on this GitHub issue:

    https://github.com/yesodweb/persistent/issues/987

    |
118 | share
    | ^^^^^...

test/PersistentTestModels.hs:118:1: warning: [GHC-58520] [-Wtype-equality-requires-operators]
    The use of ‘~’ without TypeOperators
    will become an error in a future GHC release.
    Suggested fix: Perhaps you intended to use TypeOperators
    |
118 | share
    | ^^^^^...

test/PersistentTestModels.hs:118:1: warning: [GHC-58520] [-Wtype-equality-requires-operators]
    The use of ‘~’ without TypeOperators
    will become an error in a future GHC release.
    Suggested fix: Perhaps you intended to use TypeOperators
    |
118 | share
    | ^^^^^...

test/PersistentTestModels.hs:118:1: warning: [GHC-58520] [-Wtype-equality-requires-operators]
    The use of ‘~’ without TypeOperators
    will become an error in a future GHC release.
    Suggested fix: Perhaps you intended to use TypeOperators
    |
118 | share
    | ^^^^^...

test/PersistentTestModels.hs:118:1: warning: [GHC-58520] [-Wtype-equality-requires-operators]
    The use of ‘~’ without TypeOperators
    will become an error in a future GHC release.
    Suggested fix: Perhaps you intended to use TypeOperators
    |
118 | share
    | ^^^^^...

test/PersistentTestModels.hs:118:1: warning: [GHC-58520] [-Wtype-equality-requires-operators]
    The use of ‘~’ without TypeOperators
    will become an error in a future GHC release.
    Suggested fix: Perhaps you intended to use TypeOperators
    |
118 | share
    | ^^^^^...

test/PersistentTestModels.hs:118:1: warning: [GHC-58520] [-Wtype-equality-requires-operators]
    The use of ‘~’ without TypeOperators
    will become an error in a future GHC release.
    Suggested fix: Perhaps you intended to use TypeOperators
    |
118 | share
    | ^^^^^...

test/PersistentTestModels.hs:118:1: warning: [GHC-58520] [-Wtype-equality-requires-operators]
    The use of ‘~’ without TypeOperators
    will become an error in a future GHC release.
    Suggested fix: Perhaps you intended to use TypeOperators
    |
118 | share
    | ^^^^^...

test/PersistentTestModels.hs:118:1: warning: [GHC-58520] [-Wtype-equality-requires-operators]
    The use of ‘~’ without TypeOperators
    will become an error in a future GHC release.
    Suggested fix: Perhaps you intended to use TypeOperators
    |
118 | share
    | ^^^^^...

test/PersistentTestModels.hs:118:1: warning: [GHC-40910] [-Wunused-matches]
    Defined but not used: ‘fromField’
    |
118 | share
    | ^^^^^...

test/PersistentTestModels.hs:118:1: warning: [GHC-40910] [-Wunused-matches]
    Defined but not used: ‘fromField’
    |
118 | share
    | ^^^^^...

test/PersistentTestModels.hs:119:54: warning: [GHC-68441] [-Wdeprecations]
    In the use of record field of MkPersistSettings ‘mpsGeneric’
    (imported from Database.Persist.TH, but defined in Database.Persist.TH.Internal):
    Deprecated: "The mpsGeneric function adds a considerable amount of overhead and complexity to the library without bringing significant benefit. We would like to remove it. If you require this feature, please comment on the linked GitHub issue, and we'll either keep it around, or we can figure out a nicer way to solve your problem.

 Github: https://github.com/yesodweb/persistent/issues/1204"
    |
119 |     [ mkPersist sqlSettings{mpsPrefixFields = False, mpsGeneric = True}
    |                                                      ^^^^^^^^^^

test/PersistentTestModels.hs:148:10: warning: [GHC-06201] [-Wmissing-methods]
    • No explicit implementation for
        ‘tabulateEntityA’ and ‘tabulateEntityApply’
    • In the instance declaration for
        ‘PersistEntity (ReverseFieldOrder a)’
    |
148 | instance (PersistEntity a) => PersistEntity (ReverseFieldOrder a) where
    |          ^^^^^^^^^^^^^^^^^^^^^^^^^^^^^^^^^^^^^^^^^^^^^^^^^^^^^^^^

test/PersistentTestModels.hs:153:54: warning: [GHC-63394] [-Wx-partial]
    In the use of ‘head’
    (imported from Prelude, but defined in GHC.Internal.List):
    "This is a partial function, it throws an error on empty lists. Use pattern matching, 'Data.List.uncons' or 'Data.Maybe.listToMaybe' instead. Consider refactoring to use "Data.List.NonEmpty"."
    |
153 |     keyFromValues = fmap RFOKey . fromPersistValue . head
    |                                                      ^^^^

test/PersistentTestModels.hs:173:15: warning: [GHC-40910] [-Wunused-matches]
    Defined but not used: ‘x’
    |
173 |     fieldLens x = error "ReverseFieldOrder.fieldLens"
    |               ^

[4 of 5] Compiling CodeGenTest
[5 of 5] Compiling Main
test/Spec.hs:62:43: warning: [GHC-58520] [-Wtype-equality-requires-operators]
    The use of ‘~’ without TypeOperators
    will become an error in a future GHC release.
    Suggested fix: Perhaps you intended to use TypeOperators
   |
62 |               => PersistEntityBackend val ~ BaseBackend backend
   |                                           ^

test/Spec.hs:119:91: warning: [GHC-58520] [-Wtype-equality-requires-operators]
    The use of ‘~’ without TypeOperators
    will become an error in a future GHC release.
    Suggested fix: Perhaps you intended to use TypeOperators
    |
119 |         let insert' :: (PersistStore backend, PersistEntity val, PersistEntityBackend val ~ BaseBackend backend, MonadIO m, SafeToInsert val)
    |                                                                                           ^

test/Spec.hs:138:91: warning: [GHC-58520] [-Wtype-equality-requires-operators]
    The use of ‘~’ without TypeOperators
    will become an error in a future GHC release.
    Suggested fix: Perhaps you intended to use TypeOperators
    |
138 |         let insert' :: (PersistStore backend, PersistEntity val, PersistEntityBackend val ~ BaseBackend backend, MonadIO m, SafeToInsert val)
    |                                                                                           ^

[6 of 6] Linking dist-newstyle/build/x86_64-linux/ghc-9.10.2/persistent-qq-2.12.0.7/t/specs/build/specs/specs
